citing_doi,ref_doi,ref_key,ref_author,ref_year,ref_title,ref_journal,raw
10.1002/adem.200900284,10.1002/adem.200300355,e_1_2_1_1_2,,,,,
10.1002/adem.200900284,,e_1_2_1_2_2,Nicholas E. D.,1998,,Int. J. Mater. Production Technol.,
10.1002/adem.200900284,10.1016/j.matdes.2009.02.021,e_1_2_1_3_2,,,,,
10.1002/adem.200900284,10.1007/s11661-001-1025-6,e_1_2_1_4_2,,,,,
10.1002/adem.200900284,10.1016/j.scriptamat.2006.11.028,e_1_2_1_5_2,,,,,
10.1002/adem.200900284,10.1007/s11661-006-1054-2,e_1_2_1_6_2,,,,,
10.1002/adem.200900284,10.1016/0001-6160(87)90295-1,e_1_2_1_7_2,,,,,
10.1002/adem.200900284,10.1016/0036-9748(86)90184-5,e_1_2_1_8_2,,,,,
10.1002/adem.200900284,,e_1_2_1_9_2,Sanders T. H.,1981,,,
10.1002/adem.200900284,,e_1_2_1_10_2,Sanders T. H.,1984,,,
10.1002/adem.200900284,,e_1_2_1_11_2,Baker C.,1986,,,
10.1002/adem.200900284,10.1016/0036-9748(84)90424-1,e_1_2_1_12_2,,,,,
10.1002/adem.200900284,10.1016/S1359-6462(00)00480-2,e_1_2_1_13_2,,,,,
10.1002/adem.200900284,10.1007/BF00542807,e_1_2_1_14_2,,,,,
10.1002/adem.200900284,10.1016/S0921-5093(00)00933-3,e_1_2_1_15_2,,,,,
10.1002/adem.200900284,10.4028/www.scientific.net/MSF.217-222.31,e_1_2_1_16_2,,,,,
10.1002/adem.200900284,10.1016/0001-6160(89)90100-4,e_1_2_1_17_2,,,,,
10.1002/adem.200900284,,e_1_2_1_18_2,Saunders N.,1989,,Z. Metallkd.,
10.1002/adem.200900284,,e_1_2_1_19_2,Polmear I. J.,1996,,,
10.1002/adem.200900284,10.1016/0169-4332(89)90975-6,e_1_2_1_20_2,,,,,
10.1002/adem.200900284,10.1016/0169-4332(91)90401-5,e_1_2_1_21_2,,,,,
10.1002/adem.200900284,10.1016/0956-716X(92)90244-9,e_1_2_1_22_2,,,,,
10.1002/adem.200900284,10.1179/174328405X27034,e_1_2_1_23_2,,,,,
10.1002/adem.201000101,,e_1_2_6_1_2,Filip P.,2000,,,
10.1002/adem.201000101,,e_1_2_6_2_2,Saburi T.,1998,,,
10.1002/adem.201000101,10.1016/S0921-5093(99)00294-4,e_1_2_6_3_2,,,,,
10.1002/adem.201000101,10.1007/978-3-642-49261-7_5,e_1_2_6_4_2,,,,,
10.1002/adem.201000101,10.1016/S0921-5093(99)00293-2,e_1_2_6_5_2,,,,,
10.1002/adem.201000101,,e_1_2_6_6_2,Poncet P.,2005,,,
10.1002/adem.201000101,10.1016/j.msea.2008.02.059,e_1_2_6_7_2,,,,,
10.1002/adem.201000101,,e_1_2_6_8_2,,,,,V.Brailovski S.Prokoshkin K.Inaekyan V.Demers ESOMAT 2009 – The 8th European Symposium on Martensitic Transformations EDP Sciences 2009 01001.01–01001.10
10.1002/adem.201000101,,e_1_2_6_9_2,,,,,E.Prokofiev D.Gunderov S.Prokoshkin R.Valiev ESOMAT 2009 – The 8th European Symposium on Martensitic Transformations EDP Sciences 2009 06028.1–06028.5.
10.1002/adem.201000101,10.1002/9783527626892,e_1_2_6_10_2,,,,,
10.1002/adem.201000101,10.4028/www.scientific.net/MSF.584-586.852,e_1_2_6_11_2,,,,,
10.1002/adem.201000101,10.1016/S0151-9107(02)80009-5,e_1_2_6_12_2,,,,,
10.1002/adem.201000101,10.2320/matertrans.ME200722,e_1_2_6_13_2,,,,,
10.1002/adem.201000101,10.4028/www.scientific.net/MSF.584-586.470,e_1_2_6_14_2,,,,,
10.1002/adem.201000101,,e_1_2_6_15_2,Prokoshkin S. D.,2006,,,
10.1002/adem.201000101,10.1016/j.pmatsci.2006.02.003,e_1_2_6_16_2,,,,,
10.1002/adem.201000101,10.1038/nmat1180,e_1_2_6_17_2,,,,,
10.1002/adem.201000101,10.1007/BF02644146,e_1_2_6_18_2,,,,,
10.1002/adem.201000101,10.1016/j.actamat.2010.02.019,e_1_2_6_19_2,,,,,
10.1002/adem.201000101,10.1002/mawe.200800271,e_1_2_6_20_2,,,,,
10.1002/adem.201000101,,e_1_2_6_21_2,Khalil‐Allafi J.,2002,,Acta Mater.,
10.1002/adem.201000101,10.1016/j.actamat.2006.03.036,e_1_2_6_22_2,,,,,
10.1002/adem.201000101,10.1016/0022-5088(86)90090-1,e_1_2_6_23_2,,,,,
10.1002/adem.201000101,10.1016/S1359-6454(99)00193-7,e_1_2_6_24_2,,,,,
10.1002/adem.201000101,10.1016/j.actamat.2009.03.017,e_1_2_6_25_2,,,,,
10.1002/adem.201000101,10.1016/S0079-6425(99)00007-9,e_1_2_6_26_2,,,,,
10.1002/adem.201000101,10.1080/09500830802186938,e_1_2_6_27_2,,,,,
10.1002/adem.201000101,10.1016/j.jallcom.2004.05.002,e_1_2_6_28_2,,,,,
10.1002/adem.201000101,10.1016/j.actamat.2006.10.006,e_1_2_6_29_2,,,,,
10.1002/adem.201000101,10.1016/j.actamat.2005.02.032,e_1_2_6_30_2,,,,,
10.1002/adem.201000101,,e_1_2_6_31_2,,,,,A. P.Hammersley ESRF internal report ESRF98HA01T: FIT2D V9.129 reference manual V3.1 Tech. rep European Synchotron Radiation Facility1998.
10.1002/adem.201000101,10.1051/jp4:2001874,e_1_2_6_32_2,,,,,
10.1002/adem.201000101,10.1080/0141861021000034531,e_1_2_6_33_2,,,,,
10.1002/adem.201000101,10.1016/j.msea.2003.10.335,e_1_2_6_34_2,,,,,
10.1002/adem.201000101,10.2320/matertrans1960.27.731,e_1_2_6_35_2,,,,,
10.1002/adem.201000101,10.2355/isijinternational.29.353,e_1_2_6_36_2,,,,,
10.1002/adem.201000101,10.1016/j.scriptamat.2005.03.006,e_1_2_6_37_2,,,,,
10.1002/adem.201000101,10.1016/S1359-6454(01)00385-8,e_1_2_6_38_2,,,,,
10.1002/adem.201000101,10.1016/j.scriptamat.2008.05.004,e_1_2_6_39_2,,,,,
10.1002/adem.201000101,10.1016/j.actamat.2004.10.049,e_1_2_6_40_2,,,,,
10.1002/adem.201000101,10.1007/s10853-006-0750-z,e_1_2_6_41_2,,,,,
10.1002/adem.201000101,,e_1_2_6_42_2,Liddicoat P. V.,2009,,Mater. Sci. Forum,
10.1002/adem.201000101,10.3139/146.101096,e_1_2_6_43_2,,,,,
10.1002/adem.201000101,10.1016/S1359-6454(02)00315-4,e_1_2_6_44_2,,,,,
10.1002/adem.201000101,10.1016/S1359-6462(00)00543-1,e_1_2_6_45_2,,,,,
10.1002/adem.201000101,10.1016/j.actamat.2005.06.009,e_1_2_6_46_2,,,,,
10.1002/adem.201000101,10.1016/S0921-5093(00)01982-1,e_1_2_6_47_2,,,,,
10.1002/adem.201000101,10.1016/S0921-5093(02)00122-3,e_1_2_6_48_2,,,,,
10.1002/adem.201000285,10.1007/978-3-642-59768-8_3,e_1_2_6_1_2,,,,,
10.1002/adem.201000285,10.1016/j.msea.2003.10.326,e_1_2_6_2_2,,,,,
10.1002/adem.201000285,10.1557/mrs2002.44,e_1_2_6_3_2,,,,,
10.1002/adem.201000285,,e_1_2_6_4_2,Saburi T.,1998,,,
10.1002/adem.201000285,,e_1_2_6_5_2,Filip P.,2000,,,
10.1002/adem.201000285,10.1098/rsta.1992.0013,e_1_2_6_6_2,,,,,
10.1002/adem.201000285,,e_1_2_6_7_2,James R. D.,2005,,,
10.1002/adem.201000285,10.1038/nmat1593,e_1_2_6_8_2,,,,,
10.1002/adem.201000285,10.1002/adfm.200902336,e_1_2_6_9_2,Zarnetta R.,2010,,Adv. Func. Mater.,
10.1002/adem.201000285,,e_1_2_6_10_2,Wayman C. M.,1998,,JOM,
10.1002/adem.201000285,10.1016/S0966-9795(98)00070-3,e_1_2_6_11_2,,,,,
10.1002/adem.201000285,,e_1_2_6_12_2,Miyazaki S.,1990,,,
10.1002/adem.201000285,10.1016/j.actamat.2010.02.019,e_1_2_6_13_2,,,,,
10.1002/adem.201000285,,e_1_2_6_14_2,Khalil‐Allafi J.,1999,,Mater. Sci. Eng. A,
10.1002/adem.201000285,10.1016/S1359-6454(99)00193-7,e_1_2_6_15_2,,,,,
10.1002/adem.201000285,10.1002/mawe.200800271,e_1_2_6_16_2,,,,,
10.1002/adem.201000285,10.1016/S0921-5093(99)00293-2,e_1_2_6_17_2,,,,,
10.1002/adem.201000285,,e_1_2_6_18_2,,,,,B.Maaß J. A.Burow J.Frenzel G.Eggeler inESOMAT 2009 – Proc.8thEuro. Symp. Martensitic Transform Prague Czech Republic2009.
10.1002/adem.201000285,10.4028/www.scientific.net/MSF.584-586.852,e_1_2_6_19_2,,,,,
10.1002/adem.201000285,10.1016/j.actamat.2005.02.032,e_1_2_6_20_2,,,,,
10.1002/adem.201000285,10.1016/S0151-9107(02)80009-5,e_1_2_6_21_2,,,,,
10.1002/adem.201000285,10.1016/j.msea.2007.02.157,e_1_2_6_22_2,,,,,
10.1002/adem.201000285,10.1016/j.actamat.2004.08.003,e_1_2_6_23_2,,,,,
10.1002/adem.201000285,10.1016/j.actamat.2003.08.036,e_1_2_6_24_2,,,,,
10.1002/adem.201000285,10.1016/j.msea.2007.03.122,e_1_2_6_25_2,,,,,
10.1002/adem.201000285,10.1016/j.jmps.2006.06.006,e_1_2_6_26_2,,,,,
10.1002/adem.201000285,,e_1_2_6_27_2,,,,,NDC Corporation URL:http://www.nitinol.com. Last Accessed September2010.
10.1002/adem.201000285,,e_1_2_6_28_2,,,,,Admedes Schuessler Inc URL:http://www.admedes.com. Last Accessed September2010.
10.1002/adem.201000285,10.1016/j.msea.2007.01.182,e_1_2_6_29_2,,,,,
10.1002/adem.201000285,10.1016/j.msea.2003.10.327,e_1_2_6_30_2,,,,,
10.1002/adem.201000285,10.1016/j.tripleo.2003.08.010,e_1_2_6_31_2,,,,,
10.1002/adem.201000285,10.1016/j.msea.2008.10.026,e_1_2_6_32_2,,,,,
10.1002/adem.201000285,,e_1_2_6_33_2,van Humbeeck J.,1991,,J. Phys. IV France,
10.1002/adem.201000285,10.1088/0964-1726/16/1/S13,e_1_2_6_34_2,,,,,
10.1002/adem.201000285,10.1007/s11661-009-9958-2,e_1_2_6_35_2,,,,,
10.1002/adem.201000285,10.1016/j.actamat.2009.11.028,e_1_2_6_36_2,,,,,
10.1002/adem.201000285,10.1016/j.actamat.2009.11.053,e_1_2_6_37_2,,,,,
10.1002/adem.201000285,10.1016/S0921-5093(00)01411-8,e_1_2_6_38_2,,,,,
10.1002/adem.201000285,10.1016/j.msea.2006.12.077,e_1_2_6_39_2,,,,,
10.1002/adem.201000285,10.1016/j.msea.2007.08.067,e_1_2_6_40_2,,,,,
10.1002/adem.201000285,10.1016/j.jallcom.2004.05.002,e_1_2_6_41_2,,,,,
10.1002/adem.201000285,10.1016/j.actamat.2006.10.006,e_1_2_6_42_2,,,,,
10.1002/adem.201000285,10.2320/matertrans.47.661,e_1_2_6_43_2,,,,,
10.1002/adem.201000285,10.1002/mawe.200400725,e_1_2_6_44_2,,,,,
10.1002/adem.201000285,10.1007/3-540-32481-X,e_1_2_6_45_2,,,,,
10.1002/adem.201000285,10.1007/978-3-662-06778-9,e_1_2_6_46_2,Beitz W.,1987,,,
10.1002/adem.201000285,10.1016/j.actamat.2008.10.055,e_1_2_6_47_2,,,,,
10.1002/adem.201000285,10.1016/j.msea.2007.02.156,e_1_2_6_48_2,,,,,
10.1002/adem.201000285,10.1002/adem.201000101,e_1_2_6_49_2,,,,,
10.1002/adem.201000285,10.4028/www.scientific.net/MSF.584-586.470,e_1_2_6_50_2,,,,,
10.1002/adem.201000285,,e_1_2_6_51_2,Prokoshkin S. D.,2006,,,
10.1002/adem.201000285,10.1016/j.actamat.2010.04.046,e_1_2_6_52_2,,,,,
10.1002/adem.201000285,10.1016/j.pmatsci.2004.10.001,e_1_2_6_53_2,,,,,
10.1002/adem.201000285,10.1016/j.actamat.2006.02.040,e_1_2_6_54_2,,,,,
10.1002/adem.201000285,,e_1_2_6_55_2,Bhattacharya K.,2004,,,
10.1002/adem.201000285,10.1016/j.actamat.2004.03.038,e_1_2_6_56_2,,,,,
10.1002/adem.201000285,10.1007/BF02644571,e_1_2_6_57_2,,,,,
10.1002/adem.201000285,10.1016/0001-6160(86)90263-4,e_1_2_6_58_2,,,,,
10.1002/adem.201000285,10.1016/j.intermet.2010.02.048,e_1_2_6_59_2,,,,,
10.1002/adem.201000285,10.1016/j.msea.2006.01.062,e_1_2_6_60_2,,,,,
10.1002/adem.201000285,10.1016/j.actamat.2009.01.032,e_1_2_6_61_2,,,,,
10.1002/adem.201000285,10.4028/www.scientific.net/MSF.584-586.475,e_1_2_6_62_2,,,,,
10.1002/adem.201000285,,e_1_2_6_63_2,Wagner M. F.‐X.,2009,,,
10.1007/s10853-011-6124-1,10.1017/CBO9780511618840,6124_CR1,CC Koch,2007,,,"Koch CC, Ovid’ko IA, Seal S, Veprek S (2007) Structural Nanocrystalline Materials. Cambridge University Press, New York"
10.1007/s10853-011-6124-1,10.1007/978-3-642-96038-3,6124_CR2,H Kaesche,2003,,,"Kaesche H (2003) Corrosion of metals. Springer, Berlin"
10.1007/s10853-011-6124-1,,6124_CR3,B Joseph,1999,,Eur Phys J,"Joseph B, Picat M, Barbier F (1999) Eur Phys J 5:19"
10.1007/s10853-011-6124-1,10.1007/978-3-642-82961-1,6124_CR4,H Riedel,1987,,,"Riedel H (1987) Fracture at high temperatures. Springer, Berlin"
10.1007/s10853-011-6124-1,10.1016/S1359-6454(96)00125-5,6124_CR5,Y Pan,1996,,Acta Mater,"Pan Y, Adams BL, Olson T, Panayotou N (1996) Acta Mater 44:4685"
10.1007/s10853-011-6124-1,10.1023/A:1008727728076,6124_CR6,M Takashima,2000,,Interface Sci,"Takashima M, Wynblatt P, Adams BL (2000) Interface Sci 8:351"
10.1007/s10853-011-6124-1,10.1016/0956-7151(92)90413-9,6124_CR7,DP Field,1992,,Acta Metall Mater,"Field DP, Adams BL (1992) Acta Metall Mater 40:1145"
10.1007/s10853-011-6124-1,,6124_CR8,V Randle,1996,,,"Randle V (1996) the role of the coincidence site lattice in grain boundary engineering. The Institute of Metals, London"
10.1007/s10853-011-6124-1,,6124_CR9,ML Kronberg,1949,,Trans AIME,"Kronberg ML, Wilson FH (1949) Trans AIME 185:501"
10.1007/s10853-011-6124-1,,6124_CR10,T Watanabe,1984,,Res Mech,Watanabe T (1984) Res Mech 11:47
10.1007/s10853-011-6124-1,10.1016/S0921-5093(97)00126-3,6124_CR11,EM Lehockey,1997,,Mater Sci Eng,"Lehockey EM, Palumbo G (1997) Mater Sci Eng 237:168"
10.1007/s10853-011-6124-1,10.1016/j.msea.2010.03.058,6124_CR12,R Jones,2010,,Mater Sci Eng,"Jones R, Randle V (2010) Mater Sci Eng 527:4275"
10.1007/s10853-011-6124-1,10.1016/0001-6160(66)90168-4,6124_CR13,DG Brandon,1966,,Acta Mater,Brandon DG (1966) Acta Mater 14:1479
10.1007/s10853-011-6124-1,,6124_CR14,PH Pumphrey,1976,,,"Pumphrey PH (1976) In: Smith DA, Chadwick GA (eds) Grain boundary structure and properties. Academic Press, London, p 139"
10.1007/s10853-011-6124-1,10.1016/0956-7151(90)90101-L,6124_CR15,G Palumbo,1990,,Acta Metall,"Palumbo G, Aust KT (1990) Acta Metall 38:2343"
10.1007/s10853-011-6124-1,10.1080/14786437308225821,6124_CR16,Y Ishida,1973,,Philos Mag,"Ishida Y, McLean M (1973) Philos Mag 27:1125"
10.1007/s10853-011-6124-1,10.1103/PhysRev.78.275,6124_CR17,WT Read,1950,,Phys Rev,"Read WT, Shockley W (1950) Phys Rev 78:275"
10.1007/s10853-011-6124-1,10.1016/0956-716X(91)90339-3,6124_CR18,R Schmelzle,1991,,Scripta Metall Mater,"Schmelzle R, Muschik T, Gust W, Predel B (1991) Scripta Metall Mater 25:1981"
10.1007/s10853-011-6124-1,10.1080/14786437408222078,6124_CR19,WR Wagner,1974,,Philos Mag,"Wagner WR, Tan TY, Balluffi RW (1974) Philos Mag 29:895"
10.1007/s10853-011-6124-1,,6124_CR20,A Joshi,1971,,J Inst Met,"Joshi A, Stein DF (1971) J Inst Met 99:178"
10.1007/s10853-011-6124-1,10.1098/rspa.1963.0108,6124_CR21,MC Inman,1963,,Proc R Soc London Ser,"Inman MC, McLean D, Tipler HR (1963) Proc R Soc London Ser 273:538"
10.1007/s10853-011-6124-1,,6124_CR22,,,,,"Otto F (2011) Doctoral Dissertation, Ruhr-Universität Bochum, Bochum"
10.1007/s10853-011-6124-1,,6124_CR23,,,,,"Otto F, Viswanathan GB, Payton EJ, Frenzel J, Eggeler G, manuscript in preparation"
10.1007/s10853-011-6124-1,10.3139/146.110501,6124_CR24,F Otto,2011,,Int J Mater Res,"Otto F, Frenzel J, Eggeler G (2011) Int J Mater Res 102:363"
10.1007/s10853-011-6124-1,10.1016/j.jallcom.2010.12.178,6124_CR25,F Otto,2011,,J Alloys Compd,"Otto F, Frenzel J, Eggeler G (2011) J Alloys Compd 509:4073"
10.1007/s10853-011-6124-1,10.1002/(SICI)1521-4052(199908)30:8<465::AID-MAWE465>3.0.CO;2-L,6124_CR26,M Kolbe,1999,,Mat wiss Werkst,"Kolbe M, Murken J, Pistolek D, Eggeler G, Klam HJ (1999) Mat wiss Werkst 30:465"
10.1007/s10853-011-6124-1,10.1002/mawe.201100682,6124_CR27,D Peter,2011,,Mat wiss Werkst,"Peter D, Otto F, Depka T, Nörtershäuser P, Eggeler G (2011) Mat wiss Werkst 42:493"
10.1007/s10853-011-6124-1,10.1016/0001-6160(87)90217-3,6124_CR28,M Déchamps,1987,,Acta Metall,"Déchamps M, Baribier F, Marrouche A (1987) Acta Metall 35:101"
10.1007/s10853-011-6124-1,10.1214/10-AOAS370,6124_CR29,S Jung,2011,,Ann Appl Stat,"Jung S, Foskey M, Marron JS (2011) Ann Appl Stat 5:578"
10.1007/s10853-011-6124-1,10.2307/2347441,6124_CR30,G Ulrich,1984,,Appl Stat,Ulrich G (1984) Appl Stat 33:158
10.1007/s10853-011-6124-1,10.1111/j.2517-6161.1986.tb01404.x,6124_CR31,MJ Prentice,1986,,J R Statist Soc B,Prentice MJ (1986) J R Statist Soc B 48:214
10.1007/s10853-011-6124-1,10.1080/03610918708812624,6124_CR32,ATA Wood,1987,,Commun Statist Simula,Wood ATA (1987) Commun Statist Simula 16:885
10.1007/s10853-011-6124-1,10.1080/03610919408813161,6124_CR33,ATA Wood,1994,,Commun Statist Simula,Wood ATA (1994) Commun Statist Simula 23:157
10.1007/s10853-011-6124-1,10.1107/S010876739400437X,6124_CR34,NC Krieger Lassen,1994,,Acta Cryst A,"Krieger Lassen NC, Juul Jensen D (1994) Acta Cryst A 50:741"
10.1007/s10853-011-6124-1,10.1016/0956-7151(93)90097-C,6124_CR35,A Morawiec,1993,,Acta Metall Mater,"Morawiec A, Szpunar JA, Hinz DC (1993) Acta Metall Mater 41:2825"
10.1007/s10853-011-6124-1,10.1107/S0108767310035403,6124_CR36,A Morawiec,2010,,Acta Cryst A,Morawiec A (2010) Acta Cryst A 66:717
10.1007/s10853-011-6124-1,10.1038/nmat1191,6124_CR37,G Duscher,2004,,Nat Mater,"Duscher G, Chisholm MF, Alber U, Rühle M (2004) Nat Mater 3:621"
10.1007/s10853-011-6124-1,10.1016/S1359-6454(99)00260-8,6124_CR38,VJ Keast,1999,,Acta Mater,"Keast VJ, Williams DB (1999) Acta Mater 15:3999"
10.1007/s10853-011-6124-1,10.1007/BF02644391,6124_CR39,JR Michael,1984,,Metall Trans A,"Michael JR, Williams DB (1984) Metall Trans A 15:99"
10.1007/s10853-011-6124-1,10.1016/S1359-6454(99)00265-7,6124_CR40,U Alber,1999,,Acta Mater,"Alber U, Müllejans H, Rühle M (1999) Acta Mater 47:4047"
10.1007/s10853-011-6124-1,10.3139/146.020840,6124_CR41,R Monzen,2002,,Z Metallkd,"Monzen R, Matsuda O, Miura H (2002) Z Metallkd 93:840"
10.1007/s10853-011-6124-1,10.1007/s11661-003-1005-0,6124_CR42,R Monzen,2003,,Metall Mater Trans A,"Monzen R, Kuze T, Matsuda O, Miura H (2003) Metall Mater Trans A 34:773"
10.1007/s10853-011-6124-1,10.1016/0001-6160(75)90033-4,6124_CR43,DW Demianczuk,1975,,Acta Metall,"Demianczuk DW, Aust KT (1975) Acta Metall 23:1149"
10.1007/s10853-011-6124-1,10.1016/0001-6160(70)90075-1,6124_CR44,H Gleiter,1970,,Acta Metall,Gleiter H (1970) Acta Metall 18:117
10.1007/s10853-011-6124-1,10.1016/0001-6160(82)90024-4,6124_CR45,A Roy,1982,,Acta Metall,"Roy A, Erb U, Gleiter H (1982) Acta Metall 30:1847"
10.1007/s10853-011-6124-1,10.1016/0001-6160(84)90125-1,6124_CR46,LC Lim,1984,,Acta Metall,"Lim LC, Raj R (1984) Acta Metall 32:1183"
10.1007/s10853-011-6124-1,10.1007/s10853-006-0665-8,6124_CR47,AH King,2006,,J Mater Sci,"King AH, Shekhar S (2006) J Mater Sci 41:7675. doi: 10.1007/s10853-006-0665-8"
10.1007/s10853-011-6124-1,10.1016/S1359-6462(98)00077-3,6124_CR48,G Palumbo,1998,,Scr Mater,"Palumbo G, Aust KT, Lehockey EM, Erb U, Lin P (1998) Scr Mater 35:1685"
10.1007/s10853-011-6124-1,10.1016/0001-6160(86)90069-6,6124_CR49,J Don,1986,,Acta Metall,"Don J, Majumdar S (1986) Acta Metall 34:961"
10.1007/s10853-011-6124-1,10.1557/JMR.2008.0058,6124_CR50,CJ Boehlert,2008,,J Mater Res,"Boehlert CJ, Longanbach SC (2008) J Mater Res 23:500"
10.1007/s10853-011-6124-1,10.1007/s11661-009-0051-7,6124_CR51,T Lillo,2009,,Metall Mater Trans A,"Lillo T, Cole J, Frary M, Schlegel S (2009) Metall Mater Trans A 40:2803"
10.1007/s10853-011-6124-1,10.1080/01418619908210299,6124_CR52,V Randle,1999,,Philos Mag,"Randle V, Davies P, Hulm B (1999) Philos Mag 79:305"
10.1007/s10853-011-6124-1,10.1016/j.actamat.2004.02.048,6124_CR53,JW Cahn,2004,,Acta Mater,"Cahn JW, Taylor JE (2004) Acta Mater 52:4887"
10.1007/s10853-011-6124-1,10.1016/j.actamat.2011.05.042,6124_CR54,T Gorkaya,2011,,Acta Mater,"Gorkaya T, Molodov KD, Molodov DA, Gottstein G (2011) Acta Mater 59:5674"
10.1007/s10853-011-6124-1,10.1016/S1359-6454(97)00192-4,6124_CR55,CB Thomson,1997,,Acta Mater,"Thomson CB, Randle V (1997) Acta Mater 45:4909"
10.1007/s10853-011-6124-1,10.1016/j.actamat.2009.04.007,6124_CR56,DL Olmsted,2009,,Acta Mater,"Olmsted DL, Foiles SM, Holm EA (2009) Acta Mater 57:3694"
10.1007/s10853-011-6124-1,10.1016/j.actamat.2010.05.042,6124_CR57,GS Rohrer,2010,,Acta Mater,"Rohrer GS, Holm EA, Rollett AD, Foiles SM, Li J, Olmsted DL (2010) Acta Mater 58:5063"
10.1007/s10853-011-6124-1,10.1016/j.actamat.2004.05.031,6124_CR58,V Randle,2004,,Acta Mater,Randle V (2004) Acta Mater 52:4067
10.1007/s10853-011-6124-1,10.1016/S1359-6454(03)00188-5,6124_CR59,M Frary,2003,,Acta Mater,"Frary M, Schuh CA (2003) Acta Mater 51:3731"
10.1007/s10853-012-6684-8,,6684_CR1,,,,,"Hardwicke CU, Shen G (2000) In: Shang K-M, Srivastava SK, Furrer DU, Bain KR (eds) Advanced technologies for superalloy affordability. The Minerals, Metals & Materials Society, Warrendale, p 265"
10.1007/s10853-012-6684-8,10.1016/j.msea.2007.09.055,6684_CR2,K Song,2008,,Mater Sci Eng A,"Song K, Aindow M (2008) Mater Sci Eng A 479:365"
10.1007/s10853-012-6684-8,10.1007/s10853-005-2848-0,6684_CR3,K Song,2005,,J Mater Sci,"Song K, Aindow M (2005) J Mater Sci 40:3403. doi: 10.1007/s10853-005-2848-0"
10.1007/s10853-012-6684-8,10.1007/s10853-012-6488-x,6684_CR4,S Guo,2012,,J Mater Sci,"Guo S, Li D, Guo Q, Wu Z, Peng H, Hu J (2012) J Mater Sci 47:5867. doi: 10.1007/s10853-012-6488-x"
10.1007/s10853-012-6684-8,10.1007/s10853-012-6250-4,6684_CR5,H-Y Wu,2012,,J Mater Sci,"Wu H-Y, Zhu F-J, Wang S-C, Wang W-R, Wang C-C, Chiu C-H (2012) J Mater Sci 47:3971. doi: 10.1007/s10853-012-6250-4"
10.1007/s10853-012-6684-8,10.1007/s11661-011-1035-y,6684_CR6,SL Semiatin,2012,,Metall Mater Trans A,"Semiatin SL, McClary KE, Rollett AD, Roberts CG, Payton EJ, Zhang F, Gabb TP (2012) Metall Mater Trans A 43A:1649. doi: 10.1007/s11661-011-1035-y"
10.1007/s10853-012-6684-8,10.1007/s11661-010-0251-1,6684_CR7,WJ Tu,2010,,Metall Mater Trans A,"Tu WJ, Pollock TM (2010) Metall Mater Trans A 41:2002. doi: 10.1007/s11661-010-0251-1"
10.1007/s10853-012-6684-8,10.7449/2008/Superalloys_2008_975_984,6684_CR8,,,,,"Payton EJ, Wang G, Wang G, Ma N, Wang Y, Mills MJ, Whitis DD, Mourer DP, Wei D (2008) In: Reed RC, Green KA, Caron P, Gabb TP, Fahrmann MG, Huron ES (eds) Superalloys 2008, TMS, Warrendale, p 975"
10.1007/s10853-012-6684-8,10.1016/j.actamat.2011.04.004,6684_CR9,G Wang,2011,,Acta Mater,"Wang G, Xu DS, Payton EJ, Ma N, Yang R, Mills MJ, Wang Y (2011) Acta Mater 59:4587. doi: 10.1016/j.actamat.2011.04.004"
10.1007/s10853-012-6684-8,10.1016/j.msea.2009.12.037,6684_CR10,EJ Payton,2010,,Mater Sci Eng A,"Payton EJ, Phillips PJ, Mills MJ (2010) Mater Sci Eng A 527:2684. doi: 10.1016/j.msea.2009.12.037"
10.1007/s10853-012-6684-8,10.1016/j.matchar.2011.04.003,6684_CR11,EJ Payton,2011,,Mater Charact,"Payton EJ, Mills MJ (2011) Mater Charact 62:563. doi: 10.1016/j.matchar.2011.04.003"
10.1007/s10853-012-6684-8,10.1016/j.actamat.2008.09.010,6684_CR12,G Wang,2009,,Acta Mater,"Wang G, Xu DS, Ma N, Zhou N, Payton EJ, Yang R, Mills MJ, Wang Y (2009) Acta Mater 57:316. doi: 10.1016/j.actamat.2008.09.010"
10.1007/s10853-012-6684-8,,6684_CR13,,,,,"Mourer DP, Huron ES, Backman DG, Bain KR, Reynolds PL, Schirra JJ, Gabb TP (2002) European patent EP 1,195,446 A1"
10.1007/s10853-012-6684-8,,6684_CR14,,,,,"Krueger DD, Kissinger RD, Menzies RD, Wukusick CS (1990) US Patent 4957567"
10.1007/s10853-012-6684-8,,6684_CR15,DR Gaskell,1992,,,"Gaskell DR (1992) An introduction to transport phenomena in materials engineering. Macmillan Publishing Company, New York"
10.1007/s10853-012-6684-8,10.1017/CBO9780511541285,6684_CR16,RC Reed,2006,,,"Reed RC (2006) The superalloys: fundamentals and applications. University Press, Cambridge"
10.1007/s10853-012-6684-8,10.1016/0017-9310(75)90243-4,6684_CR17,SW Churchill,1975,,Int J Heat Mass Transfer,"Churchill SW, Chu HHS (1975) Int J Heat Mass Transfer 18:1323"
10.1007/s10853-012-6684-8,,6684_CR18,,2009,,,"Lide DR (ed) (2009) CRC handbook of chemistry and physics, 87th edn. CRC Press, Boca Raton"
10.1007/s10853-012-6684-8,,6684_CR19,K Ražnjević,1976,,,"Ražnjević K (1976) Handbook of thermodynamic tables and charts. McGraw-Hill Book Company, New York"
10.1007/s10853-012-6684-8,,6684_CR20,National Fire Protection Association,2002,,,"National Fire Protection Association (2002) SFPE handbook of fire protection engineering, 2nd edn. Society of Fire Protection Engineers, Quincy"
10.1007/s10853-012-6684-8,,6684_CR21,,,,,Ierardi J (2001) Firetools. http://users.wpi.edu/ ierardi/FireTools. Accessed 22 May 2009
10.1007/s10853-012-6684-8,10.1179/174328408X369348,6684_CR22,BF Dyson,2009,,Mater Sci Technol,Dyson BF (2009) Mater Sci Technol 25:213
10.1007/s10853-012-6684-8,10.1007/s10853-011-6124-1,6684_CR23,F Otto,2012,,J Mater Sci,"Otto F, Payton EJ, Frenzel J, Eggeler G (2012) J Mater Sci 47:2915. doi: 10.1007/s10853-011-6124-1"
10.1007/s10853-012-6684-8,10.1016/j.actamat.2012.02.004,6684_CR24,F Otto,2012,,Acta Mater,"Otto F, Viswanathan GB, Payton EJ, Frenzel J, Eggeler G (2012) Acta Mater 60:2982. doi: 10.1016/j.actamat.2012.02.004"
10.1007/s10853-012-6684-8,,6684_CR25,EJ Payton,2012,,J Miner Mater Charact Eng,Payton EJ (2012) J Miner Mater Charact Eng 11:221
10.1007/s10853-012-6684-8,,6684_CR26,,,,,"Payton EJ (2009) Characterization and modeling of grain coarsening in powder metallurgical nickel-based superalloys. Dissertation, The Ohio State University"
10.1007/s10853-012-6684-8,10.1016/1359-6454(95)00311-8,6684_CR27,SL Semiatin,1996,,Acta Mater,"Semiatin SL, Soper JC, Sukonnik IM (1996) Acta Mater 44:1979. doi: 10.1016/1359-6454(95)00311-8"
10.1007/s10853-012-6684-8,,6684_CR28,,,,,"ASTM Committee E04 on Metallography, Subcommittee E04. 08 on Grain Size (2009) In: Annual Book of ASTM Standards, vol. 04.14. ASTM International, West Conshohocken"
10.1007/s10853-012-6684-8,10.1179/msc.1969.3.1.95,6684_CR29,MJ Whelan,1969,,Metal Sci J,Whelan MJ (1969) Metal Sci J 3:95
10.1007/s10853-012-6684-8,10.1007/BF02663326,6684_CR30,HB Aaron,1971,,Metall Trans,"Aaron HB, Kotler GR (1971) Metall Trans 2:393"
10.1007/s11661-011-1035-y,10.1007/s11837-999-0007-9,1035_CR1,R.M. Forbes Jones,1999,,JOM,"R.M. Forbes Jones and L.A. Jackman: JOM, 1999, vol. 51, no. 1, pp. 27–31."
10.1007/s11661-011-1035-y,,1035_CR2,,,,,"M.J. Donachie Jr., Ed., Superalloys Source Book, ASM International, Materials Park, OH, 1984."
10.1007/s11661-011-1035-y,,1035_CR3,,,,,"T.P. Gabb, J. Gayda, and J. Falsey: Report NASA/TM-2005-213649, National Aeronautics and Space Administration, Glenn Research Center, Cleveland, OH, 2005, http://gltrs.grc.nasa.gov."
10.1007/s11661-011-1035-y,,1035_CR4,,,,,"D.D. Krueger, R.D. Kissinger, R.G. Menzies, and C.S. Wukusick: US Patent 4,957,567, 1990."
10.1007/s11661-011-1035-y,,1035_CR5,,,,,"E.L. Raymond, R.D. Kissinger, A.J. Paxson, and E.S. Huron: US Patent 5,584,947, 1996."
10.1007/s11661-011-1035-y,,1035_CR6,,,,,"E.S. Huron, J.A. Heaney, D.P. Mourer, J.R. Groh, E.L. Raymond, D.A. Utah, M.J. Weimer, and K.R. Bain: US Patent Application 2009/0000706 A1, 2009."
10.1007/s11661-011-1035-y,,1035_CR7,,,,,"C. Zener: Private Communication to C.S. Smith in Trans. AIME, 1948, vol. 175, pp. 15–51."
10.1007/s11661-011-1035-y,10.1017/CBO9780511623134,1035_CR8,J.W. Martin,1997,,,"J.W. Martin, R.D. Doherty, and B. Cantor: Stability of Microstructure in Metallic Systems, Cambridge University Press, Cambridge, UK, 1997."
10.1007/s11661-011-1035-y,10.2355/isijinternational.38.913,1035_CR9,P.A. Manohar,1998,,ISIJ Int.,"P.A. Manohar, M. Ferry, and T. Chandra: ISIJ Int., 1998, vol. 38, pp. 913–24."
10.1007/s11661-011-1035-y,10.1016/j.msea.2007.09.055,1035_CR10,K. Song,2008,,Mater. Sci. Eng. A,"K. Song and M. Aindow: Mater. Sci. Eng. A, 2008, vol. A479, pp. 365–72."
10.1007/s11661-011-1035-y,,1035_CR11,,,,,"E.J. Payton: Ph.D. Dissertation, The Ohio State University, Columbus, OH, 2009."
10.1007/s11661-011-1035-y,,1035_CR12,,,,,"C.R. Roberts: Ph.D. Thesis, Carnegie Mellon University, Pittsburgh, PA, 2007."
10.1007/s11661-011-1035-y,10.1016/j.scriptamat.2007.01.034,1035_CR13,C.R. Roberts,2007,,Scripta Mater.,"C.R. Roberts, S.L. Semiatin, and A.D. Rollett: Scripta Mater., 2007, vol. 56, pp. 899–902."
10.1007/s11661-011-1035-y,10.1016/0001-6160(72)90079-X,1035_CR14,S. Bjorklund,1972,,Acta Metall.,"S. Bjorklund, L.F. Donaghey, and M. Hillert: Acta Metall., 1972, vol. 20, pp. 867–74."
10.1007/s11661-011-1035-y,10.1007/BF02643232,1035_CR15,S.K. Bhattacharyya,1972,,Metall. Trans.,"S.K. Bhattacharyya and K.C. Russell: Metall. Trans., 1972, vol. 3, pp. 2195–99."
10.1007/s11661-011-1035-y,10.1016/0956-716X(94)90413-8,1035_CR16,J.E. Morral,1994,,Scripta Metall. Mater.,"J.E. Morral and G.R. Purdy: Scripta Metall. Mater., 1994, vol. 30, pp. 905–08."
10.1007/s11661-011-1035-y,10.1007/BF02650247,1035_CR17,H.M. Lee,1991,,Metall. Trans. A,"H.M. Lee, S.M. Allen, and M. Grujicic: Metall. Trans. A, 1991, vol. 22A, pp. 2863–68."
10.1007/s11661-011-1035-y,10.1007/BF02650249,1035_CR18,H.M. Lee,1991,,Metall. Trans. A,"H.M. Lee and S.M. Allen: Metall. Trans. A, 1991, vol. 22A, pp. 2877–88."
10.1007/s11661-011-1035-y,10.1016/S1006-706X(10)60103-3,1035_CR19,P. Tao,2010,,"J. Iron Steel Res., Int","P. Tao, C. Zhang, Z-G. Yang, and T. Hiroyuki: J. Iron Steel Res., Int., 2010, vol. 17, no. 5, pp, 74–78."
10.1007/s11661-011-1035-y,10.1007/s11661-003-0303-x,1035_CR20,K. Miyata,2003,,Metall. Mater. Trans. A,"K. Miyata, T. Omura, T. Kushida, and Y. Komizo: Metall. Mater. Trans. A, 2003, vol. 34A, pp. 1565–73."
10.1007/s11661-011-1035-y,10.1016/S0921-5093(00)00827-3,1035_CR21,A. Gustafson,2000,,Mater. Sci. Eng. A,"A. Gustafson: Mater. Sci. Eng. A, 2000, vol. A287, pp. 52–58."
10.1007/s11661-011-1035-y,10.1016/0025-5416(87)90168-6,1035_CR22,D. Ramakrishna,1987,,Mater. Sci. Eng.,"D. Ramakrishna and S.P. Gupta: Mater. Sci. Eng., 1987, vol. 92, pp. 179–91."
10.1007/s11661-011-1035-y,10.1016/j.scriptamat.2010.04.002,1035_CR23,S. Ghosh,2010,,Scripta Mater.,"S. Ghosh: Scripta Mater., 2010, vol. 63, pp. 273–76."
10.1007/s11661-011-1035-y,10.7449/2004/Superalloys_2004_323_329,1035_CR24,,,,,"J. Gayda, T.P. Gabb, and P.T. Kantzos: Superalloys 2004, K.A. Green, T.M. Pollock, H. Harada, T.E. Howson, R.C. Reed, J.J. Schirra, and S. Walston, eds., TMS, Warrendale, PA, 2004, pp. 323–30."
10.1007/s11661-011-1035-y,,1035_CR25,,,,,"J. Lemsky: Report NASA/CR-2005-213574, Ladish Company, Inc., Cudahy, WI, 2005. http://gltrs.grc.nasa.gov."
10.1007/s11661-011-1035-y,,1035_CR26,,,,,"S.L. Semiatin and D.R. Barker: US Patent 5,447,580, 1995."
10.1007/s11661-011-1035-y,,1035_CR27,,,,,"J. Gayda, T.P. Gabb, and P.T. Kantzos: US Patent 6,660,110, 2003."
10.1007/s11661-011-1035-y,,1035_CR28,,,,,"G.F. Mathey: US Patent 5,312,497, 1994."
10.1007/s11661-011-1035-y,,1035_CR29,,,,,"S. Ganesh and R.G. Tolbert: US Patent 5,527,020, 1996."
10.1007/s11661-011-1035-y,,1035_CR30,,,,,"J. Lemsky: Ladish Co., Cudahy, WI, Unpublished research, 2006."
10.1007/s11661-011-1035-y,10.1016/0001-6160(65)90200-2,1035_CR31,M. Hillert,1965,,Acta Metall.,"M. Hillert: Acta Metall., 1965, vol. 13, pp. 227–38."
10.1007/s11661-011-1035-y,10.1016/0001-6160(84)90152-4,1035_CR32,D.J. Srolovitz,1984,,Acta Metall.,"D.J. Srolovitz, M.P. Anderson, and G.S. Grest: Acta Metall., 1984, vol. 32, pp. 793–802."
10.1007/s11661-011-1035-y,10.1016/0001-6160(84)90089-0,1035_CR33,D.J. Srolovitz,1984,,Acta Metall.,"D.J. Srolovitz, M.P. Anderson, G.S. Grest, and P.S. Sahni: Acta Metall., 1984, vol. 32, pp. 1429–38."
10.1007/s11661-011-1035-y,10.7449/1996/Superalloys_1996_667_676,1035_CR34,,,,,"E.S. Huron, R.L. Casey, M.F. Henry, and D.P. Mourer: Superalloys 1996, R.D. Kissinger, D.J. Deye, D.L. Anton, A.D. Cetel, M.V. Nathal, T.M. Pollock, and D.A. Woodford, eds., TMS, Warrendale, PA, 1996, pp. 667–76."
10.1007/s11661-011-1035-y,10.7449/2004/Superalloys_2004_73_81,1035_CR35,,,,,"E.S. Huron, K.R. Bain, D.P. Mourer, J.J. Schirra, P.L. Reynolds, and E.E. Montero: Superalloys 2004, K.A. Green, T.M. Pollock, H. Harada, T.E. Howson, R.C. Reed, J.J. Schirra, and S. Walston, eds., TMS, Warrendale, PA, 2004, pp. 73–81."
10.1007/s11661-011-1035-y,,1035_CR36,,,,,"E.J. Payton: Institut für Werkstoffe, Ruhr-Universität Bochum, Bochum, Germany, Unpublished research, 2011."
10.1007/s11661-011-1035-y,10.1007/978-1-4615-1233-2,1035_CR37,,,,,"J.C. Russ and R.T. DeHoff: Practical Stereology, Kluwer Academic/Plenum Publishers, New York, NY, 2000."
10.1007/s11661-011-1035-y,,1035_CR38,,,,,"T.P. Gabb and D.R. Miller: National Aeronautics and Space Administration, Glenn Research Center, Cleveland, OH, Unpublished research, 2010."
10.1007/s11661-011-1035-y,,1035_CR39,,,,,"T.P. Gabb, J. Gayda, J. Telesman, and P.T. Kantzos: Report NASA/TM-2005-213645, National Aeronautics and Space Administration, Glenn Research Center, Cleveland, OH, 2005, http://gltrs.grc.nasa.gov."
10.1007/s11661-011-1035-y,,1035_CR40,,,,,"H-J. Jou: Report NASA/CR-2010-216748, QuesTek Innovations LLC, Evanston, IL, July 2010, http://gltrs.grc.nasa.gov."
10.1007/s11661-011-1035-y,10.1016/0001-6160(82)90149-3,1035_CR41,A.K. Koul,1982,,Acta Metall.,"A.K. Koul and F.B. Pickering: Acta Metall., 1982, vol. 30, pp. 1303–08."
10.1007/s11661-011-1035-y,10.1016/0001-6160(87)90280-X,1035_CR42,P.R. Rios,1987,,Acta Metall.,"P.R. Rios: Acta Metall., 1987, vol. 35, pp. 2805–14."
10.1007/s11661-011-1035-y,10.1016/0956-7151(94)90293-3,1035_CR43,H.A. Calderon,1994,,Acta Metall. Mater.,"H.A. Calderon, P.W. Voorhees, J.L. Murray, and G. Kostorz: Acta Metall. Mater., 1994, vol. 42, pp. 991–1000."
10.1007/s11661-011-1035-y,10.1063/1.1662846,1035_CR44,D.S. Berry,1973,,J. Appl. Phys.,"D.S. Berry: J. Appl. Phys., 1973, vol. 44, pp. 3792–93."
10.1007/s11661-011-1035-y,10.7449/2000/Superalloys_2000_263_272,1035_CR45,,,,,"M.S.A. Karunaratne, D.C. Cox, P. Carter, and R.C. Reed: Superalloys 2000, T.M. Pollock, R.D. Kisssinger, R.R. Bowman, K.A. Green, M. Mclean, S. Olson, and J.J. Schirra, eds., TMS, Warrendale, PA, 2000, pp. 263–72."
10.1007/s11661-011-1035-y,10.1016/0022-3115(96)80010-9,1035_CR46,R.V. Patil,1996,,J. Nucl. Mater.,"R.V. Patil and G.B. Kale: J. Nucl. Mater., 1996, vol. 230, pp. 57–60."
10.1007/s11661-011-1035-y,10.1016/j.actamat.2007.05.023,1035_CR47,G. Miyamoto,2007,,Acta Mater.,"G. Miyamoto, J.C. Oh, K. Hono, T. Furuhara, and T. Maki: Acta Mater., 2007, vol. 55, pp. 5027–38."
10.1007/s11661-013-1675-1,,1675_CR1,,,,,"M.J. Donachie, Jr., ed., Superalloys Source Book, ASM International, Materials park, OH, 1984."
10.1007/s11661-013-1675-1,,1675_CR2,,,,,"J. Gayda, T.P. Gabb, and P.T. Kantzos: US Patent 6,660,110, December 2003."
10.1007/s11661-013-1675-1,,1675_CR3,,,,,"S.L. Semiatin and D.R. Barker: US Patent 5,447,580, September 1995."
10.1007/s11661-013-1675-1,,1675_CR4,,,,,"G.F. Mathey: US Patent 5,312,497, May 1994."
10.1007/s11661-013-1675-1,,1675_CR5,,,,,"S. Ganesh and R.G. Tolbert: US Patent 5,527,020, June 1996."
10.1007/s11661-013-1675-1,,1675_CR6,,,,,"J. Lemsky: Unpublished research, Ladish Co., Cudahy, WI, 2006."
10.1007/s11661-013-1675-1,10.1007/BF02642331,1675_CR7,J.-P.A. Immarigeon,1981,,Metall. Trans. A,"J-P.A. Immarigeon and P.H. Floyd: Metall. Trans. A, 1981, vol. 12A, pp. 1177- 1186."
10.1007/s11661-013-1675-1,10.1016/0749-6419(90)90042-D,1675_CR8,Y. Combres,1990,,Inter. J. Plasticity,"Y. Combres and C. Levaillant: Inter. J. Plasticity, 1990, vol. 6, pp. 505-519."
10.1007/s11661-013-1675-1,10.1016/0001-6160(87)90125-8,1675_CR9,A.K. Koul,1987,,Acta Metall.,"A.K. Koul and J-P.A. Immarigeon: Acta Metall., 1987, vol. 35, pp. 1791-1805."
10.1007/s11661-013-1675-1,10.1016/j.msea.2006.05.030,1675_CR10,M.O. Alniak,2006,,Mater. Sci. Eng. A,"M.O. Alniak and F. Bedir: Mater. Sci. Eng. A, 2006, vol. A429, pp. 295-303."
10.1007/s11661-013-1675-1,10.1016/j.mseb.2006.03.011,1675_CR11,M.O. Alniak,2006,,"Mater. Sci. Eng., B","M.O. Alniak and F. Bedir: Mater. Sci. Eng. B, 2006, vol. B130, pp. 254-263."
10.1007/s11661-013-1675-1,10.7449/2008/Superalloys_2008_395_403,1675_CR12,,,,,"W. Tu and T.M. Pollock: Superalloys 2008, R.C. Reed, K.A. Green, P. Caron, T.P. Gabb, M.G. Fahrmann, E.S. Huron, and S. A. Woodard, eds., TMS, Warrendale, PA, 2008, pp. 395–403."
10.1007/s11661-013-1675-1,,1675_CR13,,,,,"W.J Tu: PhD Dissertation, University of Michigan, Ann Arbor, MI, 2010."
10.1007/s11661-013-1675-1,10.1007/s11661-010-0251-1,1675_CR14,W.J. Tu,2010,,Metall. Mater. Trans. A,"W.J. Tu and T.M. Pollock: Metall. Mater. Trans. A, 2010, vol. 41A, pp. 2002-2009."
10.1007/s11661-013-1675-1,10.1017/CBO9780511623134,1675_CR15,J.W. Martin,1997,,,"J.W. Martin, R.D. Doherty, and B. Cantor: Stability of Microstructure in Metallic Systems, Cambridge University Press, Cambridge, UK, 1997."
10.1007/s11661-013-1675-1,10.7449/1996/Superalloys_1996_663_666,1675_CR16,,,,,"M. Soucail, M. Marty, and H. Ocor: Superalloys 1996, R.D. Kissinger, D.J. Deye, D.L. Anton, A.D. Cetel, M.V. Nathal, T.M. Pollock, and D.A. Woodford, eds., TMS, Warrendale, PA, 1996, pp. 663–666."
10.1007/s11661-013-1675-1,10.7449/2000/Superalloys_2000_49_58,1675_CR17,,,,,"E. Huron, S. Shrivatsa, and E. Raymond: Superalloys 2000, T.M. Pollock, R.D. Kissinger, R.R. Bowman, K.A. Green, M. McLean, S. Olson, and J.J. Schirra, eds., TMS, Warrendale, PA, 2000, pp. 49–58."
10.1007/s11661-013-1675-1,,1675_CR18,,,,,"E.J. Payton: PhD Dissertation, The Ohio State University, Columbus, OH, 2009."
10.1007/s11661-013-1675-1,10.1016/S1359-6454(96)00284-4,1675_CR19,P.R. Rios,1997,,Acta Mater.,"P.R. Rios: Acta Mater., 1997, vol. 45, pp. 1785-1789."
10.1007/s11661-013-1675-1,,1675_CR20,,,,,"K. Song and M. Aindow: Proc. Materials Science and Technology (MS&T) 2006: Fundamentals and Characterization, Vol. 2, Z-K. Lu, C.E. Campbell, L.Q. Chen, E.B. Damm, J.E. Morral, and J.L. Murray, eds., TMS, Warrendale, PA, 2006, pp. 211–20."
10.1007/s11661-013-1675-1,10.1016/j.actamat.2011.04.004,1675_CR21,G. Wang,2011,,Acta Mater.,"G. Wang, D.S. Xu, E.J. Payton, N. Ma, R. Yang, M.J. Mills, and Y. Wang: Acta Mater., 2011, vol. 59, pp. 4587-4594."
10.1007/s11661-013-1675-1,,1675_CR22,,,,,"T.P. Gabb, J. Gayda, and J. Falsey: Report NASA/TM-2005-213649, National Aeronautics and Space Administration, Glenn Research Center, Cleveland, OH, June 2005. (Available electronically at http://gltrs.grc.nasa.gov)."
10.1007/s11661-013-1675-1,,1675_CR23,,,,,"D.D. Krueger, R.D. Kissinger, R.G. Menzies, and C.S. Wukusick: US Patent 4,957,567, September 1990."
10.1007/s11661-013-1675-1,,1675_CR24,,,,,"E.L. Raymond, R.D. Kissinger, A.J. Paxson, and E.S. Huron: US Patent 5,584,947, December 1996."
10.1007/s11661-013-1675-1,,1675_CR25,,,,,"E.S. Huron, J.A. Heaney, D.P. Mourer, J.R. Groh, E.L. Raymond, D.A. Utah, M.J. Weimer, and K.R. Bain: US Patent Application 11/770,257, January 2009."
10.1007/s11661-013-1675-1,,1675_CR26,,,,,"D.P. Mourer and K.R. Bain: US Patent Application 12/494,896, December 2010."
10.1007/s11661-013-1675-1,10.1007/s11661-011-1035-y,1675_CR27,S.L. Semiatin,2012,,Metall. Mater. Trans. A,"S.L. Semiatin, K. E. McClary, A.D. Rollett, C.G. Roberts, E.J. Payton, F. Zhang, and T.P. Gabb: Metall. Mater. Trans. A, 2012, vol. 43A, pp. 1649-1661."
10.1007/s11661-013-1675-1,10.7449/2004/Superalloys_2004_323_329,1675_CR28,,,,,"J. Gayda, T.P. Gabb, and P.T. Kantzos: Superalloys 2004, K.A. Green, T.M. Pollock, H. Harada, T.E. Howson, R.C. Reed, J.J. Schirra, and S. Walston, eds., TMS, Warrendale, PA, 2004, pp. 323–30."
10.1007/s11661-013-1675-1,,1675_CR29,,,,,"J. Lemsky: Report NASA/CR-2005-213574, Ladish Company, Inc., Cudahy, WI, February 2005. (Available electronically at http://gltrs.grc.nasa.gov)."
10.1007/s11661-013-1675-1,10.1007/BF02675571,1675_CR30,S.I. Oh,1992,,Metall. Trans. A,"S.I. Oh, S.L. Semiatin, and J.J. Jonas: Metall. Trans. A, 1992, vol. 23A, pp. 963-975."
10.1007/s11661-013-1675-1,10.1016/j.msea.2008.06.022,1675_CR31,A.A. Salem,2008,,"Mater. Sci. Eng., A","A.A. Salem, M.G. Glavicic, and S.L. Semiatin: Mater. Sci. Eng. A, 2008, vol. A494, pp. 350-359."
10.1007/s11661-013-1675-1,10.1016/j.msea.2009.12.037,1675_CR32,E.J. Payton,2010,,Mater. Sci. Eng. A,"E.J. Payton, P.J. Phillips, and M.J. Mills: Mater. Sci. Eng. A, 2010, vol. A527, pp. 2684-2692."
10.1007/s11661-013-1675-1,10.1093/biomet/45.1-2.229,1675_CR33,J.K. Mackenzie,1958,,Biometrika,"J.K. Mackenzie: Biometrika, 1958, vol. 45, pp. 229-240."
10.1007/s11661-013-1675-1,10.1016/j.actamat.2009.06.018,1675_CR34,J. Dennis,2009,,Acta Mater.,"J. Dennis, P.S. Bate, and F.J. Humphreys: Acta Mater., 2009, vol. 57, pp. 4539-4547."
10.1007/s11661-017-4031-z,10.1088/0370-1301/64/9/303,4031_CR1,E.O. Hall,1951,,Proc. Phys. Soc. Sect. B,"E.O. Hall: Proc. Phys. Soc. Sect. B, 1951, vol. 64, pp. 747–53."
10.1007/s11661-017-4031-z,,4031_CR2,N.J. Petch,1953,,J. Iron Steel Inst. Lond.,"N.J. Petch: J. Iron Steel Inst. Lond., 1953, vol. 173, pp. 25–28."
10.1007/s11661-017-4031-z,10.1016/S1359-6462(01)01247-7,4031_CR3,B. Wilshire,2002,,Scripta Mater.,"B. Wilshire and C.J. Palmer: Scripta Mater., 2002, vol. 46, pp. 483–88."
10.1007/s11661-017-4031-z,10.1016/S0921-5093(01)01121-2,4031_CR4,O.D. Sherby,2002,,Mater. Sci. Eng. A,"O.D. Sherby and E.M. Taleff: Mater. Sci. Eng. A, 2002, vol. 322, pp. 89–99."
10.1007/s11661-017-4031-z,10.1007/s11661-014-2572-y,4031_CR5,S.L. Semiatin,2014,,Metall. Mater. Trans. A,"S.L. Semiatin, J.M. Shank, A.R. Shiveley, W.M. Saurber, E.F. Gaussa, and A.L. Pilchak: Metall. Mater. Trans. A, 2014, vol. 45A, pp. 6231–51."
10.1007/s11661-017-4031-z,10.1002/adem.201000101,4031_CR6,E.A. Prokofiev,2010,,Adv. Eng. Mater.,"E.A. Prokofiev, J.A. Burow, E.J. Payton, R. Zarnetta, J. Frenzel, D.V. Gunderov, R.Z. Valiev, and G. Eggeler: Adv. Eng. Mater., 2010, vol. 12, pp. 747–53."
10.1007/s11661-017-4031-z,10.1016/S0142-1123(97)00034-0,4031_CR7,D. Morrison,1997,,Int. J. Fatigue,"D. Morrison: Int. J. Fatigue, 1997, vol. 19, pp. 51–59."
10.1007/s11661-017-4031-z,10.1016/j.matdes.2015.06.149,4031_CR8,X. Cui,2015,,Mater. Des.,"X. Cui, Y. Wu, X. Liu, Q. Zhao, and G. Zhang: Mater. Des., 2015, vol. 86, pp. 397–403."
10.1007/s11661-017-4031-z,10.1016/j.jmmm.2015.10.047,4031_CR9,H. Pan,2016,,J. Magn. Magn. Mater.,"H. Pan, Z. Zhang, and J. Xie: J. Magn. Magn. Mater., 2016, vol. 401, pp. 625–32."
10.1007/s11661-017-4031-z,10.1016/0956-7151(94)00253-E,4031_CR10,N. Wang,1995,,Acta Metall. Mater.,"N. Wang, Z. Wang, K.T. Aust, and U. Erb: Acta Metall. Mater., 1995, vol. 43, pp. 519–28."
10.1007/s11661-017-4031-z,10.3390/ma10010001,4031_CR11,L. Wang,2016,,Mater. Des.,"L. Wang, E. Mostaed, X. Cao, G. Huang, A. Fabrizi, F. Bonollo, C. Chi, and M. Vedani: Mater. Des., 2016, vol. 89, pp. 1–8."
10.1007/s11661-017-4031-z,10.1016/j.msea.2014.07.066,4031_CR12,K. Zhou,2014,,Mater. Sci. Eng. A,"K. Zhou, B. Liu, Y. Yao, and K. Zhong: Mater. Sci. Eng. A, 2014, vol. 615, pp. 92–97."
10.1007/s11661-017-4031-z,,4031_CR13,,,,,"ASTM E0112-10: Test Methods for Determining Average Grain Size, ASTM International, West Conshohocken, PA, 2010."
10.1007/s11661-017-4031-z,,4031_CR14,E. Heyn,1903,,Metallographist,"E. Heyn: Metallographist, 1903, vol. 5, pp. 37–64."
10.1007/s11661-017-4031-z,,4031_CR15,J.E. Hilliard,1964,,Met. Prog.,"J.E. Hilliard: Met. Prog., 1964, vol. 85, pp. 99–102."
10.1007/s11661-017-4031-z,,4031_CR16,G.F. Vander Voort,1999,,,"G.F. Vander Voort: Metallography, Principles and Practice, ASM International, Materials Park, OH, 1999."
10.1007/s11661-017-4031-z,,4031_CR17,,,,,"ASTM E2627-13: Practice for Determining Average Grain Size Using Electron Backscatter Diffraction (EBSD) in Fully Recrystallized Polycrystalline Materials, ASTM International, West Conshohocken, PA, 2013."
10.1007/s11661-017-4031-z,,4031_CR18,,,,,"ASTM E1382-15: Standard Test Methods for Determining Average Grain Size Using Semiautomatic and Automatic Image Analysis, ASTM International, West Conshohocken, PA, 2015."
10.1007/s11661-017-4031-z,,4031_CR19,,,,,"ISO 13067-11: Microbeam Analysis—Electron Backscatter Diffraction—Measurement of Average Grain Size, International Organization for Standardization, Geneva, Switzerland, 2011."
10.1007/s11661-017-4031-z,,4031_CR20,H.W.L. Phillips,1942,,J. Inst. Met.,"H.W.L. Phillips: J. Inst. Met., 1942, vol. 58, pp. 47–108."
10.1007/s11661-017-4031-z,,4031_CR21,F. Schückher,1959,,Jernkontorets Ann.,"F. Schückher and L. Janerot: Jernkontorets Ann., 1959, vol. 143, pp. 593–614."
10.1007/s11661-017-4031-z,,4031_CR22,R.T. Dehoff,1968,,,"R.T. Dehoff and F.N. Rhines: Quantitative Microscopy, New York, NY: McGraw-Hill, 1968."
10.1007/s11661-017-4031-z,,4031_CR23,E.E. Underwood,1970,,,"E.E. Underwood: Quantitative Stereology, Reading, MA: Addison-Wesley, 1970."
10.1007/s11661-017-4031-z,10.1038/155024a0,4031_CR24,S.I. Tomkeieff,1945,,Nature,"S.I. Tomkeieff: Nature, 1945, vol. 155, pp. 24–24."
10.1007/s11661-017-4031-z,,4031_CR25,,,,,"Y.A. Coutinho: Master’s Thesis, New York State College of Ceramics at Alfred University, Alfred, NY, 2016."
10.1007/s11661-017-4031-z,,4031_CR26,,,,,"S.C.K. Rooney: Senior Undergraduate Thesis, New York State College of Ceramics at Alfred University, Alfred NY, 2014."
10.1007/s11661-017-4031-z,10.1080/10586458.1992.10504253,4031_CR27,K.A. Brakke,1992,,Exp. Math.,"K.A. Brakke: Exp. Math., 1992, vol. 1, pp. 141–65."
10.1007/s11661-017-4031-z,,4031_CR28,,,,,"K. Benkrid and D. Crookes: Ir. Mach. Vis. Image Process. Conf., 2000, pp. 51–57."
10.1007/s11661-017-4031-z,10.7717/peerj.453,4031_CR29,S. Van der Walt,2014,,PeerJ,"S. Van der Walt, J.L. Schönberger, J. Nunez-Iglesias, F. Boulogne, J.D. Warner, N. Yager, E. Gouillart, and T. Yu: PeerJ, 2014, vol. 2, p. e453."
10.1007/s11661-017-4031-z,,4031_CR30,,,,,"D. Kraft: “A software package for sequential quadratic programming,” Technical Report DFVLR-FB 88-28, Institut fuer Dynamik der Flugsysteme, Oberpfaffenhofen, Germany, 1988."
10.1007/s11661-017-4031-z,10.1088/0026-1394/47/2/S08,4031_CR31,K.P. Mingard,2010,,Metrologia,"K.P. Mingard, B. Roebuck, P. Quested, and E.G. Bennett: Metrologia, 2010, vol. 47, pp. S67–82."
10.1007/s11661-017-4031-z,10.1007/s40194-016-0318-8,4031_CR32,P. Lehto,2016,,Weld. World,"P. Lehto, J. Romanoff, H. Remes, and T. Sarikka: Weld. World, 2016, vol. 60, pp. 673–88."
10.1007/s11661-017-4031-z,10.1111/j.1365-2818.2007.01814.x,4031_CR33,K.P. Mingard,2007,,J. Microsc.,"K.P. Mingard, B. Roebuck, E.G. Bennett, M. Thomas, B.P. Wynne, and E.J. Palmiere: J. Microsc., 2007, vol. 227, pp. 298–308."
10.1007/s11661-017-4031-z,10.1016/j.jnucmat.2014.10.005,4031_CR34,X. Iltis,2015,,J. Nucl. Mater.,"X. Iltis, N. Gey, C. Cagna, A. Hazotte, and Ph. Sornay: J. Nucl. Mater., 2015, vol. 456, pp. 426–35."
10.1007/s11661-017-4031-z,10.1016/j.intermet.2016.06.003,4031_CR35,L. Cheng,2016,,Intermetallics,"L. Cheng, J. Li, X, Xue, B. Tang, H. Kou, and E. Bouzy: Intermetallics, 2016, vol. 75, pp. 62–71."
10.1007/s11661-017-4031-z,10.1111/j.0022-2720.2004.01297.x,4031_CR36,F.J. Humphreys,2004,,J. Microsc.,"F. J. Humphreys: J. Microsc., 2004, vol. 213, pp. 247–56."
10.1007/s11661-017-4031-z,10.1023/A:1017973432592,4031_CR37,F.J. Humphreys,2001,,J. Mater. Sci.,"F. J. Humphreys: J. Mater. Sci., 2001, vol. 36, pp. 3833–54."
10.1007/s11661-017-4031-z,,4031_CR38,,,,,"T. Maitland and S. Sitzman: Scanning Electron Microscopy for Nanotechnology: Techniques and Applications, Springer, Berlin, Germany, 2007."
10.1007/s11661-017-4031-z,10.1016/j.actamat.2013.06.018,4031_CR39,F. Otto,2013,,Acta Mater.,"F. Otto, A. Dlouhý, C. Somsen, H. Bei, G. Eggeler, and E.P. George: Acta Mater., 2013, vol. 61, pp. 5743–55."
10.1007/s11661-017-4031-z,,4031_CR40,,,,,"K.P. Mingard, P.N. Quested, and M.S. Peck: NPL Report MAT 56: Determination of Grain Size by EBSD—Report on a Round Robin Measurement of Equiaxed Titanium, National Physical Laboratory, Teddington, UK, 2012."
10.1007/s11661-017-4031-z,10.1016/j.ultramic.2010.06.001,4031_CR41,M.A. Bingham,2010,,Ultramicroscopy,"M.A. Bingham, B.K. Lograsso, and F.C. Laabs: Ultramicroscopy, 2010, vol. 110, pp. 1312–19."
10.1007/s11661-017-4031-z,,4031_CR42,,,,,"A. Deal: Interlaboratory Study to Establish Precision Statements for ASTM E2627-13, Standard Practice for Determining Average Grain Size Using Electron Backscatter Diffraction (EBSD) in Fully Recrystallized Polycrystalline Materials. Committee E04 on Metallography, Subcommittee E04.11 on X-ray and Electron Metallography, ASTM International, West Conshohocken, PA, 2013."
10.1007/s11661-017-4031-z,10.1016/j.ultramic.2015.10.010,4031_CR43,G. Nolze,2016,,Ultramicroscopy,"G. Nolze, A. Winkelmann, and A.P. Boyle: Ultramicroscopy, 2016, vol. 160, pp. 146–54."
10.1007/s11661-017-4031-z,10.1017/S1431927615000756,4031_CR44,Y.H. Chen,2015,,Microsc. Microanal.,"Y.H. Chen, S.U. Park, D. Wei, G. Newstadt, M.A. Jackson, J.P. Simmons, M. De Graef, and A.O. Hero: Microsc. Microanal., 2015, vol. 21, pp. 739–752."
10.1007/s11661-017-4031-z,10.1016/j.scriptamat.2012.01.001,4031_CR45,J.C. Tucker,2012,,Scripta Mater.,"J.C. Tucker, L.H. Chan, G.S. Rohrer, M.A. Groeber, and A.D. Rollett: Scripta Mater., 2012, vol. 66, pp. 554–57."
10.1007/s11661-017-4031-z,10.1016/j.actamat.2007.11.010,4031_CR46,P.R. Rios,2008,,Acta Mater.,"P.R. Rios and M.E. Glicksman: Acta Mater., 2008, vol. 56, pp. 1165–71."
10.1007/s11661-017-4031-z,10.1016/j.actamat.2012.11.009,4031_CR47,E.J. Payton,2013,,Acta Mater.,"E.J. Payton, G. Wang, M.J. Mills, and Y. Wang: Acta Mater., 2013, vol. 61, pp. 1316–26."
10.1007/s11661-017-4031-z,10.1016/j.ijplas.2007.10.004,4031_CR48,L. St-Pierre,2008,,Int. J. Plast.,"L. St-Pierre, E. Héripré, M. Dexet, J. Crépin, G. Bertolino, and N. Bilger: Int. J. Plast., 2008, vol. 24, pp. 1516–32."
10.1007/s11661-017-4031-z,10.1016/j.commatsci.2003.10.006,4031_CR49,Z. Fan,2004,,Comput. Mater. Sci.,"Z. Fan, Y. Wu, X. Zhao, and Y. Lu: Comput. Mater. Sci., 2004, vol. 29, pp. 301–08."
10.1007/s11661-017-4031-z,10.1007/s11661-011-0851-4,4031_CR50,J.C. Tucker,2012,,Metall. Mater. Trans. A,"J.C. Tucker, L.H. Chan, G.S. Rohrer, M.A. Groeber, and A.D. Rollett: Metall. Mater. Trans. A, 2012, vol. 43A, pp. 2810–22."
10.1007/s11661-017-4031-z,10.1088/0965-0393/20/7/075005,4031_CR51,S.D. Sintay,2012,,Model. Simul. Mater. Sci. Eng.,"S.D. Sintay and A.D. Rollett: Model. Simul. Mater. Sci. Eng., 2012, vol. 20, p. 75005."
10.1007/s11661-017-4322-4,10.1017/CBO9780511623134,4322_CR1,J.W. Martin,1997,,,"1.J.W. Martin, R.D. Doherty, and B. Cantor: Stability of Microstructure in Metallic Systems, Cambridge University Press, Cambridge, UK, 1997."
10.1007/s11661-017-4322-4,10.7449/1996/Superalloys_1996_663_666,4322_CR2,,,,,"M. Soucail, M. Marty, and H. Ocor: in Superalloys 1996, R.D. Kissinger, D.J. Deye, D.L. Anton, A.D. Cetel, M.V. Nathal, T.M. Pollock, and D.A. Woodford, eds., TMS, Warrendale, PA,1996, pp. 663–66."
10.1007/s11661-017-4322-4,10.7449/2000/Superalloys_2000_49_58,4322_CR3,,,,,"E. Huron, S. Shrivatsa, and E. Raymond: in Superalloys 2000, T.M. Pollock, R.D. Kissinger, R.R. Bowman, K.A. Green, M. McLean, S. Olson, and J.J. Schirra, eds., TMS, Warrendale, PA, 2000, pp. 49–58."
10.1007/s11661-017-4322-4,10.1007/s11661-013-1675-1,4322_CR4,S.L. Semiatin,2013,,Metall. Mater. Trans. A,"4.S.L. Semiatin, K.E. McClary, A.D. Rollett, C.G. Roberts, E.J. Payton, F. Zhang, and T.P. Gabb: Metall. Mater. Trans. A, 2013, vol. 44A, pp. 2778-2798."
10.1007/s11661-017-4322-4,10.1007/s11661-014-2572-y,4322_CR5,S.L. Semiatin,2014,,Metall. Mater. Trans. A,"5.S.L. Semiatin, J.M. Shank, A.R. Shiveley, W.M. Saurber, E.F. Gaussa, and A.L. Pilchak: Metall. Mater. Trans. A, 2014, vol. 45A, pp. 6231-6251."
10.1007/s11661-017-4322-4,,4322_CR6,,,,,"E.J. Payton: Ph.D. Dissertation, The Ohio State University, Columbus, OH, 2009."
10.1007/s11661-017-4322-4,10.1016/S1359-6454(96)00284-4,4322_CR7,P.R. Rios,1997,,Acta Mater.,"7.P.R. Rios: Acta Mater., 1997, vol. 45, pp. 1785-1789."
10.1007/s11661-017-4322-4,,4322_CR8,,,,,"K. Song and M. Aindow: in Proc. Materials Science and Technology (MS&T) 2006: Fundamentals and Characterization, Vol. 2, Z-K. Lu, C.E. Campbell, L.Q. Chen, E. B. Damm, J.E. Morral, and J.L. Murray, eds., TMS, Warrendale, PA, 2006, pp. 211–220."
10.1007/s11661-017-4322-4,10.1016/j.actamat.2011.04.004,4322_CR9,G. Wang,2011,,Acta Mater.,"9.G. Wang, D.S. Xu, E.J. Payton, N. Ma, R. Yang, M.J. Mills, and Y. Wang: Acta Mater., 2011, vol. 59, pp. 4587-4594."
10.1007/s11661-017-4322-4,10.1007/s10853-012-6684-8,4322_CR10,E.J. Payton,2012,,J. Mater. Sci.,"10.E.J. Payton, T.A. Wynn, and M.J. Mills: J. Mater. Sci., 2012, vol. 20, pp. 7305-7311."
10.1007/s11661-017-4322-4,10.1007/s11661-017-4067-0,4322_CR11,F. Masoumi,2017,,Metall. Mater. Trans. A,"11.F. Masoumi, D. Shahriari, M. Jahazi, J. Cormier, and B.C.D. Flipo: Metall. Mater. Trans. A, 2017, vol. 48A, pp. 2886-2899."
10.1007/s11661-017-4322-4,10.1007/s11661-014-2512-x,4322_CR12,O.N. Senkov,2014,,Metall. Mater. Trans. A,"12.O.N. Senkov, D.W. Mahaffey, S.L. Semiatin, and C. Woodward: Metall. Mater. Trans. A, 2014, vol. 45A, pp. 5545-5561."
10.1007/s11661-017-4322-4,10.1016/S0921-5093(97)80011-1,4322_CR13,M. Soucail,1996,,Mater. Sci. Eng. A,"13.M. Soucail and Y. Bienvenu: Mater. Sci. Eng. A, 1996, vol. A220, pp. 215-222."
10.1007/s11661-017-4322-4,10.1007/s10853-007-1645-3,4322_CR14,J. Cormier,2007,,J. Mater. Sci.,"14.J. Cormier, X. Milhet, and J. Mendez: J. Mater. Sci., 2007, vol. 42, pp. 7780-7786."
10.1007/s11661-017-4322-4,10.1007/s11661-012-1397-9,4322_CR15,R. Giraud,2013,,Metall. Mater. Trans. A,"R. Giraud, Z. Hervier, J. Cormier, G. Saint-Martin, F. Hamon, X. Milhet, and J. Mendez: Metall. Mater. Trans. A, 2013, vol. 44, pp. 131-146."
10.1007/s11661-017-4322-4,10.1016/j.jallcom.2015.11.002,4322_CR16,F. Masoumi,2016,,J. Alloy. Compd.,"16.F. Masoumi, M. Jahazi, D. Shahriari, and J. Cormier: J. Alloys Comp., 2016, vol. 658, pp. 981-995."
10.1007/s11661-017-4322-4,10.1179/msc.1969.3.1.95,4322_CR17,M.J. Whelan,1969,,Metal Sci. J.,"17.M.J. Whelan: Metal Sci. Journal, 1969, vol. 3, pp. 95-97."
10.1007/s11661-017-4322-4,10.1007/BF02663326,4322_CR18,H.B. Aaron,1971,,Metall. Trans.,"18.H.B. Aaron and G.R. Kotler: Metall. Trans., 1971, vol. 2, pp. 393-408."
10.1007/s11661-017-4322-4,10.1179/msc.1970.4.1.222,4322_CR19,H.B. Aaron,1970,,Metal Sci. J.,"19.H.B. Aaron and G.R. Kotler: Metal Sci. Journal, 1970, vol. 4, 222-225."
10.1007/s11661-017-4322-4,10.1016/j.actamat.2008.09.010,4322_CR20,G. Wang,2009,,Acta Mater.,"20.G. Wang, D.S. Xu, N. Ma, N. Zhou, E.J. Payton, R. Yang, M.J. Mills, and Y. Wang: Acta Mater., 2009, vol. 57, pp. 316-325."
10.1007/s11661-017-4322-4,10.7449/2004/Superalloys_2004_323_329,4322_CR21,,,,,"J. Gayda, T.P. Gabb, and P.T. Kantzos: in Superalloys 2004, K.A. Green, T.M. Pollock, H. Harada, T.E. Howson, R.C. Reed, J.J. Schirra, and S. Walston, eds., TMS, Warrendale, PA, 2004, pp. 323–30."
10.1007/s11661-017-4322-4,,4322_CR22,,,,,"J. Lemsky: Report NASA/CR-2005-213574, Ladish Company, Inc., Cudahy, WI, February 2005 (available electronically at http://gltrs.grc.nasa.gov)."
10.1007/s11661-017-4322-4,10.1007/s11661-011-1035-y,4322_CR23,S.L. Semiatin,2012,,Metall. Mater. Trans. A,"23.S.L. Semiatin, K. E. McClary, A.D. Rollett, C.G. Roberts, E.J. Payton, F. Zhang, and T.P. Gabb: Metall. Mater. Trans. A, 2012, vol. 43A, pp. 1649-1661."
10.1007/s11661-017-4322-4,10.1007/s11661-015-2748-0,4322_CR24,S.L. Semiatin,2015,,Metall. Mater. Trans. A,"24.S.L. Semiatin, S-L. Kim, F. Zhang, and J.S. Tiley: Metall. and Mater. Trans. A, 2015, vol. 46A, pp. 1715-1730."
10.1007/s11661-017-4322-4,,4322_CR25,,,,,"D.E. DeMania: PhD Dissertation, University of Virginia, Charlottesvile, VA, 2002."
10.1007/s11661-017-4322-4,10.1007/s11661-017-4296-2,4322_CR26,,,,,"S.L. Semiatin, D.W. Mahaffey, N.C. Levkulich, and O.N. Senkov: Metall. Mater. Trans. A, 2017, DOI:10.1007/s11661-017-4296-2."
10.1007/s11661-017-4322-4,10.1016/0001-6160(84)90181-0,4322_CR27,P.W. Voorhees,1984,,Acta Metall.,"27.P.W. Voorhees and M.E. Glicksman: Acta Metall., 1984, vol. 32, pp. 2013-2030."
10.1007/s11661-017-4322-4,10.1016/S0079-6425(00)00004-9,4322_CR28,O. Grong,2002,,Prog. Mater. Sci.,"28.O. Grong and H.R. Shercliff: Progress in Materials Science, 2002, vol. 47, pp. 163-282."
10.1007/s11661-017-4322-4,,4322_CR29,S.L. Semiatin,2016,,Integr. Mater. Manufact. Innov.,"29.S.L. Semiatin, F. Zhang, R. Larsen, L.A. Chapman, and D.U. Furrer: Integrating Materials and Manufacturing Innovation, 2016, vol. 5, no. 3, pp. 1-20."
10.1007/s11661-017-4322-4,,4322_CR30,,,,,"T.P. Gabb, J. Gayda, D.F. Johnson, R.A. McKay,, R.B. Rogers, C.K. Sudbrack, A. Garg, I.E. Locci, S.L. Semiatin, and E. Kang: Report NASA/TM-2016-218936, NASA Glenn Research Center, Cleveland, OH, February 2016 (available electronically at http://gltrs.grc.nasa.gov)."
10.1007/s11661-017-4322-4,10.1007/BF02658301,4322_CR31,I. Weiss,1979,,Metall. Trans. A,"31.I. Weiss and J.J. Jonas: Metall. Trans. A, 1979, vol. 10A, pp. 831-840."
10.1007/s11661-017-4322-4,10.1007/BF02670761,4322_CR32,P. Louis,1995,,Metall. Mater. Trans. A,"32.P. Louis and A. Gokhale: Metall. Mater. Trans. A, 1995, vol. 26A, pp. 1741-1744."
10.1007/s11661-018-05104-w,,5104_CR1,,,,,"M. J. Donachie (ed.): Superalloys: Source Book, ASM International, Materials Park, OH, 1984."
10.1007/s11661-018-05104-w,10.1016/S0921-5093(97)80011-1,5104_CR2,M. Soucail,1996,,Mater. Sci. Eng. A,"M. Soucail and Y. Bienvenu: Mater. Sci. Eng. A, 1996, vol. A220, pp. 215-222."
10.1007/s11661-018-05104-w,10.1007/s10853-007-1645-3,5104_CR3,J. Cormier,2007,,J. Mater. Sci.,"J. Cormier, X. Milhet, and J. Mendez: J. Mater. Sci., 2007, vol. 42, pp. 7780-7786."
10.1007/s11661-018-05104-w,10.1007/s11661-012-1397-9,5104_CR4,R. Giraud,2013,,Metall. Mater. Trans. A,"R. Giraud, Z. Hervier, J. Cormier, G. Saint-Martin, F. Hamon, X. Milhet, and J. Mendez: Metall. Mater. Trans. A, 2013, vol. 44, pp. 131-146."
10.1007/s11661-018-05104-w,10.1016/j.jallcom.2015.11.002,5104_CR5,F. Masoumi,2016,,J. Alloys Compd.,"F. Masoumi, M. Jahazi, D. Shahriari, and J. Cormier: J. Alloys Comp., 2016, vol. 658, pp. 981-995."
10.1007/s11661-018-05104-w,10.1179/msc.1969.3.1.95,5104_CR6,M.J. Whelan,1969,,Metal Sci. J.,"M.J. Whelan: Metal Sci. Journal, 1969, vol. 3, pp. 95-97."
10.1007/s11661-018-05104-w,10.1007/BF02663326,5104_CR7,H.B. Aaron,1971,,Metall. Trans.,"H.B. Aaron and G.R. Kotler: Metall. Trans., 1971, vol. 2, pp. 393-408."
10.1007/s11661-018-05104-w,10.1179/msc.1970.4.1.222,5104_CR8,H.B. Aaron,1970,,Metal Sci. J.,"H.B. Aaron and G.R. Kotler: Metal Sci. Journal, 1970, vol. 4, 222-225."
10.1007/s11661-018-05104-w,10.1016/j.actamat.2008.09.010,5104_CR9,G. Wang,2009,,Acta Mater.,"G. Wang, D.S. Xu, N. Ma, N. Zhou, E.J. Payton, R. Yang, M.J. Mills, and Y. Wang: Acta Mater., 2009, vol. 57, pp. 316-325."
10.1007/s11661-018-05104-w,,5104_CR10,R.D. Doherty,1996,,,"R.D. Doherty: Msdkf fldf f, In: R.W. Cahn and P. Haasen, eds.,in Physical Metallurgy, North-Holland, Amsterdam, 1996"
10.1007/s11661-018-05104-w,,5104_CR11,D. Turnbull,1958,,,"D. Turnbull (1958) Fmr hth htyht. In: F. Seitz and D. Turnbull, eds., Solid-State Physics, vol. 3. Academic Press, New York, pp. 226-306."
10.1007/s11661-018-05104-w,10.1016/0079-6425(63)90010-0,5104_CR12,A. Kelly,1963,,Prog. Mater. Sci.,"A. Kelly and R.B. Nicholson: Progress in Materials Sci., 1963, vol. 10, pp. 151-391."
10.1007/s11661-018-05104-w,,5104_CR13,K.C. Russell,1970,,,"K.C. Russell: in Phase Transformations, ASM, Metals Park, OH, 1970, pp. 219-268."
10.1007/s11661-018-05104-w,,5104_CR14,J.W. Christian,1975,,,"J.W. Christian: The Theory of Transformations in Metals and Alloys, 2nd Edition, Pergamon Press, Oxford, UK, 1975."
10.1007/s11661-018-05104-w,10.1016/0001-8686(80)80003-0,5104_CR15,K.C. Russell,1980,,Adv. Colloid Interface Sci.,"K.C. Russell: Advances in Colloid and Interface Sci., 1980, vol. 13, pp. 205-318."
10.1007/s11661-018-05104-w,,5104_CR16,P. Haasen,1984,,,"P. Haasen, V. Gerold, R. Wagner, and M.F. Ashby: Decomposition of Alloys: The Early Stages, Pergamon Press, Oxford, UK, 1984."
10.1007/s11661-018-05104-w,10.1007/BF02647541,5104_CR17,H.I. Aaronson,1992,,Metall. Mater. Trans. A,"H.I. Aaronson and F.K. LeGoues: Metall. Trans. A, 1992, vol. 23, pp. 1915-1945."
10.1007/s11661-018-05104-w,,5104_CR18,H.S. Carslaw,1959,,,"H.S. Carslaw and J.C. Jaeger: Conduction of Heat in Solids, Oxford University press, London, 1959."
10.1007/s11661-018-05104-w,10.1063/1.1658474,5104_CR19,H.B. Aaron,1970,,J. Appl. Phys.,"H.B. Aaron, D. Fainstein, and G.R. Kotler: J. Applied Phys., 1970, vol. 41, pp. 4404-4410."
10.1007/s11661-018-05104-w,10.1017/CBO9780511623134,5104_CR20,J.W. Martin,1997,,,"J.W. Martin, R.D. Doherty, and B. Cantor: Stability of Microstructure in Metallic Systems, Cambridge University Press, Cambridge, UK, 1997."
10.1007/s11661-018-05104-w,10.1016/0022-3697(61)90054-3,5104_CR21,I.M. Lifshitz,1961,,J. Phys. Chem. Solids,"I.M. Lifshitz and V.V. Slyozov: J. Phys. Chem. Solids, 1961, vol. 19, pp. 35-51."
10.1007/s11661-018-05104-w,,5104_CR22,C. Wagner,1961,,Zeit. Elektrochem.,"C. Wagner: Zeit. Elektrochem., 1961, vol. 65, pp. 581-591."
10.1007/s11661-018-05104-w,,5104_CR23,L. Ratke,2002,,,"L. Ratke and P.W. Voorhees: Growth and Coarsening- Ostwld Ripening in Material Processing, Springer Verlag, Berlin, 2002."
10.1007/s11661-018-05104-w,10.1016/0001-6160(72)90114-9,5104_CR24,A.J. Ardell,1972,,Acta Metall.,"A.J. Ardell: Acta Metall., 1972, vol. 20, pp. 61-71."
10.1007/s11661-018-05104-w,10.1016/0001-6160(79)90041-5,5104_CR25,A.D. Brailsford,1979,,Acta Metall.,"A.D. Brailsford and P. Wynblatt: Acta Metall., 1979, vol. 27, pp. 489-497."
10.1007/s11661-018-05104-w,10.1016/0001-6160(84)90180-9,5104_CR26,P.W. Voorhees,1984,,Acta Metall.,"P.W. Voorhees and M.E. Glicksman: Acta Metall., 1984, vol. 32, pp. 2001-2011."
10.1007/s11661-018-05104-w,10.1016/0001-6160(84)90181-0,5104_CR27,P.W. Voorhees,1984,,Acta Metall.,"P.W. Voorhees and M.E. Glicksman: Acta Metall., 1984, vol. 32, pp. 2013-2030."
10.1007/s11661-018-05104-w,10.1016/0956-7151(94)90293-3,5104_CR28,H.A. Calderon,1994,,Acta Metall. Mater.,"H. A. Calderon, P.W. Voorhees, J.L. Murray, and G. Kostorz: Acta Metall. et Mater., 1994, vol. 42, pp. 991-1000."
10.1007/s11661-018-05104-w,10.1016/0956-716X(93)90191-T,5104_CR29,A. Umantsev,1993,,Scripta Metall. Mater.,"A. Umantsev and G.B. Olson: Scripta Metall. et Mater., 1993, vol. 29, pp. 1135-1140."
10.1007/s11661-018-05104-w,10.1016/0956-716X(94)90413-8,5104_CR30,J.E. Morral,1994,,Scripta Metall. Mater.,"J.E. Morral and G.R. Purdy: Scripta Metall. et Mater., 1994, vol. 30, pp. 905-908."
10.1007/s11661-018-05104-w,10.1007/BF02649761,5104_CR31,C.J. Kuehmann,1996,,Metall. Mater. Trans A,"C.J. Kuehmann and P.W. Voorhees: Metall. and Mater. Trans A, 1996, vol. 27A, pp. 937-943."
10.1007/s11661-018-05104-w,10.1023/A:1015408116016,5104_CR32,A. Baldan,2002,,J. Mater. Sci.,"A. Baldan: J. Mater. Sci., 2002, vol. 37, pp. 2379-2405."
10.1007/s11661-018-05104-w,10.1007/BF02665423,5104_CR33,V. Biss,1973,,Metall. Trans.,"V. Biss and D.L. Sponseller: Metall. Trans., 1973, vol. 4, pp. 1953-1960."
10.1007/s11661-018-05104-w,10.1007/BF00540433,5104_CR34,P.K. Footner,1982,,J. Mater. Sci.,"P.K. Footner and B.P. Richards: J. Mater. Sci., 1982, vol. 17, pp. 2141-2153."
10.1007/s11661-018-05104-w,10.1007/s12598-009-0039-x,5104_CR35,H. Li,2009,,Rare Metals,"H. Li, L. Zuo, X. Song, Y. Wang, and G. Chen: Rare Metals, 2009, vol. 28(2), pp. 197-201."
10.1007/s11661-018-05104-w,10.1007/BF02913886,5104_CR36,E.H. van der Molen,1971,,Metall. Trans.,"E.H. van der Molen, J.M. Oblak, and O.H. Kriege: Metall. Trans., 1971, vol. 2, pp. 1627-1633."
10.1007/s11661-018-05104-w,10.1179/mst.1986.2.6.543,5104_CR37,A.A. Hopgood,1986,,Mater. Sci. Technol.,"A.A. Hopgood and J.W. Martin: Mater. Sci. Tech., 1986, vol. 2, pp. 543-546."
10.1007/s11661-018-05104-w,10.1023/A:1018672107071,5104_CR38,H.T. Kim,1997,,J. Mater. Sci.,"H.T. Kim, S.S. Chun, X.X. Yao, Y. Fang, and J. Choi: J. Mater. Sci., 1997, vol. 32, pp. 4917-4923."
10.1007/s11661-018-05104-w,10.1023/A:1018694716756,5104_CR39,A. Ges,1997,,J. Mater. Sci.,"A. Ges, O. Fornaro, and H. Palacio: J. Mater. Sci., 1997, vol. 32, pp. 3687-3691."
10.1007/s11661-018-05104-w,10.1016/j.msea.2006.12.107,5104_CR40,A. Ges,2007,,Mater. Sci. Eng. A,"A. Ges, O. Fornaro, and H. Palacio: Mater. Sci.Eng., 2007, vol. A458, pp. 96-100."
10.1007/s11661-018-05104-w,,5104_CR41,J. Lapin,2008,,Kovove Mater.,"J. Lapin, M. Gebura, T. Pelachova, and M. Nazmy: Kovove Mater., 2008, vol. 46, pp. 313-322."
10.1007/s11661-018-05104-w,10.1016/j.actamat.2009.02.010,5104_CR42,J.S. Tiley,2009,,Acta Mater.,"J.S. Tiley, G.B. Viswanathan, R. Srinivasan, R. Banerjee, D.M. Dimiduk, and H.L. Fraser: Acta Mater., 2009, vol. 57, pp. 2538-2549."
10.1007/s11661-018-05104-w,10.1007/s11661-002-0325-9,5104_CR43,X. Li,2002,,Metall. Mater. Trans. A,"X. Li, N. Saunders, and A.P. Miodownik: Metall. Mater. Trans. A, 2002, vol. 33A, pp. 3367-3373."
10.1007/s11661-018-05104-w,10.1016/j.jallcom.2015.01.215,5104_CR44,C. Ai,2015,,J. Alloys Compd.,"C. Ai, X. Zhao, J. Zhou, H. Zhang, L Liu, Y. Pei, S. Li, and S. Gong: J. Alloys and Compounds, 2015, vol. 632, pp. 558-562."
10.1007/s11661-018-05104-w,10.1016/j.actamat.2007.09.024,5104_CR45,M. Mrotzek,2008,,Acta Mater.,"M. Mrotzek and E. Nembach: Acta Mater., 2008, vol. 56, pp. 150-154."
10.1007/s11661-018-05104-w,10.1016/j.actamat.2010.03.017,5104_CR46,J. Coakley,2010,,Acta Mater.,"J. Coakley, H. Basoalto, and D. Dye: Acta Mater., 2010, vol. 58, pp. 4019-4028."
10.1007/s11661-018-05104-w,10.1007/s11661-997-0231-2,5104_CR47,R.V. Miner,1997,,Metall. Mater. Trans. A,"R.V. Miner: Metall. Mater. Trans. A, 1997, vol. 28A, pp. 1011-1020."
10.1007/s11661-018-05104-w,10.1186/2193-9772-3-10,5104_CR48,,,,,"J. Sosa, M. Huber, D.E. Welk, and H.L. Fraser: IMMI, 2014, vol. 3 (18)."
10.1007/s11661-018-05104-w,10.1016/j.matchar.2018.03.051,5104_CR49,T.M. Smith,2018,,Mater. Charact.,"T.M. Smith, P. Bonacuse, J. Sosa, M. Kulis, and L. Evans: Mater. Characterization, 2018, vol. 140, pp. 86-94."
10.1007/s11661-018-05104-w,10.1007/s11661-018-4808-8,5104_CR50,A.R.C. Gerlt,2018,,Metall. Mater. Trans. A,"A.R.C. Gerlt, R.S. Picard, A.E. Sauber, A.K. Criner, S.L. Semiatin, and E.J. Payton: Metall. Mater. Trans. A, 2018, vol. 49A, pp. 4424-4428."
10.1007/s11661-018-05104-w,10.1186/s40192-016-0046-3,5104_CR51,,,,,"S.L. Semiatin, F. Zhang, R. Larsen, L.A. Chapman, and D.U. Furrer: IMMI, 2016, vol. 5 (3)."
10.1007/s11661-018-05104-w,10.1016/j.actamat.2006.08.009,5104_CR52,C.K. Sudbrack,2007,,Acta Mater.,"C.K. Sudbrack, R.D. Noebe, D.N. Seidman: Acta Mater., 2007, vol. 55, pp.119–130."
10.1007/s11661-018-05104-w,10.1007/s11661-004-0228-z,5104_CR53,S.L. Semiatin,2004,,Metall. Mater. Trans. A,"S.L. Semiatin, B.C. Kirby, and G.A. Salishchev: Metall. Mater. Trans. A, 2004, vol. 35A, pp. 2809-2819."
10.1007/s11661-018-05104-w,,5104_CR54,,,,,"M.S.A. Karunaratne, D.C. Cox, P. Carter, and R.C. Reed: in Superalloys 2000, T.M. Pollock, R.D. Kissinger, R.R. Bowman, K.A. Green, M. McLean, S. Olson, and J.J. Schirra, eds., TMS, Warrandale, PA, 2000, pp. 263–272."
10.1007/s11661-018-05104-w,10.1007/s11669-004-0167-9,5104_CR55,C.E. Campbell,2004,,J. Phase Equilib. Diffus.,"C.E. Campbell: J. Phase Equil Diffusion, 2004, vol. 25, pp. 6-15."
10.1007/s11661-018-05104-w,10.1016/0956-7151(90)90171-C,5104_CR56,R.A. MacKay,1990,,Acta Metall. Mater.,"R.A. MacKay and M.V. Nathal: Acta Metall. Mater., 1990, vol. 38, pp. 993-1005."
10.1007/s11661-018-05104-w,10.1007/BF02643569,5104_CR57,D.A. Grose,1981,,Metall. Mater. Trans. A,"D.A. Grose and G.S. Ansell: Metall. Trans. A, 1981, vol. 12A, pp. 1631-1645."
10.1007/s11661-018-05104-w,,5104_CR58,T.P. Gabb,2016,,,"T.P. Gabb, J. Gayda, D.F. Johnson, R.A. MacKay,, R.B. Rogers, C.K. Sudbrack, A. Garg, I.E. Locci, S.L. Semiatin, and E. Kang, “Comparison of γ - γ′ Phase Coarsening Response of Three Powder Metal Disk Superalloys,” Report NASA/TM-2016-218936, NASA Glenn Research Center, Cleveland, OH, February 2016."
10.1007/s11661-018-05104-w,10.1038/nmat1340,5104_CR59,A.J. Ardell,2005,,Nat. Mater.,"A.J. Ardell and V. Ozolins: Nature Materials, 2005, vol. 4, pp. 309-316."
10.1007/s11661-018-4808-8,10.1016/j.actamat.2012.11.009,4808_CR1,E.J. Payton,2013,,Acta Mater.,"E.J. Payton, G. Wang, M. J. Mills, Y. Wang: Acta Mater., 2013, vol. 61, pp. 1316-1326."
10.1007/s11661-018-4808-8,10.1016/j.actamat.2008.09.010,4808_CR2,G. Wang,2009,,Acta Mater.,"G. Wang, D.S. Xu, N. Ma, N. Zhou, E.J. Payton, R. Yang, Y. Wang: Acta Mater., 2009, vol. 57, pp. 316-325."
10.1007/s11661-018-4808-8,10.1007/s11661-004-0228-z,4808_CR3,S.L. Semiatin,2004,,Metall. Trans. A.,"S.L. Semiatin, B.C. Kirby, G.A. Salishchev: Metall. Trans. A., 2004, vol. 35A, pp. 2809-2819."
10.1007/s11661-018-4808-8,10.1007/s11661-017-4322-4,4808_CR4,S.L. Semiatin,2017,,Metall. Trans. A.,"S.L. Semiatin, N.C. Levkulich, A.E. Saurber, D.W. Mahaffey, E.J. Payton, O.N. Senkov: Metall. Trans. A., 2017, vol. 48, pp. 5567-5578."
10.1007/s11661-018-4808-8,10.1007/s11661-998-0154-6,4808_CR5,S.L. Semiatin,1998,,Metall. Trans. A.,"S.L. Semiatin, V. Seetharaman, D.M. Dimiduk, K.H.G. Ashbee: Metall. Trans. A., 1998, vol. 29, pp. 7-18."
10.1007/s11661-018-4808-8,,4808_CR6,A.L. Pilchak,2017,,Metall. Mater. Trans. A.,"A.L. Pilchak, G.A. Sargent, S.L. Semiatin: Metall. Mater. Trans. A., 2017, 49(3), pp 908-919."
10.1007/s11661-018-4808-8,,4808_CR7,J.E. Hillard,2010,,,"J.E. Hillard, L.R. Lawson: Stereology and Stochastic Geometry. Kluwer, Dordrecht, 2010."
10.1007/s11661-018-4808-8,10.1111/j.1365-2818.1969.tb00663.x,4808_CR8,E.E. Underwood,1969,,J. Microsc.,"E.E. Underwood: J. Microsc., 1969, vol. 89, pp 161-180."
10.1007/s11661-018-4808-8,,4808_CR9,E.J. Payton,2012,,J. Miner. Mater. Charact. Eng.,"E.J. Payton: J. Miner. Mater. Charact. Eng., 2012, vol. 11 No. 3, pp. 221-242."
10.1007/s11661-018-4808-8,10.1016/S0016-0032(29)91451-4,4808_CR10,T. Hatch,1929,,J. Franklin Inst.,"T. Hatch, S.P. Choate: J. Franklin Inst., 1929 vol. 207, pp. 369-97."
10.1007/s11661-018-4808-8,10.1111/j.1151-2916.1969.tb11975.x,4808_CR11,M.I. Mendelson,1967,,J. Am. Ceram. Soc,"M.I. Mendelson: J. Am. Ceram. Soc, 1967, vol. 52, No. 8 pp 443-446."
10.1007/s11661-018-4808-8,,4808_CR12,,,,,"S.A. Saltikov: Stereology, ed. H. Elias, Springer, Berlin, Heidelberg, 1970."
10.1007/s11661-018-4808-8,10.1016/0001-6160(57)90136-0,4808_CR13,P. Feltham,1957,,Acta Met.,"P. Feltham: Acta Met., 1957, vol. 5, pp. 97-105."
10.1007/s11661-018-4808-8,10.1016/0001-6160(65)90200-2,4808_CR14,M. Hillert,1965,,Acta Met.,"M. Hillert, Acta Met., 1965, vol. 13, pp. 227-238."
10.1007/s11661-018-4808-8,10.1520/e0112-12,4808_CR15,,,,,"ASTM Standard E112-2: “Standard Test Methods for Determining Average Grain Size”, ASTM International, West Conshohocken, PA, 2002, https://doi.org/10.1520/e0112-12, www.astm.org."
10.1007/s11661-018-4808-8,,4808_CR16,,,,,"H.B. Aaron, R.D. Smith, and E.E Underwood: Proceedings from the 1st International Congress on Stereology, Vienna, paper 16, 1963."
10.1007/s11661-018-4808-8,10.5566/ias.v19.p91-97,4808_CR17,G. Liu,2000,,Image Anal. Stereol.,"G. Liu, H Yu: Image analysis Stereology, 2000, vol19, pp 91-97."
10.1007/s11661-018-4808-8,10.1093/biomet/52.3-4.591,4808_CR18,S.S. Shapiro,1965,,Biometrika,"S.S. Shapiro, M.B. Wilk, Biometrika, 1965, vol. 52, pp 591-611."
10.1007/s11661-018-4808-8,10.1007/BF02670761,4808_CR19,P. Louis,1995,,Metall. Mater. Trans. A.,"P. Louis, A. Gokhale: Metall. Mater. Trans. A., 1995, vol. 26, pp 1741-1744."
10.1007/s11661-018-4808-8,10.1007/s11661-017-4031-z,4808_CR20,Y.A. Coutinho,2017,,Metall. Mater Trans. A.,"Y.A. Coutinho, S.C.K. Rooney, E.J. Payton: Metall. Mater Trans. A., 2017, 48(5), pp 2375-2395."
10.1007/s11661-018-4977-5,10.1016/S1359-6454(02)00577-3,4977_CR1,S. Morito,2003,,Acta Mater.,"S. Morito, H. Tanaka, R. Konishi and T. Maki: Acta Mater., 2003, vol. 51, pp. 1789–1799."
10.1007/s11661-018-4977-5,10.1016/j.actamat.2005.11.001,4977_CR2,H. Kitahara,2006,,Acta Mater.,"H. Kitahara, R. Ueji, N. Tsuji, Y. Minamino, Acta Mater., 2006, vol. 54, pp. 1279-1288"
10.1007/s11661-018-4977-5,,4977_CR3,G. Krauss,1978,,,"G. Krauss, Hardenability Concepts with Applications to Steel (Warrendale, PA, AIME, 1978), pp. 229–248"
10.1007/s11661-018-4977-5,10.1007/BF02814873,4977_CR4,G. Krauss,1971,,Metall. Trans.,"G. Krauss and A.R. Marder: Metall. Trans., 1971, vol. 2, pp. 2343–2357."
10.1007/s11661-018-4977-5,,4977_CR5,A.R. Marder,1967,,ASM Trans.,"A. R. Marder and G. Krauss: ASM Trans., 1967, vol. 60, pp. 651–660."
10.1007/s11661-018-4977-5,,4977_CR6,,,,,"V.A. Yardley, E.J. Payton, T. Matsuzaki, R. Sugiura, A.T. Yokobori Jr., S. Tsurekawa, Y. Hasegawa, Creep and Fracture of Engineering Materials and Structures. Proc. 12th Int. Conf. Creep and Fracture of Eng. Mater. and Struct. (JIMIS 11), held at Kyoto TERRSA, Kyoto, Japan, May 27 31, 2012, Edited by: K. Maruyama, F. Abe, M. Igarashi, K. Kishida, M. Suzuki, K. Yoshimi, The Jap. Ins. of Met, Sendai, 2012, paper C14"
10.1007/s11661-018-4977-5,,4977_CR7,K. Kimura,1987,,Scr. Mater.,"K. Kimura, N. Ohi, K. Shimazu and T. Matsuo: Scr. Mater., 1987, vol. 21, pp. 19–22."
10.1007/s11661-018-4977-5,10.1179/1743284714Y.0000000603,4977_CR8,V.A. Yardley,2015,,Mater. Sci. Technol,"V.A. Yardley, S. Fahimi and E.J. Payton: Mater. Sci. Technol, 2015, vol. 31, pp. 547–553."
10.1007/s11661-018-4977-5,,4977_CR9,S.H. Hong,1989,,Scr. Mater.,"S.H. Hong and J. Yu: Scr. Mater. 1989, vol. 23, pp. 1057–1062."
10.1007/s11661-018-4977-5,,4977_CR10,,,,,"S. Matsuda, T. Inoue, H. Mimura, Y. Okamura, Climax Molybdenum Development Company, Ltd., Japan, 1971, pp. 45–66."
10.1007/s11661-018-4977-5,10.1016/j.actamat.2004.08.011,4977_CR11,Z. Guo,2004,,Acta. Mater.,"Z. Guo, C.S. Lee and J.W. Morris: Acta. Mater., 2004, vol. 52(19), pp. 5511–5518."
10.1007/s11661-018-4977-5,10.1016/j.msea.2005.12.048,4977_CR12,S. Morito,2006,,J. Mater. Sci. Eng. A,"S. Morito, H. Yoshida, T. Maki and X. Huang: J. Mat. Sci. Eng. A, 2006, 438–440, pp. 237–240."
10.1007/s11661-018-4977-5,10.1007/BF02646706,4977_CR13,S.K. Banerji,1978,,Metall. Trans. A,"S.K. Banerji, C.J. McMahon Jr. and H.C. Feng: Metall. Trans. A, 1978, vol. 9A, pp. 237–47."
10.1007/s11661-018-4977-5,10.1007/BF02652208,4977_CR14,R.M. Horn,1978,,Metall. Trans. A,"R.M. Horn and R.O. Ritchie: Metall. Trans. A, 1978, vol. 9A, pp. 1039–53."
10.1007/s11661-018-4977-5,,4977_CR15,,,,,"Z. Nishiyama: Sci. Rep., Tohoku Imperial Univ., vol. 23, pp. 637–64 (1934)."
10.1007/s11661-018-4977-5,,4977_CR16,,,,,"G. Wassermann: Über den Mechanismus der $$\alpha ->\gamma $$ Umwandlung des Eisens (On the Mechanism of the $$\alpha -> \gamma $$ Transformation of Iron). Mitteilungen aus dem Kais. Wilhelm. Inst. für Eisenforsch., vol. 17, pp. 149–55 (1935)."
10.1007/s11661-018-4977-5,10.1007/BF01397346,4977_CR17,,,,,"G. Kurdjumow, G. Sachs: Z. Physik, vol. 64, pp. 325–43 (1930)."
10.1007/s11661-018-4977-5,,4977_CR18,,,,,"J.W. Cahn, G. Kalonji: Proc. Int. Conf. Solid-Solid Phase Trans. Edited by: H.I. Aaronson, D.E. Laughlin, R.F. Sekerka and C.M. Wayman., The Met. Soc. of AIME (1982)."
10.1007/s11661-018-4977-5,,4977_CR19,A.B. Greninger,1949,,Metall. Trans.,"A. B. Greninger and A. R. Troiano: Metall. Trans., 1949, vol. 185, pp. 590–598."
10.1007/s11661-018-4977-5,,4977_CR20,M.S. Wechsler,1953,,Trans. AIME,"M.S. Wechsler, D.S. Lieberman and T.A. Read: Trans. AIME, 1953, vol. 197, pp. 1503–1515."
10.1007/s11661-018-4977-5,10.1016/0001-6160(54)90102-9,4977_CR21,J.S Bowles,1954,,Acta. Metall.,"J.S. Bowles and J.K. Mackenzie: Acta. Metall. 1954, vol. 2, pp. 129–137."
10.1007/s11661-018-4977-5,10.1016/0001-6160(54)90103-0,4977_CR22,J.K. Mackenzie,1954,,Acta. Metall.,"J.K. Mackenzie, J.S. Bowles, Acta. Metall. 1954, vol. 2, pp. 138-147"
10.1007/s11661-018-4977-5,10.1016/0001-6160(54)90163-7,4977_CR23,J.S. Bowles,1954,,Acta. Metall.,"J.S. Bowles and J.K. Mackenzie: Acta. Metall. 1954, vol. 2, pp. 224–234."
10.1007/s11661-018-4977-5,10.1016/0001-6160(57)90018-4,4977_CR24,J.K. Mackenzie,1957,,Acta. Metall.,"J.K. Mackenzie, J.S. Bowles, Acta. Metall. 1957, vol. 5, pp. 137-149"
10.1007/s11661-018-4977-5,10.1016/0001-6160(62)90052-4,4977_CR25,J.S. Bowles,1962,,Acta Metall.,"J.S. Bowles and J.K. Mackenzie: Acta Metall. 1962, vol. 10, pp. 625–636."
10.1007/s11661-018-4977-5,,4977_CR26,,,,,"Z. Nishiyama, M.E. Fine, C.M. Wayman: Martensitic Transformation, Materials Science and Technology. Academic Press, New York, 1978."
10.1007/s11661-018-4977-5,,4977_CR27,C.M. Wayman,1964,,,"C.M. Wayman, Introduction to the Crystallography of Martensitic Transformations. Macmillan, Macmillan Series in Materials Science (, 1964)"
10.1007/s11661-018-4977-5,10.1016/j.matchar.2004.12.015,4977_CR28,H. Kitahara,2005,,Mater. Charact.,"H. Kitahara, R. Ueji, M. Ueda, N. Tsuji and Y. Minamino: Mater. Charact., 2005, vol. 54, pp. 378–386."
10.1007/s11661-018-4977-5,10.1016/j.msea.2012.01.018,4977_CR29,M. Nikravesh,2012,,Mater. Sci. Eng.,"M. Nikravesh, M. Naderi, G.H. Akbari: Mater. Sci. Eng., 2012, vol. 540, pp. 24–29."
10.1007/s11661-018-4977-5,,4977_CR30,,,,,"O. Sherby, J. Wadsworth, D. Lesuer, C. Syn: The c/a Ratio in Quenched Fe-C and Fe-N steels—A Heuristic Story. THERMEC, Vancouver, Canada, July 4-July 8 (2006)."
10.1007/s11661-018-4977-5,10.1007/s13632-017-0403-4,4977_CR31,V. Sinha,2017,,"Metallogr., Microstruct. Anal.","V. Sinha, E.J. Payton, M. Gonzales, R.A. Abrahams, B.S. Song, Anal., vol. 6(6), pp. 610-618 (2017)"
10.1007/s11661-018-4977-5,10.1016/j.scriptamat.2012.02.042,4977_CR32,E.J. Payton,2012,,Scr. Mater.,"E.J. Payton, A. Aghajani, F. Otto, G. Eggler and V.A. Yardley: Scr. Mater., 2012, vol. 66, pp. 1045–1048."
10.1007/s11661-018-4977-5,10.1107/S010876730503686X,4977_CR33,C. Cayron,2006,,Acta Crystallogr.,"C. Cayron: Acta Crystallogr., 2006, vol. 62(Pt 1), pp. 21–40."
10.1007/s11661-018-4977-5,10.1179/1743284714Y.0000000572,4977_CR34,V.A. Yardley,2014,,Mater. Sci. Technol.,"V.A. Yardley and E.J. Payton: Mater. Sci. Technol., 2014, vol. 30, pp. 1125–1130."
10.1007/s11661-018-4977-5,10.1016/j.scriptamat.2005.04.025,4977_CR35,M. Natori,2005,,Scr. Mater.,"M. Natori, Y. Futamura, T. Tsuchiyama, S. Takaki: Scr. Mater., 2005, vol. 53, pp. 603–608."
10.1007/s11661-018-4977-5,10.1107/S0021889813008522,4977_CR36,M. Abbasi,2013,,J. Appl. Crystallogr.,"M. Abbasi, T.W. Nelson, and C.D. Sorensen: J. Appl. Crystallogr., 2013, vol. 46, pp. 716–725."
10.1007/s11661-018-4977-5,10.1016/j.matchar.2014.06.023,4977_CR37,M. Abbasi,2014,,Mater. Charact.,"M. Abbasi, D.I. Kim, T.W. Nelso and M. Abbasi: Mater. Charact., 2014, vol. 95, pp. 219–231."
10.1007/s11661-018-4977-5,10.1016/j.actamat.2010.08.001,4977_CR38,G. Miyamoto,2010,,Acta Mater.,"G. Miyamoto, N. Iwata, N. Takayama and T. Furuhara: Acta Mater., 2010, vol. 58, pp. 6393–6403."
10.1007/s11661-018-4977-5,10.1088/1757-899X/375/1/012012,4977_CR39,,,,,"S. Cluff, T. Nelson, R. Song, D. Fullwood, IOP Conf. Ser. Mater. Sci. Eng., vol. 375 (2018)"
10.1007/s11661-018-4977-5,10.1107/S0108767391006864,4977_CR40,A. Heinz,1991,,Acta. Crstallogr. A,"A. Heinz and P. Neumann: Acta. Crstallogr. A, 1991, vol. A47, pp. 780–789."
10.1007/s11661-018-4977-5,,4977_CR41,J.W. Christian,1974,,Jour. Phys. Colloq.,"J.W. Christian, Jour. Phys. Colloq, 1974, vol. 35, pp. 65-76"
10.1007/s11661-018-4977-5,10.1016/j.actamat.2008.01.039,4977_CR42,V. Randle,2008,,Acta Mater.,"V. Randle, G.S. Rohrer, H.M. Miller, M. Coleman and G.T. Owen: Acta Mater., 2008, vol. 10, pp. 2363–2373."
10.1007/s11661-018-4977-5,,4977_CR43,M.A. Bingham,2010,,ULTRD6,"M.A. Bingham, B.K. Lograsso, F.C. Laabs, ULTRD6 110, 1312–1319 (2010)"
10.1007/s11661-018-4977-5,,4977_CR44,Y.H. Chen,2015,,Microsc. Microanal.,"Y.H. Chen, S.U. Park, D. Wei, G. Newstadt, M. Jackson, J.P. Simmons, M. De Graef, A.O. Hero: Microsc. Microanal., vol. 21, 2015, pp. 1–14."
10.1007/s11661-019-05164-6,10.1007/s11661-017-4444-8,5164_CR1,A.L. Pilchak,2018,,Metall. Mater. Trans. A,"A.L. Pilchak, G.A. Sargent, and S.L. Semiatin: Metall. Mater. Trans. A, 2018, vol. 49A, pp. 908-919."
10.1007/s11661-019-05164-6,10.1016/S1359-6454(96)00284-4,5164_CR2,P.R. Rios,1997,,Acta Mater.,"P.R. Rios: Acta Mater., 1997, vol. 45, pp. 1785-1789."
10.1007/s11661-019-05164-6,10.1007/s11661-013-1675-1,5164_CR3,S.L. Semiatin,2013,,Metall. Mater. Trans. A,"S.L. Semiatin, K.E. McClary, A.D. Rollett, C.G. Roberts, E.J. Payton, F. Zhang, and T.P. Gabb, Metall. and Mater. Trans. A, 2013, vol. 44A, pp. 2778-2798."
10.1007/s11661-019-05164-6,,5164_CR4,,,,,"J. Gayda, T.P. Gabb, and P.T. Kantzos: Superalloys 2004, eds. K.A. Green, T.M. Pollock, H. Harada, T.E. Howson, R.C. Reed, J.J. Schirra, and S. Walston, TMS, Warrendale, PA, 2004, pp. 323–30."
10.1007/s11661-019-05164-6,,5164_CR5,,,,,"S.L. Semiatin and D.R. Barker, “Rapid Heat Treatment of Nonferrous Metals and Alloys to Obtain Graded Microstructures,” US Patent 5447580, September 1995."
10.1007/s11661-019-05164-6,10.1007/BF00741888,5164_CR6,V.A. Gridnev,1985,,Metal. Sci. Heat Treatment,"V.A. Gridnev, O.M. Ivasishin, and P.E. Markovskii: Metal Sci. Heat Treatment, 1985, vol. 25, pp. 43-48."
10.1007/s11661-019-05164-6,,5164_CR7,,,,,"O.M. Ivasishin and S.L. Semiatin: Proc. THERMEC 2000, T. Chandra, ed., Elsevier Science Ltd., Amsterdam, Netherlands, 2001."
10.1007/s11661-019-05164-6,10.1007/s11661-016-3600-x,5164_CR8,D.W. Mahaffey,2016,,Metall. Mater. Trans. A,"D.W. Mahaffey, O.N. Senkov, R. Shivpuri, and S.L. Semiatin: Metall. Mater. Trans. A, 2016, vol. 47A, pp. 3981-4000."
10.1007/s11661-019-05164-6,10.1007/s11661-018-4853-3,5164_CR9,O.N. Senkov,2018,,Metall. Mater. Trans. A,"O.N. Senkov, D.W. Mahaffey, and S.L. Semiatin: Metall. Mater. Trans. A, 2018, vol. 49A, pp. 5428–5444."
10.1007/s11661-019-05164-6,10.1007/BF02642012,5164_CR10,D.L. Baty,1970,,Metall. Trans.,"D.L. Baty, R.A. Tanzilli, and R.W. Heckel: Metall. Trans., 1970, vol. 1, pp. 1651-1656."
10.1007/s11661-019-05164-6,10.1007/s10853-007-1645-3,5164_CR11,J. Cormier,2007,,J. Mater. Sci.,"J. Cormier, X. Milhet, and J. Mendez: J. Mater. Sci., 2007, vol. 42, pp. 7780-7786"
10.1007/s11661-019-05164-6,10.1007/s10853-012-6684-8,5164_CR12,E.J. Payton,2012,,J. Mater. Sci.,"E.J. Payton, T.A. Wynn, and M.J. Mills: J. Mater. Sci., 2012, vol. 20, pp. 7305-7311"
10.1007/s11661-019-05164-6,10.1016/j.jallcom.2015.11.002,5164_CR13,F. Masoumi,2016,,J. Alloys Comp.,"F. Masoumi, M. Jahazi, D. Shahriari, and J. Cormier: J. Alloys Comp., 2016, vol. 658, pp. 981-995"
10.1007/s11661-019-05164-6,10.1007/BF02642389,5164_CR14,J.M. Papzian,1982,,Metall. Trans. A,"J.M. Papzian: Metall. Trans. A, 1982, vol. 13A, pp. 761-769."
10.1007/s11661-019-05164-6,10.1016/0956-7151(93)90009-H,5164_CR15,A. Luo,1993,,Acta. Metal. Mater.,"A. Luo, D.J. Lloyd, A. Gupta, and W.V. Youdelis: Acta Metal. Mater., 1993, 41, 769-776."
10.1007/s11661-019-05164-6,10.1016/S0921-5093(97)80011-1,5164_CR16,M. Soucail,1996,,Mater. Sci. Eng. A,"M. Soucail and Y. Bienvenu: Mater. Sci. Eng. A, 1996, vol. A220, pp. 215-222."
10.1007/s11661-019-05164-6,10.1007/s11661-017-4322-4,5164_CR17,S.L. Semiatin,2017,,Metall. Mater. Trans. A,"S.L. Semiatin, N.C. Levkulich, A.E. Saurber, D.W. Mahaffey, E.J. Payton, and O.N. Senkov: Metall. Mater. Trans. A, 2017, vol. 48A, pp. 5567-5578."
10.1007/s11661-019-05164-6,10.1002/9781119296126.ch43,5164_CR18,,,,,"H. Boekels and H.J. Rack: in Ti-2015: Proceedings of the 13th World Conference on Titanium, V. Venkatesh, et al., eds., TMS, Warrendale, PA, 2016, pp. 285–90."
10.1007/s11661-019-05164-6,10.1016/j.msea.2007.04.072,5164_CR19,F. Bruneseaux,2008,,Mater. Sci. Eng. A,"F. Bruneseaux, E. Aeby-Gautier, G. Geandier, J. Teixeira, B. Appolaire, P. Weisbecker, and A. Mauro: Mater. Sci. Eng. A, 2008, A476, 60-68."
10.1007/s11661-019-05164-6,,5164_CR20,,,,,"M. Dehmas, R. Katerni, B. Appolaire, E. Aeby-Gautier, B. Denand, and S. Audion: in Ti-2011, Proceedings of the 12th World Conference on Titanium, L. Zhou, H. Chang, Y. Lu, and D. Xu, eds., Nonferrous Metals Society of China, Beijing, 2011, pp. 719–23."
10.1007/s11661-019-05164-6,,5164_CR21,,,,,"A Idhil Ismail, M. Dehmas, E. Aeby-Gautier, and B. Appolaire: in Ti-2015: Proceedings of the 13th World Conference on Titanium, eds. V. Venkatesh, et al., MS, Warrendale, OH, 2016, pp. 593–98."
10.1007/s11661-019-05164-6,10.1179/msc.1969.3.1.95,5164_CR22,M.J. Whelan,1969,,Metal. Sci. J.,"M.J. Whelan: Metal Sci. Journal, 1969, vol. 3, pp. 95–97."
10.1007/s11661-019-05164-6,10.1007/BF02663326,5164_CR23,H.B. Aaron,1971,,Metall. Trans.,"H.B. Aaron and G.R. Kotler: Metall. Trans., 1971, vol. 2, pp. 393-408."
10.1007/s11661-019-05164-6,10.1179/msc.1970.4.1.222,5164_CR24,H.B. Aaron,1970,,Metal Sci. Journal,"H.B. Aaron and G.R. Kotler: Metal Sci. Journal, 1970, vol. 4, 222-225."
10.1007/s11661-019-05164-6,10.1016/j.actamat.2008.09.010,5164_CR25,G. Wang,2009,,Acta Mater.,"G. Wang, D.S. Xu, N. Ma, N. Zhou, E.J. Payton, R. Yang, M.J. Mills, and Y. Wang: Acta Mater., 2009, vol. 57, pp. 316-325."
10.1007/s11661-019-05164-6,,5164_CR26,,,,,"B. Appolaire, J. Da Costa-Teixeira, E. Aeby-Gautier, and F. Bruneseaux: in Ti 2007, Science and Technology, eds. M. Ninomi, S. Akiyama, M. Ikeda, M. Hagiwara, and K. Maruyama, Japan Institute of Metals, Kyoto, 2007, pp. 961-964."
10.1007/s11661-019-05164-6,10.1051/metal/196663121025,5164_CR27,R. Castro,1966,,Mém. Sci. Rev. Metall.,"R. Castro and L. Seraphin: Mém. Sci. Rev. Metall., 1966, vol. 63, pp. 1025-1058."
10.1007/s11661-019-05164-6,10.1007/s11661-002-0394-9,5164_CR28,S.L. Semiatin,2002,,Metall. Mater. Trans. A,"S.L. Semiatin, F. Montheillet, G. Shen, and J.J. Jonas: Metall. Mater. Trans. A, 2002, vol. 33A, pp. 2719-2727."
10.1007/s11661-019-05164-6,10.1007/s11661-017-4296-2,5164_CR29,S.L. Semiatin,2017,,Metall. Mater. Trans. A,"S.L. Semiatin, D.W. Mahaffey, N.C. Levkulich, and O.N. Senkov: Metall. Mater. Trans. A, 2017, vol. 48A, pp. 5357-5367."
10.1007/s11661-019-05164-6,10.1007/s11661-018-05104-w,5164_CR30,S.L. Semiatin,2019,,Metall. Mater. Trans. A,"S.L. Semiatin, N.C. Levkulich, A.R.C. Gerlt, E.J. Payton, J.S. Tiley, F. Zhang, R.A. MacKay, R.V. Miner, and T.P. Gabb: Metall. Mater. Trans. A, 2019. https://doi.org/10.1007/s11661-018-05104-w."
10.1007/s11661-019-05164-6,10.1007/s11661-018-4808-8,5164_CR31,A.R.C. Gerlt,2018,,Metall. Mater. Trans. A,"A.R.C. Gerlt, R.S. Picard, A.E. Sauber, A.K. Criner, S.L. Semiatin, and E.J. Payton: Metall. Mater. Trans. A, 2018, vol. 49A, pp. 4424-4428."
10.1007/s11661-019-05164-6,10.1016/S0079-6425(00)00004-9,5164_CR32,O. Grong,2002,,Prog. Mater. Sci.,"O. Grong and H.R. Shercliff: Progress in Materials Science, 2002, vol. 47, pp. 163-282."
10.1007/s11661-019-05164-6,10.1007/s11661-004-0228-z,5164_CR33,S.L. Semiatin,2004,,Metall. Mater. Trans. A,"S.L. Semiatin, B.C. Kirby, and G.A. Salishchev: Metall. Mater. Trans. A, 2004, vol. 35A, pp. 2809-2819"
10.1007/s11661-019-05164-6,10.1007/s11661-005-0158-4,5164_CR34,J.D. Miller,2005,,Metall. Mater. Trans. A,"J.D. Miller and S.L. Semiatin: Metall. Mater. Trans. A, 2005, vol. 36A, pp. 259-262."
10.1007/s11661-019-05164-6,10.1063/1.1658474,5164_CR35,H.B. Aaron,1970,,J. Appl. Phys.,"H.B. Aaron, D. Fainstein, and G.R. Kotler: J Appl. Physics, 1970, vol. 41, pp. 4404-4410."
10.1007/s11661-019-05164-6,,5164_CR36,H.S. Carslaw,1959,,,"H.S. Carslaw and J.C. Jaeger: Conduction of Heat in Solids, Oxford University Press, London, 1959."
10.1007/s11661-019-05164-6,10.1007/s11661-003-0300-0,5164_CR37,S.L. Semiatin,2003,,Metall. Mater. Trans. A,"S.L. Semiatin, S.L. Knisley, P.N. Fagin, F. Zhang, and D.R. Barker: Metall. Mater. Trans. A, 2003, vol. 34A, pp. 2377-2386."
10.1007/s11661-019-05164-6,10.1016/0956-716X(91)90143-O,5164_CR38,P.E. Markovsky,1991,,Scripta Metall. et Mater.,"P.E. Markovsky: Scripta Metall. et Mater., 1991, vol. 25, pp. 2705-2710."
10.1007/s11661-019-05164-6,,5164_CR39,O.M. Ivasishin,1993,,J. Mater. Prod. Technol.,"O.M. Ivasishin, P.E. Markovsky, and E.I. Sharipov: J. Mat. Prod. Techn., 1993, 8, 204-212."
10.1007/s11661-019-05164-6,,5164_CR40,,,,,"N.C. Levkulich: MS Thesis, Wright State University, Dayton, 2017. https://etd.ohiolink.edu/pg_10?115357049926602::NO:10:P10_ETD_SUBID:159800"
10.1007/s11661-019-05514-4,10.2320/matertrans.MRA2008409,5514_CR1,S. Morito,2009,,Mater. Trans.,"S. Morito and Y. Adachi and T. Ohba: Mater. Trans., 2009, vol. 50, pp. 1919–23."
10.1007/s11661-019-05514-4,10.1016/j.actamat.2005.11.001,5514_CR2,H. Kitahara,2006,,Acta Mater.,"H. Kitahara, R. Ueji, N. Tsuji and Y. Minamino: Acta Mater. 2006, vol. 54,pp. 1279-88."
10.1007/s11661-019-05514-4,10.1016/S1359-6454(02)00577-3,5514_CR3,S. Morito,2003,,Acta Mater.,"S. Morito, H. Tanaka, R. Konishi and T. Maki: Acta Mater., 2003, vol. 51, pp. 1789-99."
10.1007/s11661-019-05514-4,,5514_CR4,,,,,"V.A. Yardley, E.J. Payton, T. Matsuzaki, R. Sugiura, A.T. Yokobori Jr., S. Tsurekawa and Y. Hasegawa: Creep and Fracture of Engineering Materials and Structures, Proc. 12th Int. Conf. Creep and Fracture of Eng. Mater. and Struct. (JIMIS 11), held at Kyoto TERRSA, Kyoto, Japan, May 27–31, 2012, Edited by: K.Maruyama, F.Abe, M.Igarashi, K.Kishida, M.Suzuki, K.Yoshimi, The Jap. Ins. of Met, Sendai, 2012, paper C14."
10.1007/s11661-019-05514-4,10.1016/0036-9748(87)90399-1,5514_CR5,K. Kimura,1987,,Scripta Mater.,"K. Kimura, N. Ohi, K. Shimazu and T. Matsuo: Scripta Mater., 1987, vol. 21, pp. 19-22."
10.1007/s11661-019-05514-4,10.1179/1743284714Y.0000000603,5514_CR6,V.A. Yardley,2015,,Mater. Sci. Technol,"V.A. Yardley, S. Fahimi and E.J. Payton: Mater. Sci. Technol, 2015, vol. 31, pp. 547-53."
10.1007/s11661-019-05514-4,10.1016/0036-9748(89)90299-8,5514_CR7,S.H. Hong,1989,,Scripta Mater.,"S.H. Hong and J. Yu: Scripta Mater. 1989, vol. 23, pp. 1057-62."
10.1007/s11661-019-05514-4,10.1007/BF02646706,5514_CR8,S.K. Banerji,1978,,Metall. Trans. A,"S.K. Banerji, C.J. McMahon Jr. and H.C. Feng: Metall. Trans. A, 1978, vol. 9A, pp. 237-47."
10.1007/s11661-019-05514-4,10.1007/BF02652208,5514_CR9,R.M. Horn,1978,,Metall. Trans. A,"R.M. Horn and R.O. Ritchie: Metall. Trans. A, 1978, vol. 9A, pp.1039-53."
10.1007/s11661-019-05514-4,10.1007/BF01397346,5514_CR10,G. Kurdjumow,1930,,Z. Phys.,"G. Kurdjumow and G. Sachs: Über der Mechanismus der Stahlhärtung (On the Mechanism of Hardening of Steel). Z. Physik, 1930, vol. 64, pp. 325-43."
10.1007/s11661-019-05514-4,,5514_CR11,Z. Nishiyama,1934,,Sci. Rep.,"Z. Nishiyama: X-ray Investigation of the mechanism of the tranformation from face-centered cubic to body-centered cubic. Sci. Rep., 1934, vol. 23, pp. 637-64."
10.1007/s11661-019-05514-4,,5514_CR12,,,,,"G. Wassermann: Über den Mechanismus der $$\alpha ->\gamma $$ Umwandlung des Eisens (On the Mechanism of the $$\alpha -> \gamma $$ Transformation of Iron). Mitteilungen aus dem Kaiser Wilhelm Institut für Eisenforschung, 1935, vol. 17, pp. 149–55."
10.1007/s11661-019-05514-4,,5514_CR13,A.B. Greninger,1949,,Metall. Trans.,"A. B. Greninger and A. R. Troiano: Metall. Trans., 1949, vol. 185, pp. 590-98."
10.1007/s11661-019-05514-4,10.1016/j.actamat.2010.08.001,5514_CR14,G. Miyamoto,2010,,Acta Mater.,"G. Miyamoto, N. Iwata, N. Takayama and T. Furuhara: Acta Mater., 2010, vol. 58, pp.6393-6403."
10.1007/s11661-019-05514-4,10.1016/j.scriptamat.2012.02.042,5514_CR15,E.J. Payton,2012,,Scripta Mater.,"E.J. Payton, A. Aghajani, F. Otto, G. Eggler and V.A. Yardley: Scripta Mater., 2012, vol. 66, pp. 1045-48."
10.1007/s11661-019-05514-4,,5514_CR16,MS. Wechsler,1953,,Trans. AIME,"M.S. Wechsler, D.S. Lieberman and T.A. Read: Trans. AIME, 1953, vol. 197, pp. 1503-15."
10.1007/s11661-019-05514-4,10.1016/0001-6160(54)90102-9,5514_CR17,J.S. Bowles,1954,,Acta. Metall.,"J.S. Bowles and J.K. Mackenzie: Acta. Metall. 1954, vol. 2, pp. 129-37."
10.1007/s11661-019-05514-4,10.1016/0001-6160(54)90103-0,5514_CR18,J.K. Mackenzie,1954,,Acta. Metall.,"J.K. Mackenzie and J.S. Bowles: Acta. Metall. 1954, vol. 2, pp. 138-47."
10.1007/s11661-019-05514-4,10.1016/0001-6160(54)90163-7,5514_CR19,J.S. Bowles,1954,,Acta. Metall.,"J.S. Bowles and J.K. Mackenzie: Acta. Metall. 1954, vol. 2, pp. 224-34."
10.1007/s11661-019-05514-4,10.1016/0001-6160(57)90018-4,5514_CR20,J.K. Mackenzie,1957,,Acta. Metall.,"J.K. Mackenzie and J.S. Bowles (1957) Acta. Metall. vol. 5, pp. 137–49."
10.1007/s11661-019-05514-4,10.1016/0001-6160(62)90052-4,5514_CR21,J.S. Bowles,1962,,Acta Metall.,"J.S. Bowles and J.K. Mackenzie: Acta Metall. 1962, vol. 10, pp. 625-636."
10.1007/s11661-019-05514-4,,5514_CR22,Z. Nishiyama,1978,,,"Z. Nishiyama, M.E. Fine, and C.M. Wayman (1978) Martensitic Transformation, Cambridge. Academic Press"
10.1007/s11661-019-05514-4,,5514_CR23,C.M. Wayman,1964,,,C.M. Wayman (1964) Introduction to the Crystallography of Martensitic Transformations. . London
10.1007/s11661-019-05514-4,10.1016/j.matchar.2004.12.015,5514_CR24,H. Kitahara,2005,,Mater. Charact.,"H. Kitahara, R. Ueji, M. Ueda, N. Tsuji and Y. Minamino: Mater. Charact., 2005, vol. 54, pp. 378-386."
10.1007/s11661-019-05514-4,10.1016/j.msea.2012.01.018,5514_CR25,M. Nikravesh,2012,,Mater. Sci. Eng.,"M. Nikravesh, M. Naderi, G.H. Akbari: Mater. Sci. Eng., 2012, vol. 540, pp. 24-29."
10.1007/s11661-019-05514-4,10.1016/j.scriptamat.2009.05.015,5514_CR26,L. Malet,2009,,Scripta Mater.,"L. Malet and M.R. Barnett and P.J. Jacques and S. Godeta: Scripta Mater., 2009, vol. 61, pp. 520-23."
10.1007/s11661-019-05514-4,10.1016/j.scriptamat.2009.02.053,5514_CR27,G. Miyamoto,2009,,Scripta Mater.,"G. Miyamoto and N. Takayama and T. Furuhara: Scripta Mater., 2009, vol. 60, pp. 1113-16."
10.1007/s11661-019-05514-4,10.1016/j.matchar.2017.08.007,5514_CR28,A.H. Pham,2017,,Mater. Char.,"A.H. Pham and T. Ohba and S. Morito and T. Hayashi: Mater. Char., 2017, vol. 132, pp. 108-18."
10.1007/s11661-019-05514-4,10.1179/1743284714Y.0000000572,5514_CR29,V.A. Yardley,2014,,Mater. Sci. Technol.,"V.A. Yardley and E.J. Payton: Mater. Sci. Technol., 2014, vol. 30, pp. 1125-30."
10.1007/s11661-019-05514-4,,5514_CR30,E. Gomes,2015,,IOP Conf. Series: Mater. Sci. Eng.,"E. Gomes and L.A.I. Kerstens: IOP Conf. Series: Mater. Sci. Eng., 2015, vol. 82, pp. 1-4."
10.1007/s11661-019-05514-4,10.1016/j.matchar.2015.07.023,5514_CR31,N.Y. Zolotorevsky,2015,,Mater. Char.,"N.Y. Zolotorevsky and S.N. Panpurin and A.A. Zisman and S.N. Petrov: Mater. Char., 2015, vol. 107, pp. 278-82."
10.1007/s11661-019-05514-4,10.1007/s11661-016-3462-2,5514_CR32,T. Nyyssönen,2016,,Met. Mater. Trans. A,"T. Nyyssönen and M. Isakov and P. Peura and V.T. Kuokkala: Met. Mater. Trans. A, 2016, vol. 47, pp. 2587-90."
10.1007/s11661-019-05514-4,10.1107/S002188981003027X,5514_CR33,F. Bachmann,2010,,J. Appl. Crystallogr.,"F. Bachmann and R. Hielscher and H. Schaeben: J. Appl. Crystallogr., 2010, vol. 43, pp. 1338-55."
10.1007/s11661-019-05514-4,,5514_CR34,E.C. Bain,1924,,Trans. Am. Inst. Min. Met. Eng.,"E.C. Bain: Trans. Am. Inst. Min. Met. Eng., 1924, vol. 70, pp. 25."
10.1007/s11661-019-05514-4,,5514_CR35,T. Bayes,1764,,Philos. Trans. R. Soc. Lond.,"T. Bayes: Philos. Trans. R. Soc. Lond. 1764, vol. 53, pp. 370-428."
10.1007/s11661-019-05514-4,,5514_CR36,,,,,"A.F. de Vos: Preprint, 2004."
10.1007/s11661-019-05514-4,10.1080/01621459.1968.11009286,5514_CR37,B.M. Hill,1968,,J. Am. Stat. Assoc.,"B.M. Hill: J. Am. Stat. Assoc., 1968, vol. 63, pp. 677-91."
10.1007/s11661-019-05514-4,,5514_CR38,,,,,"B.A. Olshausen: Retrieved from: http://www.rctn.org/bruno/npb163/bayes.pdf, 2004."
10.1007/s11661-019-05514-4,,5514_CR39,,,,,"J.M. Bernardo and A.F.M Smith: Wiley, 2009."
10.1007/s11661-019-05514-4,10.1063/1.1699114,5514_CR40,N. Metropolis,1953,,J. Chem. Phys.,"N. Metropolis and A.W. Rosenbluth and M.N. Rosenbluth and A.H. Teller and E. Teller: J. Chem. Phys., 1953, vol. 21, pp. 1087-92."
10.1007/s11661-019-05514-4,10.1093/biomet/57.1.97,5514_CR41,W.K. Hastings,1970,,Biometrika,"W.K. Hastings: Biometrika, 1970, vol. 57, pp. 97-109."
10.1007/s11661-019-05514-4,,5514_CR42,C.J. Geyer,1992,,Stat. Sci.,"C.J. Geyer: Stat. Sci., 1992, vol. 7, pp. 473-511."
10.1007/s11661-019-05514-4,,5514_CR43,,,,,"D. Gamerman and H. Lopes: Chapman and Hall/CRC, 2006."
10.1007/s11661-019-05514-4,10.1007/s11661-018-4977-5,5514_CR44,A.F. Brust,2018,,Met. Trans. Mater. A,"A.F. Brust and S.R. Niezgoda and V.A. Yardley and E.J. Payton: Met. Trans. Mater. A, 2018, vol. 50, pp. 837-55."
10.1007/s11661-019-05514-4,10.1016/j.scriptamat.2005.04.025,5514_CR45,M. Natori,2005,,Scripta Mater.,"M. Natori, Y. Futamura, T. Tsuchiyama, S. Takaki: Scripta Mater., 2005, vol. 53, pp. 603–08."
10.1007/s11661-019-05514-4,10.1017/S1431927619014569,5514_CR46,A.F. Brust,2019,,Microsc. Microanal.,"A.F. Brust and T.J. Hobbs and E.J. Payton and S.R. Niezgoda: Microsc. Microanal., 2019, vol. 25, pp. 924-41."
10.1007/s11661-019-05514-4,,5514_CR47,,,,,"R. Abrahams: Unit. Sts. Pat. Appl. Pub., US 2016/0369362 A1."
10.1007/s11661-019-05514-4,10.1007/s13632-017-0403-4,5514_CR48,V. Sinha,2017,,Metallogr. Microstruct. Anal.,"V. Sinha, E.J. Payton, M. Gonzales, R. A. Abrahams, B.S. Song: Metallogr. Microstruct. Anal. 2017, vol. 6(6), pp. 610-18."
10.1007/s11661-019-05514-4,10.1007/BF02652191,5514_CR49,Y. He,1996,,J. Cent. South Univ. Technol.,"Y. He and Q. Rao and Y. Tan: J. Cent. South Univ. Technol., 1996, vol. 3, pp. 122-34."
10.1007/s11661-019-05514-4,,5514_CR50,,,,,"G. Krauss: ASM International, 1990."
10.1007/s11661-019-05514-4,,5514_CR51,,,,,"S. Matsuda, T. Inoue, H. Mimura and Y. Okamura: Climax Molybdenum Development Company, Ltd., Japan, 1971, pp. 45–66."
10.1007/s11661-019-05514-4,10.1016/j.actamat.2004.08.011,5514_CR52,Z. Guo,2004,,Acta. Mater.,"Z. Guo, C.S. Lee and J.W. Morris: Acta. Mater., 2004, vol. 52(19), pp. 5511-18."
10.1007/s11661-019-05514-4,10.1016/j.msea.2005.12.048,5514_CR53,S. Morito,2006,,J. Mat. Sci. Eng. A,"S. Morito, H. Yoshida, T. Maki and X. Huang: J. Mat. Sci. Eng. A, 2006, 438-440, pp. 237-40."
10.1007/s11661-019-05514-4,10.1016/S1468-6996(02)00004-9,5514_CR54,M. Ueda,2001,,Sci. Technol. Adv. Mater.,"M. Ueda and H. Yasuda and Y. Umakoshi: Sci. Technol. Adv. Mater., 2001, vol. 3, pp. 171-79."
10.1007/s11661-020-06072-w,10.1007/978-94-017-0163-1,6072_CR1,J.E. Hillard,2003,,,"J. E. Hillard and R. L. Lawson: Stereology and Stochastic Geometry, 1st edition, Kluwer Academic Publishers, Dordrecht, Netherlands, 2003"
10.1007/s11661-020-06072-w,10.1111/j.1151-2916.1969.tb11975.x,6072_CR2,M.L. Mendelson,1969,,J. Am. Ceram. Soc.,"M.L. Mendelson: J. Am. Ceram. Soc., 1969,vol. 52, no. 8, pp. 443-446"
10.1007/s11661-020-06072-w,10.1111/j.1365-2818.1969.tb00663.x,6072_CR3,E.E. Underwood,1969,,"J. Microsc. (Oxford, U.K.)",E.E. Underwood: J. Microsc. 1969 89(2): 161–80
10.1007/s11661-020-06072-w,10.1007/s11661-017-4031-z,6072_CR4,Y.A. Coutinho,2017,,Metall. Mater. Trans. A,"Y. A. Coutinho, S. C. Rooney and E. J. Payton: Metall. Mater. Trans. A, 2017, vol. 48, pp. 2375-2395"
10.1007/s11661-020-06072-w,10.1111/jace.15950,6072_CR5,A.R.C. Gerlt,2018,,J. Am. Ceram. Soc,"A. R. C. Gerlt, L. Semiatin, A. K. Criner and E. J. Payton: J. Am. Ceram. Soc, 2018, vol 102, pp 37-41"
10.1007/s11661-020-06072-w,10.1007/BF02647595,6072_CR6,P. Louis,1995,,Metall. Mater. Trans. A,"P. Louis and A. Gokhale: Metall. Mater. Trans. A, 1995, vol. 26, no. 6, pp. 1449-1456"
10.1007/s11661-020-06072-w,,6072_CR7,R. Heilbronner,2002,,,"R. Heilbronner: How to Derive Size Distributions of Particles from Size Distributions of Sectional Areas, Basel University Department of Earth Sciences, Neuchatel, Switzerland, 2002"
10.1007/s11661-020-06072-w,,6072_CR8,,,,,"ASTM E113 -13, Standard Test Methods for Determining Average Grain Size, ASTM International, West Conshohocken, PA, 2013"
10.1007/s11661-020-06072-w,10.1111/j.1365-2818.1976.tb02446.x,6072_CR9,M.L. Cruz-Orive,1976,,"J. Microsc. (Oxford, U.K.)","M. L. Cruz-Orive: J. Microsc. 1976, vol. 107, pp. 235-253"
10.1007/s11661-020-06072-w,10.1007/s11661-018-4808-8,6072_CR10,A.R.C. Gerlt,2018,,Metall. Mater. Trans. A,"A. R. C. Gerlt, R. S. Picard, A. E. Saurber, A. K. Criner, S. L. Semiatin and E. J. Payton: Metall. Mater. Trans. A, 2018, vol. 49, no. 1, pp. 4424-4428"
10.1007/s11661-020-06072-w,,6072_CR11,M. DeGroot,2012,,,"M. DeGroot and M. Chervish: Probability and Statistics, 4th edition, Pearson Education Inc., Boston, Massachusetts, 2012"
10.1007/s11661-020-06072-w,,6072_CR12,S.A. Saltikov,1967,,,"S. A. Saltikov: “The determination of the size distribution of particles in an opaque material from a measurement of the size distribution of their section,” in Stereology, 1967, Berlin, Heidelberg, Springer, pp. 163-173"
10.1007/s11661-020-06072-w,10.1126/science.1165893,6072_CR13,M. Schmidt,2009,,Science,"M. Schmidt and H. Lipson: Science 2009, 324(5923): 81-85"
10.1007/s11661-020-06072-w,,6072_CR14,,,,,"C. G. Roberts: “Grain Growth and the Zener Pinning Phenomenon: A Computational and Experimental Investigation,” PhD thesis, Carnegie Mellon University, Pittsburgh, 2007"
10.1007/s11661-020-06072-w,10.1038/s41592-019-0686-2,6072_CR15,P. Virtanen,2020,,Nat. Methods,"P. Virtanen and et al: Nature Methods, 2020 vol. 17, pp. 261-272"
10.1007/s11661-021-06158-z,10.1016/S0921-5093(97)00778-8,6158_CR1,G. Lütjering,1998,,Mater. Sci. Eng. A,"G. Lütjering, Mater. Sci. Eng. A, 1998, vol. A243, pp. 32-45."
10.1007/s11661-021-06158-z,,6158_CR2,G. Luetjering,2007,,,"G. Luetjering and J.C. Williams: Titanium, Springer, Berlin, 2007."
10.1007/s11661-021-06158-z,,6158_CR3,,,,,"T. Altan, F.W. Boulger, J.R. Becker, N. Akgerman, and H.J. Henning: Forging Equipment, Materials, and Practices, Report MCIC-HB-03, Metals and Ceramics Information Center, Battelle’s Columbus Laboratories, Columbus, OH, 1973."
10.1007/s11661-021-06158-z,,6158_CR4,A.M. Sabroff,1968,,,"A.M. Sabroff, F.W. Boulger, and H.J. Henning: Forging Materials and Practices, Rheinhold Book Company, New York, 1968."
10.1007/s11661-021-06158-z,,6158_CR5,T. Altan,1983,,,"T. Altan: Metal Forming: Fundamentals and Applications, American Society for Metals, Materials Park, OH, 1983."
10.1007/s11661-021-06158-z,10.1051/matecconf/202032112007,6158_CR6,,,,,"A.L. Pilchak, S. Srivatsa, N.C. Levkulich, V. Sinha, E.J. Payton, and S.L. Semiatin: in MATEC Web of Conferences, 2020, vol. 321."
10.1007/s11661-021-06158-z,10.1051/matecconf/202032112043,6158_CR7,,,,,"N.E. Byres, J. Quinta da Fonseca, B. Dod, and P.B. Prangnell: in MATEC Web of Conferences, 2020, vol. 321."
10.1007/s11661-021-06158-z,,6158_CR8,,,,,"D. Solas, A. Paris, A.L. Helbert, T. Baudin, F. Brisset, B. Dod, and R. Forestie: in MATEC Web of Conferences, 2020, vol. 321."
10.1007/s11661-021-06158-z,10.1007/s11661-020-05625-3,6158_CR9,S.L. Semiatin,2020,,Metall. Mater. Trans. A,"S.L. Semiatin, Metall. Mater. Trans. A, 2020, vol. 51A, pp. 2593-2625."
10.1007/s11661-021-06158-z,10.4028/www.scientific.net/MSF.753.321,6158_CR10,N. Bozzolo,2013,,Mater. Sci. Forum,"N. Bozzolo, A. Agnoli, N. Soua, M. Bernacki, and R.E. Log, Mater. Sci. Forum, 2013, vol. 753, pp. 321-324."
10.1007/s11661-021-06158-z,10.1007/s11661-016-3329-6,6158_CR11,V.M. Miller,2016,,Metall. Mater. Trans. A,"V.M. Miller, A.E. Johnson, C.J. Torbet, and T.M. Pollock, Metall. Mater. Trans. A, 2016, vol. 47A, pp. 1566-1574."
10.1007/s11661-021-06158-z,10.1007/s11661-019-05453-0,6158_CR12,K. Li,2019,,Metall. Mater. Trans. A,"K. Li, T. Zou, D. Li, Y. Peng, and D. Shu, Metall. Mater. Trans. A, 2019, vol. 50A, pp. 5734-5749."
10.1007/s11661-021-06158-z,,6158_CR13,P.A. Beck,1949,,Trans. TMS-AIME,"P.A. Beck, M.L. Holzworth, and P.R. Sperry, Trans. TMS-AIME, 1949, vol. 180, pp. 163-192."
10.1007/s11661-021-06158-z,,6158_CR14,,,,,"C.G. Dunn and J.L. Walter, in Recrystallization, Grain Growth, and Textures, H. Margolin, ed., ASM, Metals park, OH, 1966, pp. 461–521."
10.1007/s11661-021-06158-z,10.1016/0001-6160(65)90200-2,6158_CR15,M. Hillert,1965,,Acta Metall.,"M. Hillert, Acta Metall., 1965, vol. 13, pp. 227-238."
10.1007/s11661-021-06158-z,,6158_CR16,J. Humphreys,2017,,,"J Humphreys, G.S. Rohrer, and A. Rollett: Recrystallization and related Annealing Phenomena, Third Edition, Elsevier, Amsterdam, 2017."
10.1007/s11661-021-06158-z,10.1017/CBO9780511623134,6158_CR17,J.W. Martin,1997,,,"J.W. Martin, R.D. Doherty, B. Cantor: Stability of Microstructure in Metallic Systems, Second Edition, Cambridge University Press, Cambridge, UK, 1997."
10.1007/s11661-021-06158-z,10.1016/0001-6160(86)90064-7,6158_CR18,G. Abbruzzese,1986,,Acta Metall.,"G. Abbruzzese, K. Lucke, Acta Metall. 1986, vol.34, pp. 905-914."
10.1007/s11661-021-06158-z,10.1016/0001-6160(88)90028-4,6158_CR19,H. Eichelkraut,1988,,Acta Metall.,"H. Eichelkraut, G. Abbruzzese, K. Lucke, Acta Metall., 1988, vol. 36, pp. 55-68."
10.1007/s11661-021-06158-z,10.1016/S1359-6454(02)00505-0,6158_CR20,O.M. Ivasishin,2003,,Acta Mater.,"O.M. Ivasishin, S.V. Shevchenko, N.L. Vasiliev, and S.L. Semiatin, Acta Mater., 2003, vol. 51, pp. 1019-1034."
10.1007/s11661-021-06158-z,10.1007/s11661-017-4444-8,6158_CR21,A.L. Pilchak,2018,,Metall. Mater. Trans. A,"A.L. Pilchak, G.A. Sargent, and S.L. Semiatin, Metall. Mater. Trans. A, 2018, vol. 49A, pp. 908-919."
10.1007/s11661-021-06158-z,10.1016/S1359-6454(97)00070-0,6158_CR22,,,,,"F.J. Humphreys: Acta Mater., 1997, vol. 45, pp. 4231–40."
10.1007/s11661-021-06158-z,10.1007/s11661-019-05370-2,6158_CR23,P.J. Noell,2019,,Metall. Mater. Trans. A,"P.J. Noell and E.M. Taleff, Metall. Mater. Trans. A, 2019, vol. 50A, pp. 4608-4619."
10.1007/s11661-021-06158-z,10.1016/j.scriptamat.2004.01.036,6158_CR24,O.M. Ivasishin,2004,,Scripta Mater.,"O.M. Ivasishin, S.V. Shevchenko, and S.L. Semiatin, Scripta Mater., 2004, vol. 50, pp. 1241-1245."
10.1007/s11661-021-06158-z,10.1088/1742-6596/1270/1/012046,6158_CR25,,,,,"E.J. Payton, A.R.C. Gerlt, and A.L. Pilchak: in Proc. Seventh Inter. Conf. on Recrystallization and Grain Growth, J. Phys.: Conf. Ser. 1270 (2019) 012046."
10.1007/s11661-021-06158-z,10.1007/s11661-010-0434-9,6158_CR26,A.L. Pilchak,2011,,Met. Mater. Trans. A,"A.L. Pilchak and J.C. Williams, Met. Mater. Trans. A, 2011, vol. 42A, pp. 773-794."
10.1007/s11661-021-06158-z,,6158_CR27,R.A. Lebensohn,1993,,Mater.,"R.A. Lebensohn and C.N. Tome, Acta Metal. Mater., 1993, vol. 41(9), pp. 2611-2624."
10.1007/s11661-021-06158-z,,6158_CR28,D. Dunst,1996,,Z. Metall.,"D. Dunst and H. Mecking, Zeitschrift fur Metallkunde, 1996, vol. 87, pp. 498-507."
10.1007/s11661-021-06158-z,,6158_CR29,D. Raabe,1995,,Mater. Technol.,"D. Raabe, Materials Technology, vol. 66, no. 5, 1995, pp. 222-229."
10.1007/s11661-021-06158-z,10.4028/www.scientific.net/MSF.157-162.597,6158_CR30,D. Raabe,1994,,Mater. Sci. Forum,"D. Raabe and K. Lucke, Materials Science Forum Vols. 157-162 (1994) pp 597-61"
10.1007/s11661-021-06158-z,10.1155/TSM.26-27.611,6158_CR31,D. Raabe,1996,,Text. Microstruct.,"D. Raabe, F. Roters, V. Marx, Texture and Microstructures, 1996, vols. 26-27, pp. 611-635."
10.1007/s11661-021-06158-z,,6158_CR32,,,,,"G.E. Dieter, H.A. Kuhn, and S.L. Semiatin, eds.: Handbook of Workability and Process Design, ASM International, Materials Park, OH, 2003."
10.1007/s11661-021-06158-z,,6158_CR33,,,,,"L. Morris: M.S. Thesis, AFIT-ENY-MS-18-M-310,, Air Force Institute of Technology, Wright-Patterson Air Force base, OH, https://scholar.afit.edu/etd/1780/"
10.1007/s11661-022-06810-2,10.1007/s11837-011-0116-0,6810_CR1,U Lienert,2011,,JOM,"U. Lienert, S.F. Li, C.M. Hefferan, J. Lind, R.M. Suter, J.V. Bernier, N.R. Barton, C. Brandes, M.J. Mills, M.P. Miller, B. Jakobsen, and W. Pantleon: JOM, 2011, vol. 63(7), pp. 70–77."
10.1007/s11661-022-06810-2,10.1107/S0021889812039519,6810_CR2,SF Li,2012,,J. Appl. Crystallogr.,"S.F. Li, J. Lind, C.M. Hefferan, R. Pokharel, U. Lienert, A.D. Rollett, and R.M. Suter: J. Appl. Crystallogr., 2012, vol. 45, pp. 1098–108."
10.1007/s11661-022-06810-2,10.1016/j.actamat.2012.04.020,6810_CR3,CM Hefferan,2012,,Acta Mater.,"C.M. Hefferan, J. Lind, S.F. Li, U. Lienert, A.D. Rollett, and R.M. Suter: Acta Mater., 2012, vol. 60, pp. 4311–18."
10.1007/s11661-022-06810-2,10.1016/j.cossms.2014.11.003,6810_CR4,JC Schuren,2015,,Curr. Opin. Solid State Mater. Sci.,"J.C. Schuren, P.A. Shade, J.V. Bernier, S.F. Li, B. Blank, J. Lind, P. Kenesei, U. Lienert, R.M. Suter, T.J. Turner, and D.M. Dimiduk: Curr. Opin. Solid State Mater. Sci., 2015, vol. 19(4), pp. 235–44."
10.1007/s11661-022-06810-2,10.1063/1.5068756,6810_CR5,K Chatterjee,2019,,Struct. Dyn.,"K. Chatterjee, A.J. Beaudoin, D.C. Pagan, P.A. Shade, H.T. Philipp, M.W. Tate, S.M. Gruner, P. Kenesei, and J.-S. Park: Struct. Dyn., 2019, vol. 6, p. 014501."
10.1007/s11661-022-06810-2,10.1007/s11661-016-3644-y,6810_CR6,PJ Noell,2016,,Metall. Mater. Trans. A,"P.J. Noell and E.M. Taleff: Metall. Mater. Trans. A, 2016, vol. 47A, pp. 5023–36."
10.1007/s11661-022-06810-2,10.1007/s11661-016-3329-6,6810_CR7,VM Miller,2016,,Metall. Mater. Trans. A,"V.M. Miller, A.E. Johnson, C.J. Torbet, and T.M. Pollock: Metall. Mater. Trans. A, 2016, vol. 47A, pp. 1566–74."
10.1007/s11661-022-06810-2,10.1016/0022-3697(61)90054-3,6810_CR8,IM Lifshitz,1961,,J. Phys. Chem. Solids,"I.M. Lifshitz and V.V. Slyozov: J. Phys. Chem. Solids, 1961, vol. 19, pp. 35–51."
10.1007/s11661-022-06810-2,,6810_CR9,C Wagner,1961,,Z. Elektrochem.,"C. Wagner: Z. Elektrochem., 1961, vol. 65, pp. 581–91."
10.1007/s11661-022-06810-2,10.1016/0001-6160(84)90181-0,6810_CR10,PW Voorhees,1984,,Acta Metall.,"P.W. Voorhees and M.E. Glicksman: Acta Metall., 1984, vol. 32, pp. 2013–30."
10.1007/s11661-022-06810-2,10.1016/0956-7151(94)90293-3,6810_CR11,HA Calderon,1994,,Acta Metall. Mater.,"H.A. Calderon, P.W. Voorhees, J.L. Murray, and G. Kostorz: Acta Metall. Mater., 1994, vol. 42, pp. 991–1000."
10.1007/s11661-022-06810-2,10.1007/s11661-004-0228-z,6810_CR12,SL Semiatin,2004,,Metall. Mater. Trans. A,"S.L. Semiatin, B.C. Kirby, and G. Salishchev: Metall. Mater. Trans. A, 2004, vol. 35A, pp. 2809–19."
10.1007/s11661-022-06810-2,10.1007/s11661-003-0300-0,6810_CR13,SL Semiatin,2003,,Metall. Mater. Trans. A,"S.L. Semiatin, S.L. Knisley, P.N. Fagin, F. Zhang, and D.R. Barker: Metall. Mater. Trans. A, 2003, vol. 34A, pp. 2377–86."
10.1007/s11661-022-06810-2,10.1016/j.actamat.2016.10.012,6810_CR14,X Gao,2017,,Acta Mater.,"X. Gao, W. Zeng, S. Zhang, and Q. Wang: Acta Mater., 2017, vol. 122, pp. 298–309."
10.1007/s11661-022-06810-2,10.1007/s11661-020-05810-4,6810_CR15,RH Buzolin,2020,,Metall. Mater. Trans. A,"R.H. Buzolin, D. Weiss, A. Krumphals, M. Lasnik, and M.C. Poletti: Metall. Mater. Trans. A, 2020, vol. 51A, pp. 3967–80."
10.1007/s11661-022-06810-2,10.1007/s11661-005-0158-4,6810_CR16,JD Miller,2005,,Metall. Mater. Trans. A,"J.D. Miller and S.L. Semiatin: Metall. Mater. Trans. A, 2005, vol. 36A, pp. 259–62."
10.1007/s11661-022-06810-2,10.1007/s11661-021-06216-6,6810_CR17,SL Semiatin,2021,,Metall. Mater. Trans. A,"S.L. Semiatin, N.C. Levkulich, and J.S. Tiley: Metall. Mater. Trans. A, 2021, vol. 52A, pp. 2238–60."
10.1007/s11837-020-04327-w,,4327_CR1,DS Wechsler,1953,,Trans. AIMEJ Met.,"D.S. Wechsler, M.S. Lieberman, and T.A. Read, Trans. AIMEJ Met. 197, 1503 (1953)."
10.1007/s11837-020-04327-w,10.1016/0001-6160(54)90102-9,4327_CR2,JS Bowles,1954,,Acta Metall.,"J.S. Bowles and J.K. Mackenzie, Acta Metall. 2, 129 (1954). https://doi.org/10.1016/0001-6160(54)90102-9."
10.1007/s11837-020-04327-w,,4327_CR3,M Cohen,1992,,,"M. Cohen, G.B. Olson, and W.S. Owen, Martensite: A Tribute to Morris Cohen (Materials Park: ASM International, 1992)."
10.1007/s11837-020-04327-w,,4327_CR4,,,,,"H.B. Ph.D and R. Honeycombe, Steels: Microstructure and Properties, 4 edn. Amsterdam: Butterworth-Heinemann, 2017."
10.1007/s11837-020-04327-w,10.1051/jphyscol:19824140,4327_CR5,GB Olson,1982,,J. Phys. Colloq.,"G.B. Olson and H. Hartman, J. Phys. Colloq. 43, C4-855 (1982). https://doi.org/10.1051/jphyscol:19824140."
10.1007/s11837-020-04327-w,10.1103/PhysRevE.73.011917,4327_CR6,W Falk,2006,,Phys. Rev. E,"W. Falk and R.D. James, Phys. Rev. E 73, 011917 (2006). https://doi.org/10.1103/PhysRevE.73.011917."
10.1007/s11837-020-04327-w,10.1016/S0921-5093(99)00286-5,4327_CR7,GB Olson,1999,,Mater. Sci. Eng. A,"G.B. Olson, Mater. Sci. Eng. A 273–275, 11 (1999). https://doi.org/10.1016/S0921-5093(99)00286-5."
10.1007/s11837-020-04327-w,,4327_CR8,,,,,"R.K. Komai, Chirality switching by martensitic transformation in protein cylindrical crystals: application to bacterial flagella, 2015."
10.1007/s11837-020-04327-w,10.1016/j.msea.2003.11.055,4327_CR9,JM Ball,2004,,Mater. Sci. Eng. A,"J.M. Ball, Mater. Sci. Eng. A 378, 61 (2004). https://doi.org/10.1016/j.msea.2003.11.055."
10.1007/s11837-020-04327-w,10.1007/978-3-642-83743-2_36,4327_CR10,JM Ball,1989,,,"J.M. Ball and R.D. James, Fine phase mixtures as minimizers of energy.Analysis and Continuum Mechanics: A Collection of Papers Dedicated to J. Serrin on His Sixtieth Birthday, ed. S.S. Antman, H. Brezis, B.D. Coleman, M. Feinberg, J.A. Nohel, and W.P. Ziemer (Berlin, Heidelberg: Springer, 1989), p. 647."
10.1007/s11837-020-04327-w,10.1038/nature12532,4327_CR11,Y Song,2013,,Nature,"Y. Song, X. Chen, V. Dabade, T.W. Shield, and R.D. James, Nature (2013). https://doi.org/10.1038/nature12532."
10.1007/s11837-020-04327-w,10.1093/oso/9780198509349.001.0001,4327_CR12,K Bhattacharya,2003,,,"K. Bhattacharya and M.S.K. Bhattacharya, Microstructure of Martensite: Why it Forms and how it Gives Rise to the Shape-memory Effect (Oxford: OUP, 2003)."
10.1007/s11837-020-04327-w,10.1016/S1359-6454(03)00395-1,4327_CR13,RC Pond,2003,,Acta Mater.,"R.C. Pond, S. Celotto, and J.P. Hirth, Acta Mater. 51, 5385 (2003). https://doi.org/10.1016/S1359-6454(03)00395-1."
10.1007/s11837-020-04327-w,10.1038/nature02378,4327_CR14,K Bhattacharya,2004,,Nature,"K. Bhattacharya, S. Conti, G. Zanzotto, and J. Zimmer, Nature (2004). https://doi.org/10.1038/nature02378."
10.1007/s11837-020-04327-w,10.1107/S205327331800880X,4327_CR15,AN Bucsek,2018,,Acta Crystallogr. Sect. Found. Adv.,"A.N. Bucsek, D. Dale, J.Y.P. Ko, Y. Chumlyakov, and A.P. Stebner, Acta Crystallogr. Sect. Found. Adv. 74, 425 (2018). https://doi.org/10.1107/S205327331800880X."
10.1007/s11837-020-04327-w,10.1016/j.jmps.2017.02.007,4327_CR16,,,,,"H.M. Paranjape, P.P. Paul, H. Sharma, P. Kenesei, J.-S. Park, T.W. Duerig, L.C. Brinson, and A.P. Stebner, J. Mech. Phys. Solids 102, 46 (2017). https://doi.org/10.1016/j.jmps.2017.02.007."
10.1007/s11837-020-04327-w,10.1016/j.actamat.2017.11.026,4327_CR17,,,,,"H.M. Paranjape, P.P. Paul, B. Amin-Ahmadi, H. Sharma, D. Dale, J.Y.P. Ko, Y.I. Chumlyakov, L.C. Brinson, and A.P. Stebner, Acta Mater. 144, 748 (2018). https://doi.org/10.1016/j.actamat.2017.11.026."
10.1007/s11837-020-04327-w,10.1016/S0921-5093(97)00801-0,4327_CR18,SV Divinski,1998,,Mater. Sci. Eng. A,"S.V. Divinski, V.N. Dnieprenko, and O.M. Ivasishin, Mater. Sci. Eng. A 243, 201 (1998). https://doi.org/10.1016/S0921-5093(97)00801-0."
10.1007/s11837-020-04327-w,10.1016/S1359-6454(03)00318-5,4327_CR19,M Humbert,2003,,Acta Mater.,"M. Humbert and N. Gey, Acta Mater. 51, 4783 (2003). https://doi.org/10.1016/S1359-6454(03)00318-5."
10.1007/s11837-020-04327-w,10.1016/j.msea.2006.05.047,4327_CR20,M Humbert,2006,,Mater. Sci. Eng. A,"M. Humbert, L. Germain, N. Gey, P. Bocher, and M. Jahazi, Mater. Sci. Eng. A 430, 157 (2006). https://doi.org/10.1016/j.msea.2006.05.047."
10.1007/s11837-020-04327-w,10.1007/s11661-013-1735-6,4327_CR21,SL Semiatin,2013,,Metall. Mater. Trans. A,"S.L. Semiatin, K.T. Kinsel, A.L. Pilchak, and G.A. Sargent, Metall. Mater. Trans. A 44, 3852 (2013). https://doi.org/10.1007/s11661-013-1735-6."
10.1007/s11837-020-04327-w,10.1016/S0921-5093(97)80111-6,4327_CR22,N Gey,1997,,Mater. Sci. Eng. A,"N. Gey, M. Humbert, M.J. Philippe, and Y. Combres, Mater. Sci. Eng. A 230, 68 (1997). https://doi.org/10.1016/S0921-5093(97)80111-6."
10.1007/s11837-020-04327-w,10.1007/s11661-007-9376-2,4327_CR23,,,,,"M.G. Glavicic, R.L. Goetz, D.R. Barker, G. Shen, D. Furrer, A. Woodfield, and S.L. Semiatin, Metall. Mater. Trans. A 39, 887 (2008). https://doi.org/10.1007/s11661-007-9376-2."
10.1007/s11837-020-04327-w,10.1016/S0921-5093(00)00697-3,4327_CR24,H Ledbetter,2000,,Mater. Sci. Eng. A,"H. Ledbetter and M.L. Dunn, Mater. Sci. Eng. A 285, 180 (2000). https://doi.org/10.1016/S0921-5093(00)00697-3."
10.1007/s11837-020-04327-w,10.1016/S1359-6454(03)00035-1,4327_CR25,SC Wang,2003,,Acta Mater.,"S.C. Wang, M. Aindow, and M.J. Starink, Acta Mater. 51, 2485 (2003). https://doi.org/10.1016/S1359-6454(03)00035-1."
10.1007/s11837-020-04327-w,,4327_CR26,H Margolin,1960,,,"H. Margolin and J.P. Nielsen, Titanium metallurgy.Modern Materials, Vol. 2 (Amsterdam: Elsevier, 1960), p. 225."
10.1007/s11837-020-04327-w,10.1139/e77-147,4327_CR27,PR Cobbold,1977,,Can. J. Earth Sci.,"P.R. Cobbold, Can. J. Earth Sci. 14, 1721 (1977). https://doi.org/10.1139/e77-147."
10.1007/s11837-020-04327-w,10.1098/rspa.1991.0042,4327_CR28,LJ Walpole,1991,,Proc. R. Soc. Math. Phys. Eng. Sci.,"L.J. Walpole, Proc. R. Soc. Math. Phys. Eng. Sci. 433, 179 (1991). https://doi.org/10.1098/rspa.1991.0042."
10.1007/s11837-020-04327-w,,4327_CR29,JW Rudnicki,2015,,,"J.W. Rudnicki, Fundamentals of Continuum Mechanics (London: Wiley, 2015)."
10.1007/s11837-020-04327-w,10.1098/rspa.1957.0133,4327_CR30,JD Eshelby,1957,,Proc. R. Soc. Lond. Ser. Math. Phys. Sci.,"J.D. Eshelby, Proc. R. Soc. Lond. Ser. Math. Phys. Sci. (1957). https://doi.org/10.1098/rspa.1957.0133."
10.1007/s11837-020-04327-w,10.1103/physrevb.78.054121,4327_CR31,RG Hennig,2008,,Phys. Rev. B,"R.G. Hennig, T.J. Lenosky, D.R. Trinkle, S.P. Rudin, and J.W. Wilkins, Phys. Rev. B (2008). https://doi.org/10.1103/physrevb.78.054121."
10.1007/s11837-020-04327-w,,4327_CR32,,,,,"S. Plimpton, A. Thompson, P. Crozier, and A. Kohlmeyer, Lammps molecular dynamics simulator."
10.1007/s11837-020-04327-w,10.1103/PhysRevB.32.733,4327_CR33,JR Ray,1985,,Phys. Rev. B,"J.R. Ray, M.C. Moody, and A. Rahman, Phys. Rev. B 32, 733 (1985). https://doi.org/10.1103/PhysRevB.32.733."
10.1007/s11837-020-04327-w,,4327_CR34,,,,,"D. Tromans, Elastic Anisotropy of HCP Metal Crystals and Polycrystals, p. 22, 2011."
10.1007/s11837-020-04327-w,10.1088/0370-1298/65/5/307,4327_CR35,R Hill,1952,,Proc. Phys. Soc. Sect. A,"R. Hill, Proc. Phys. Soc. Sect. A 65, 349 (1952). https://doi.org/10.1088/0370-1298/65/5/307."
10.1007/s11837-020-04327-w,,4327_CR36,,,,,"P. Collins, Z.D. Brunson, and A.P. Stebner, Re: Complete Martensite Article, Oct. 01, 2019."
10.1007/s11837-020-04327-w,10.1016/j.msea.2003.12.008,4327_CR37,,,,,"J. Tiley, T. Searles, E. Lee, S. Kar, R. Banerjee, J.C. Russ, and H.L. Fraser, Mater. Sci. Eng. A 372, 191 (2004). https://doi.org/10.1016/j.msea.2003.12.008."
10.1007/s11837-020-04327-w,10.1016/j.msea.2008.12.038,4327_CR38,PC Collins,2009,,Mater. Sci. Eng. A,"P.C. Collins, B. Welk, T. Searles, J. Tiley, J.C. Russ, and H.L. Fraser, Mater. Sci. Eng. A 508, 174 (2009). https://doi.org/10.1016/j.msea.2008.12.038."
10.1007/s11837-020-04327-w,10.1186/2193-9772-3-10,4327_CR39,JM Sosa,2014,,Integr. Mater. Manuf. Innov.,"J.M. Sosa, D.E. Huber, B. Welk, and H.L. Fraser, Integr. Mater. Manuf. Innov. 3, 123 (2014). https://doi.org/10.1186/2193-9772-3-10."
10.1007/s11837-020-04327-w,,4327_CR40,,,,,"G.T. Loughnane, S.L. Kuntz, N. Klingbeil, J.M. Sosa, J. Irwin, A.R. Nassar, and E.W. Reutzel, Application of a microstructural characterization uncertainty quantification framework to Widmanstättenα-laths in additive manufactured Ti-6Al-4V, in Proceedings of the 25th international Solid Freeform Fabrication Symposium, 2015, pp. 647–663."
10.1007/s11837-020-04327-w,,4327_CR41,,,,,"E.P. Barry, Three-Dimensional Reconstruction of Microstructures in α + β Titanium Alloys. Master’s Thesis, Ohio State University, 2008."
10.1007/s11837-020-04327-w,,4327_CR42,Q Jianmin,2006,,,"Q. Jianmin and M. Cherkaoui, Fundamentals of Micromechanics of Solids (Hoboken, NJ: Wiley, 2006)."
10.1007/s11837-022-05462-2,10.1002/9781119296126.ch169,5462_CR1,,,,,"A.L. Pilchak, A. Hutson, W.J. Porter, D. Buchanan, and R. John, “On the Cyclic Fatigue and Dwell Fatigue Crack Growth Response of Ti-6Al-4V.” In: Proceedings of the 13th World Conference on Titanium (V. Venkatesh, A.L. Pilchak, J.E. Allison, S. Ankem, R. Boyer, J. Christodoulou, H.L. Fraser, M.A. Imam, Y. Kosaka, H.J. Rack, A. Chatterjee, A. Woodfield, eds.), 993, John Wiley & Sons, Inc., 2016."
10.1007/s11837-022-05462-2,,5462_CR2,,,,,"D. Norfleet, J. Williams, S. Ghosh, M. Mills, and S. Rokhlin, The Japan Institute of Metals(2007)"
10.1007/s11837-022-05462-2,10.1186/s40192-016-0056-1,5462_CR3,AL Pilchak,2016,,Integr. Mater. Manuf. Innov.,"A.L. Pilchak, J. Shank, J.C. Tucker, S. Srivatsa, P.N. Fagin, and S.L. Semiatin, Integr. Mater. Manuf. Innov. 5(1), 259 (2016)"
10.1007/s11837-022-05462-2,10.1007/s11661-010-0507-9,5462_CR4,AL Pilchak,2011,,Metall. Mater. Trans. A,"A.L. Pilchak and J.C. Williams, Metall. Mater. Trans. A 42, 1000 (2011)"
10.1007/s11837-022-05462-2,10.1016/j.actamat.2010.03.036,5462_CR5,I Bantounas,2010,,Acta Mater.,"I. Bantounas, D. Dye, and T.C. Lindley, Acta Mater. 58, 3908 (2010)"
10.1007/s11837-022-05462-2,10.1016/j.ijfatigue.2020.105971,5462_CR6,Y Liu,2021,,Int. J. Fatigue,"Y. Liu and F.P.E. Dunne, Int. J. Fatigue 142, 105971 (2021)"
10.1007/s11837-022-05462-2,10.1098/rspa.1954.0124,5462_CR7,AN Stroh,1954,,Proc. R. Soc. Lond. A,"A.N. Stroh and N.F. Mott, Proc. R. Soc. Lond. A 223, 404 (1954)"
10.1007/s11837-022-05462-2,10.1016/0142-1123(94)90194-5,5462_CR8,W Evans,1994,,Int. J. Fatigue,"W. Evans and M. Bache, Int. J. Fatigue 16(7), 443 (1994)"
10.1007/s11837-022-05462-2,10.1016/j.ijfatigue.2016.11.034,5462_CR9,M Cuddihy,2017,,Int. J. Fatigue,"M. Cuddihy, A. Stapleton, S. Williams, and F. Dunne, Int. J. Fatigue 97, 177 (2017)"
10.1007/s11837-022-05462-2,10.1038/s41467-020-19470-w,5462_CR10,Y Xu,2020,,Nat. Commun.,"Y. Xu, S. Joseph, P. Karamched, K. Fox, D. Rugg, F.P.E. Dunne, and D. Dye, Nat. Commun. 11, 5868 (2020)"
10.1007/s11837-022-05462-2,10.1016/j.scriptamat.2013.10.024,5462_CR11,AL Pilchak,2014,,Scr. Mater.,"A.L. Pilchak, Scr. Mater. 74, 68 (2014)"
10.1007/s11837-022-05462-2,,5462_CR12,,,,,"S.K. Jha, J.C. Tucker, J.M. Larsen, R. John, and A.L. Pilchak, The Minerals, Metals, & Materials Society Annual Meeting."
10.1007/s11837-022-05462-2,10.1111/j.1365-2818.1978.tb01162.x,5462_CR13,L Cruz Orive,1978,,J. Microsc.,"L. Cruz Orive, J. Microsc. 112, 153 (1978)"
10.1007/s11837-022-05462-2,10.5566/ias.1767,5462_CR14,LM Cruz-Orive,2017,,Image Anal. Stereol.,"L.M. Cruz-Orive, Image Anal. Stereol. 36, 153 (2017)"
10.1007/s11837-022-05462-2,10.1016/j.spasta.2018.07.003,5462_CR15,M Baaske,2018,,Spatial Statis.,"M. Baaske, F. Ballani, and A. Illgen, Spatial Statis. 26, 83 (2018)"
10.1007/s11837-022-05462-2,10.1093/biomet/asw011,5462_CR16,KCG Chan,2016,,Biometrika,"K.C.G. Chan and J. Qin, Biometrika 103(2), 273 (2016)"
10.1007/s11837-022-05462-2,10.1186/2193-9772-3-5,5462_CR17,MA Groeber,2014,,Integr. Mater. Manuf. Innov.,"M.A. Groeber and M.A. Jackson, Integr. Mater. Manuf. Innov. 3(1), 56 (2014)"
10.1007/s11837-022-05462-2,10.1080/00401706.1969.10490733,5462_CR18,WL Nicholson,1969,,Technometrics,"W.L. Nicholson and K.R. Merckx, Technometrics 11, 707 (1969)"
10.1007/s11837-022-05462-2,,5462_CR19,EJ Payton,2012,,J. Min. Mater. Charact. Eng.,"E.J. Payton, J. Min. Mater. Charact. Eng. 11(3), 221 (2012)"
10.1007/s11837-022-05462-2,,5462_CR20,,,,,"L.M. Karlsson and A.M. Gokhale, Acta Stereol 53 (1996)"
10.1007/s11837-022-05462-2,,5462_CR21,Wicksell,1925,,Biometrika,"Wicksell, Biometrika 17, 84 (1925)"
10.1007/s11837-022-05462-2,,5462_CR22,,,,,"Wicksell, Biometrika (1926)"
10.1007/s11837-022-05462-2,10.1111/j.1365-2818.1976.tb02446.x,5462_CR23,L-MC Cruz-Orive,1976,,J. Microsc.,"L.-M.C. Cruz-Orive, J. Microsc. 107, 235 (1976)"
10.1007/s11837-022-05462-2,10.1007/BF01025868,5462_CR24,D Freedman,1981,,Z. Wahrscheinlichk. Verw. Geb.,"D. Freedman and P. Diaconis, Z. Wahrscheinlichk. Verw. Geb. 57, 453 (1981)"
10.1007/s11837-022-05462-2,10.1038/nbt1406,5462_CR25,CB Do,2008,,Nat. Biotechnol.,"C.B. Do and S. Batzoglou, Nat. Biotechnol. 26, 897 (2008)"
10.1007/s11837-022-05462-2,10.1111/j.2517-6161.1977.tb01600.x,5462_CR26,AP Dempster,1977,,J. R. Stat. Soc. B,"A.P. Dempster, N.M. Laird, and D.B. Rubin, J. R. Stat. Soc. B 39(1), 1 (1977)"
10.1007/s11837-022-05462-2,10.2307/2527783,5462_CR27,H Hartley,1958,,Biometrics,"H. Hartley, Biometrics 14(2), 174 (1958)"
10.1007/s11837-022-05462-2,10.1111/j.2517-6161.1990.tb01788.x,5462_CR28,BW Silverman,1990,,J. R. Stat. Soc. B,"B.W. Silverman, M.C. Jones, J.D. Wilson, and D.W. Nychka, J. R. Stat. Soc. B 52, 271 (1990)"
10.1007/s11837-022-05462-2,,5462_CR29,,,,,"K.C.G. Chan., 2021. Private Communication via Email."
10.1007/s11837-022-05462-2,10.1002/9781119476757.ch2,5462_CR30,AL Pilchak,2017,,,"A.L. Pilchak, J.C. Tucker, and T.J. Weihing, Determining the Probability of Occurrence of Rarely Occurring Microstructural Configurations for Titanium Dwell Fatigue, in From Microstructure Investigations to Multiscale Modeling. (Wiley, New York, 2017), pp.41–66"
10.1007/s11837-022-05462-2,10.1007/s11837-004-0027-4,5462_CR31,L Christodoulou,2004,,JOM,"L. Christodoulou and J.M. Larsen, JOM 56, 15 (2004)"
10.1007/s13632-017-0403-4,,403_CR1,"J. Hidalgo, M.J. Santofimia",2016,,Metall. Mater. Trans. A,"J. Hidalgo, M.J. Santofimia, Effect of prior austenite grain size refinement by thermal cycling on the microstructural features of as-quenched lath martensite. Metall. Mater. Trans. A 47A, 5288–5301 (2016)"
10.1007/s13632-017-0403-4,,403_CR2,TE Swarr,1975,,,"T.E. Swarr, G. Krauss, Boundaries and the strength of low carbon ferrous martensites, in Grain Boundaries in Engineering Materials, ed. by J.L. Walter, J.H. Westbrook, D.A. Woodford (Claitors Publishing Division, Baton Rouge, LA, 1975), pp. 127–138"
10.1007/s13632-017-0403-4,10.1179/1743284714Y.0000000603,403_CR3,VA Yardley,2015,,Mater. Sci. Technol.,"V.A. Yardley, S. Fahimi, E.J. Payton, Classification of creep crack and cavitation sites in tempered martensite ferritic steel microstructures using MTEX toolbox for EBSD. Mater. Sci. Technol. 31(5), 547–553 (2015). https://doi.org/10.1179/1743284714Y.0000000603"
10.1007/s13632-017-0403-4,10.1520/E0112-13,403_CR4,ASTM E112–13,2013,,,"ASTM E112–13, Standard Test Methods for Determining Average Grain Size, Developed by Subcommittee E04.08 on Grain Size (ASTM International, West Conshohocken, PA, 2013). https://doi.org/10.1520/E0112-13"
10.1007/s13632-017-0403-4,10.31399/asm.tb.mpp.9781627082600,403_CR5,GF Vander Voort,1984,,,"G.F. Vander Voort, Metallography Principles and Practice (McGraw-Hill Inc, New York, NY, 1984), pp. 220–223"
10.1007/s13632-017-0403-4,,403_CR6,JR Vilella,1938,,,"J.R. Vilella, Metallographic Technique for Steel (American Society for Metals, Cleveland, OH, 1938)"
10.1007/s13632-017-0403-4,,403_CR7,DC Zipperman,2011,,,"D.C. Zipperman, Metallographic Handbook (PACE Technologies, Tucson, AZ, 2011)"
10.1007/s13632-017-0403-4,,403_CR8,OO Miller,1949,,Met. Prog.,"O.O. Miller, M.J. Day, Ferric chloride etchant for austenite grain size of low-carbon steel. Met. Prog. 56, 692–695 (1949)"
10.1007/s13632-017-0403-4,,403_CR9,CA Johnson,1996,,,"C.A. Johnson, Metallography Principles and Procedures (LECO Corporation, St. Joseph, MI, 1996)"
10.1007/s13632-017-0403-4,,403_CR10,G Krauss,2005,,,"G. Krauss, STEELS Processing, Structure, and Performance (ASM International, Materials Park, OH, 2005), pp. 121–123"
10.1007/s13632-017-0403-4,10.1051/metal/195552100830,403_CR11,S Bechet,1955,,Rev. Met.,"S. Bechet, L. Beaujard, New reagent for the micrographical demonstration of the austenite grain of hardened or hardened-tempered steels. Rev. Met. 52, 830–836 (1955)"
10.1007/s13632-017-0403-4,10.1016/1044-5803(93)90078-A,403_CR12,L. Zhang and D.C. Guo,1993,,Mater. Charact.,"L. Zhang, D.C. Guo, A general etchant for revealing prior-austenite grain boundaries in steels. Mater. Charact. 30, 299–305 (1993)"
10.1007/s13632-017-0403-4,,403_CR13,,,,,"G.F. Vander Voort, Revealing prior austenite grain boundaries in heat treated steels. http://www.georgevandervoort.com/metallography/specific/iron-and-steel-specific/20001306-revealing-prior-austenite-grain-boundaries-in-heat-treated-steels-article.html . Accessed 01 December 2016"
10.1007/s13632-017-0403-4,,403_CR14,,,,,"Low alloy high performance steel, United States Patent Application Publication, US 2016/0369362 A1"
10.1007/s13632-017-0403-4,10.1007/BF00580131,403_CR15,A Ray,1990,,J. Mater. Sci.,"A. Ray, S.K. Ray, S.R. Mediratta, Effect of carbides on the austenite grain growth characteristics in 1Cr-1C and 6Cr-1Mo-1C steels. J. Mater. Sci. 25, 5070–5076 (1990)"
10.1007/s13632-017-0403-4,10.1016/S1044-5803(01)00142-5,403_CR16,C García de Andrés,2001,,Mater. Charact.,"C. García de Andrés, M.J. Bartolomé, C. Capdevila, D. San Martín, F.G. Caballero, V. López, Metallographic techniques for the determination of the austenite grain size in medium-carbon microalloyed steels. Mater. Charact. 46, 389–398 (2001)"
10.1007/s13632-017-0403-4,10.1007/BF02646381,403_CR17,AH Ücisik,1978,,Metall. Trans.,"A.H. Ücisik, H.C. Feng, C.J. McMahon, The influence of intercritical heat treatment on the temper embrittlement of a P-Doped Ni-Cr Steel. Metall. Trans. 9A, 321–329 (1978)"
10.1016/j.actamat.2008.09.010,,10.1016/j.actamat.2008.09.010_bib1,Haasen,1991,Phase transformation in materials,,
10.1016/j.actamat.2008.09.010,10.1016/j.msea.2004.01.027,10.1016/j.actamat.2008.09.010_bib2,Monajati,2004,,Mater Sci Eng A,
10.1016/j.actamat.2008.09.010,,10.1016/j.actamat.2008.09.010_bib3,Carslaw,1959,,,
10.1016/j.actamat.2008.09.010,10.1080/14786436108239672,10.1016/j.actamat.2008.09.010_bib4,Thomas,1961,,Philos Mag,
10.1016/j.actamat.2008.09.010,10.1179/msc.1969.3.1.95,10.1016/j.actamat.2008.09.010_bib5,Whelan,1969,,Met Sci J,
10.1016/j.actamat.2008.09.010,10.1063/1.1658474,10.1016/j.actamat.2008.09.010_bib6,Aaron,1970,,J Appl Phys,
10.1016/j.actamat.2008.09.010,10.1007/BF02663326,10.1016/j.actamat.2008.09.010_bib7,Aaron,1971,,Metall Trans,
10.1016/j.actamat.2008.09.010,10.1063/1.322669,10.1016/j.actamat.2008.09.010_bib8,Brown,1976,,J Appl Phys,
10.1016/j.actamat.2008.09.010,,10.1016/j.actamat.2008.09.010_bib9,Tanzilli,1968,,Trans AIME,
10.1016/j.actamat.2008.09.010,,10.1016/j.actamat.2008.09.010_bib10,Baty,1986,,Metall Trans A,
10.1016/j.actamat.2008.09.010,10.1007/BF02801160,10.1016/j.actamat.2008.09.010_bib11,Tundal,1992,,Metall Trans A,
10.1016/j.actamat.2008.09.010,10.1016/S0921-5093(97)00734-X,10.1016/j.actamat.2008.09.010_bib12,Vermolen,1998,,Mater Sci Eng A,
10.1016/j.actamat.2008.09.010,10.1016/S0921-5093(98)00763-1,10.1016/j.actamat.2008.09.010_bib13,Vermolen,1998,,Mater Sci Eng A,
10.1016/j.actamat.2008.09.010,,10.1016/j.actamat.2008.09.010_bib14,,,,,"Vermolen FJ. Ph.D. thesis, Delft Univ Tech; 1998."
10.1016/j.actamat.2008.09.010,10.1016/S0921-5093(99)00518-3,10.1016/j.actamat.2008.09.010_bib15,Chen,1999,,Mater Sci Eng A,
10.1016/j.actamat.2008.09.010,,10.1016/j.actamat.2008.09.010_bib16,,,,,"Durbin TL. Ph. D Thesis, Georgia Inst Tech; 2005."
10.1016/j.actamat.2008.09.010,10.1016/j.jcp.2007.01.038,10.1016/j.actamat.2008.09.010_bib17,Javierre,2007,,J Comput Phys,
10.1016/j.actamat.2008.09.010,10.1016/j.commatsci.2006.09.009,10.1016/j.actamat.2008.09.010_bib18,Vermolen,2007,,Comput Mater Sci,
10.1016/j.actamat.2008.09.010,10.1016/S0167-2789(97)00226-1,10.1016/j.actamat.2008.09.010_bib19,Tiaden,1998,,Phys D,
10.1016/j.actamat.2008.09.010,10.1103/PhysRevE.60.7186,10.1016/j.actamat.2008.09.010_bib20,Kim,1999,,Phys Rev E,
10.1016/j.actamat.2008.09.010,10.1006/jcph.1999.6323,10.1016/j.actamat.2008.09.010_bib21,Beckermann,1999,,J Comput Phys,
10.1016/j.actamat.2008.09.010,10.1007/BF03223259,10.1016/j.actamat.2008.09.010_bib22,Chen,1996,,JOM,
10.1016/j.actamat.2008.09.010,,10.1016/j.actamat.2008.09.010_bib23,Wang,2000,Simulation of microstructural evolution using the phase field method,,
10.1016/j.actamat.2008.09.010,10.1146/annurev.matsci.32.112001.132041,10.1016/j.actamat.2008.09.010_bib24,Chen,2002,,Annu Rev Mater Res,
10.1016/j.actamat.2008.09.010,10.1146/annurev.matsci.32.101901.155803,10.1016/j.actamat.2008.09.010_bib25,Boettinger,2002,,Ann Rev Mater Res,
10.1016/j.actamat.2008.09.010,,10.1016/j.actamat.2008.09.010_bib26,Srolovitz,2005,Microstructure,,
10.1016/j.actamat.2008.09.010,10.1103/PhysRevE.53.R3017,10.1016/j.actamat.2008.09.010_bib27,Karma,1996,,Phys Rev E,
10.1016/j.actamat.2008.09.010,10.1103/PhysRevE.57.4323,10.1016/j.actamat.2008.09.010_bib28,Karma,1998,,Phys Rev E,
10.1016/j.actamat.2008.09.010,10.1137/S0036139997330027,10.1016/j.actamat.2008.09.010_bib29,Almgren,1999,,SIAM J Appl Math,
10.1016/j.actamat.2008.09.010,10.1016/S0167-2789(00)00064-6,10.1016/j.actamat.2008.09.010_bib30,McFadden,2000,,Phys D,
10.1016/j.actamat.2008.09.010,10.1103/PhysRevE.64.021604,10.1016/j.actamat.2008.09.010_bib31,Elder,2001,,Phys Rev E,
10.1016/j.actamat.2008.09.010,10.1016/j.scriptamat.2003.12.029,10.1016/j.actamat.2008.09.010_bib32,Shen,2004,,Scripta Mater,
10.1016/j.actamat.2008.09.010,10.1016/j.scriptamat.2003.12.027,10.1016/j.actamat.2008.09.010_bib33,Shen,2004,,Scripta Mater,
10.1016/j.actamat.2008.09.010,10.1016/j.scriptamat.2003.10.032,10.1016/j.actamat.2008.09.010_bib34,Chen,2004,,Scripta Mater,
10.1016/j.actamat.2008.09.010,10.1016/j.msea.2005.09.034,10.1016/j.actamat.2008.09.010_bib35,Kovacevic,2005,,Mater Sci Eng A,
10.1016/j.actamat.2008.09.010,10.1016/S1359-6454(96)00137-1,10.1016/j.actamat.2008.09.010_bib36,Poduri,1997,,Acta Mater,
10.1016/j.actamat.2008.09.010,10.1016/S1359-6454(98)00015-9,10.1016/j.actamat.2008.09.010_bib37,Wang,1998,,Acta Mater,
10.1016/j.actamat.2008.09.010,10.1016/S0925-8388(96)02652-7,10.1016/j.actamat.2008.09.010_bib38,Ansara,1997,,J Alloy Compd,
10.1016/j.actamat.2008.09.010,10.1016/S1359-6462(02)00013-1,10.1016/j.actamat.2008.09.010_bib39,Zhu,2002,,Scripta Mater,
10.1016/j.actamat.2008.09.010,10.1016/j.actamat.2004.02.032,10.1016/j.actamat.2008.09.010_bib40,Zhu,2004,,Acta Mater,
10.1016/j.actamat.2008.09.010,10.1016/0167-2789(93)90189-8,10.1016/j.actamat.2008.09.010_bib41,Wang,1993,,Phys D,
10.1016/j.actamat.2008.09.010,10.1080/01418619508236248,10.1016/j.actamat.2008.09.010_bib42,Wang,1995,,Philos Mag A,
10.1016/j.actamat.2008.09.010,10.1016/S1359-6462(99)00223-7,10.1016/j.actamat.2008.09.010_bib43,Banerjee,1999,,Scripta Mater,
10.1016/j.actamat.2008.09.010,10.1016/j.actamat.2006.12.023,10.1016/j.actamat.2008.09.010_bib44,Luo,2007,,Acta Mater,
10.1016/j.actamat.2008.09.010,,10.1016/j.actamat.2008.09.010_bib45,Gunton,1983,The dynamics of first-order phase transformations,,
10.1016/j.actamat.2008.09.010,10.1016/0001-6160(61)90182-1,10.1016/j.actamat.2008.09.010_bib46,Cahn,1961,,Acta Metall,
10.1016/j.actamat.2008.09.010,10.1063/1.351745,10.1016/j.actamat.2008.09.010_bib47,Andersson,1992,,J Appl Phys,
10.1016/j.actamat.2008.09.010,,10.1016/j.actamat.2008.09.010_bib48,,,,,Available from: http://www.thermocalc.com/.
10.1016/j.actamat.2008.09.010,10.1115/1.4008149,10.1016/j.actamat.2008.09.010_bib49,Murray,1959,,Trans ASME J Heat Transfer,
10.1016/j.actamat.2008.09.010,,10.1016/j.actamat.2008.09.010_bib50,Christian,2002,,,
10.1016/j.actamat.2008.09.010,,10.1016/j.actamat.2008.09.010_bib51,,,,,Payton EJ. Private communications.
10.1016/j.actamat.2008.09.010,,10.1016/j.actamat.2008.09.010_bib52,,,,,"Shen C. Ph.D. thesis, Ohio State Univ; 2004."
10.1016/j.actamat.2008.09.010,10.1103/PhysRevE.48.2016,10.1016/j.actamat.2008.09.010_bib53,McFadden,1993,,Phys Rev E,
10.1016/j.actamat.2008.09.010,10.1016/S0167-2789(00)00222-0,10.1016/j.actamat.2008.09.010_bib54,Eggleston,2001,,Phys D,
10.1016/j.actamat.2008.09.010,10.1103/PhysRevB.61.14275,10.1016/j.actamat.2008.09.010_bib55,Kazaryan,2000,,Phys Rev B,
10.1016/j.actamat.2008.09.010,10.1016/S1359-6454(02)00078-2,10.1016/j.actamat.2008.09.010_bib56,Kazaryan,2002,,Acta Mater,
10.1016/j.actamat.2008.09.010,10.1023/A:1015832431826,10.1016/j.actamat.2008.09.010_bib57,Upmanyu,2002,,Interface Sci,
10.1016/j.actamat.2008.09.010,10.1016/j.actamat.2004.05.001,10.1016/j.actamat.2008.09.010_bib58,Ma,2004,,Acta Mater,
10.1016/j.actamat.2008.09.010,10.1016/j.scriptamat.2006.02.005,10.1016/j.actamat.2008.09.010_bib59,Ma,2006,,Scripta Mater,
10.1016/j.actamat.2008.09.010,,10.1016/j.actamat.2008.09.010_bib60,Khachaturyan,1983,,,
10.1016/j.actamat.2008.09.010,,10.1016/j.actamat.2008.09.010_bib61,Wang,1996,,,
10.1016/j.actamat.2008.09.010,10.1016/S1359-6462(97)00276-5,10.1016/j.actamat.2008.09.010_bib62,Li,1997,,Scripta Mater,
10.1016/j.actamat.2008.09.010,10.1016/j.actamat.2007.06.002,10.1016/j.actamat.2008.09.010_bib63,Zhou,2007,,Acta Mater,
10.1016/j.actamat.2008.09.010,10.1146/annurev.matsci.37.052506.084401,10.1016/j.actamat.2008.09.010_bib64,Rollett,2007,,Annu Rev Mater Res,
10.1016/j.actamat.2008.09.010,10.1007/BF02644968,10.1016/j.actamat.2008.09.010_bib65,Brown,1984,,Metall Trans,
10.1016/j.actamat.2008.09.010,,10.1016/j.actamat.2008.09.010_bib66,Smith,1948,,Trans AIME,
10.1016/j.actamat.2008.09.010,,10.1016/j.actamat.2008.09.010_bib67,Hertzberg,1989,,,
10.1016/j.actamat.2010.11.023,,10.1016/j.actamat.2010.11.023_b0005,Ashby,2005,,,
10.1016/j.actamat.2010.11.023,,10.1016/j.actamat.2010.11.023_b0010,Honeycombe,1981,,,
10.1016/j.actamat.2010.11.023,,10.1016/j.actamat.2010.11.023_b0015,Leslie,1996,,,
10.1016/j.actamat.2010.11.023,,10.1016/j.actamat.2010.11.023_b0020,Polmear,1996,,,
10.1016/j.actamat.2010.11.023,,10.1016/j.actamat.2010.11.023_b0025,Altenpohl,1982,,,
10.1016/j.actamat.2010.11.023,,10.1016/j.actamat.2010.11.023_b0030,Ryabov,1998,,,
10.1016/j.actamat.2010.11.023,,10.1016/j.actamat.2010.11.023_b0035,,,,,"Radscheit CR. Ph.D. Thesis, Universität Bremen; 1996."
10.1016/j.actamat.2010.11.023,,10.1016/j.actamat.2010.11.023_b0040,Roulin,1999,,Weld J,
10.1016/j.actamat.2010.11.023,,10.1016/j.actamat.2010.11.023_b0045,Hartwig,1981,,Aluminium,
10.1016/j.actamat.2010.11.023,,10.1016/j.actamat.2010.11.023_b0050,Mechsner,1983,,Aluminium,
10.1016/j.actamat.2010.11.023,,10.1016/j.actamat.2010.11.023_b0055,Kattner,1990,,,
10.1016/j.actamat.2010.11.023,,10.1016/j.actamat.2010.11.023_b0060,Kubaschewski,1982,,,
10.1016/j.actamat.2010.11.023,,10.1016/j.actamat.2010.11.023_b0065,,,,,"Gosh G. In: Ternary alloys, vol. 5. Weinheim: VCH Verlagsgesellschaft; 1992. p. 394."
10.1016/j.actamat.2010.11.023,10.1007/s11661-007-9182-x,10.1016/j.actamat.2010.11.023_b0070,Krendelsberger,2007,,Metall Mater Trans A,
10.1016/j.actamat.2010.11.023,10.1016/0022-3115(61)90175-1,10.1016/j.actamat.2010.11.023_b0075,Kidson,1961,,J Nucl Mater,
10.1016/j.actamat.2010.11.023,,10.1016/j.actamat.2010.11.023_b0080,Achar,1980,,Aluminium,
10.1016/j.actamat.2010.11.023,10.1016/S1044-5803(03)00051-2,10.1016/j.actamat.2010.11.023_b0085,Yilmaz,2003,,Mater Charact,
10.1016/j.actamat.2010.11.023,,10.1016/j.actamat.2010.11.023_b0090,Heumann,1959,,Z Metall,
10.1016/j.actamat.2010.11.023,,10.1016/j.actamat.2010.11.023_b0095,,,,,"Eggeler G. Ph.D. Thesis. Friedrich Alexander Universität, Erlangen; 1985."
10.1016/j.actamat.2010.11.023,10.1016/S0921-5093(98)00573-5,10.1016/j.actamat.2010.11.023_b0100,Bouche,1998,,Mater Sci Eng A,
10.1016/j.actamat.2010.11.023,10.1016/S0921-5093(03)00469-6,10.1016/j.actamat.2010.11.023_b0105,Bouayad,2003,,Mater Sci Eng A,
10.1016/j.actamat.2010.11.023,10.1515/pm-1985-220402,10.1016/j.actamat.2010.11.023_b0110,Eggeler,1985,,Prak Metallogr – Pr M,
10.1016/j.actamat.2010.11.023,,10.1016/j.actamat.2010.11.023_b0115,Gebhardt,1953,,Z Metall,
10.1016/j.actamat.2010.11.023,10.1007/BF00553379,10.1016/j.actamat.2010.11.023_b0120,Eggeler,1986,,J Mater Sci,
10.1016/j.actamat.2010.11.023,10.1016/S0924-0136(01)01101-3,10.1016/j.actamat.2010.11.023_b0125,An,2002,,J Mater Process Technol,
10.1016/j.actamat.2010.11.023,,10.1016/j.actamat.2010.11.023_b0130,Knauscher,1974,,Neue Hütte,
10.1016/j.actamat.2010.11.023,,10.1016/j.actamat.2010.11.023_b0135,Sunderasan,1993,,Mater Forum,
10.1016/j.actamat.2010.11.023,10.1299/jsmea.46.452,10.1016/j.actamat.2010.11.023_b0140,Kobayashi,2003,,"JSME Int J, Ser A",
10.1016/j.actamat.2010.11.023,10.1016/j.msea.2007.01.099,10.1016/j.actamat.2010.11.023_b0145,Naoi,2007,,Mater Sci Eng A,
10.1016/j.actamat.2010.11.023,,10.1016/j.actamat.2010.11.023_b0150,Kurakin,1970,,Phys Met Metallogr,
10.1016/j.actamat.2010.11.023,,10.1016/j.actamat.2010.11.023_b0155,Smigelkas,1947,,Trans AIME,
10.1016/j.actamat.2010.11.023,,10.1016/j.actamat.2010.11.023_b0160,Nicholls,1964,,Corr Tech,
10.1016/j.actamat.2010.11.023,,10.1016/j.actamat.2010.11.023_b0165,Denner,1975,,J Iron Steel Inst,
10.1016/j.actamat.2010.11.023,10.2464/jilm.18.467,10.1016/j.actamat.2010.11.023_b0170,Komatsu,1968,,J Jpn Inst Light Met,
10.1016/j.actamat.2010.11.023,10.1007/s10853-006-0644-0,10.1016/j.actamat.2010.11.023_b0175,Agudo,2007,,J Mater Sci,
10.1016/j.actamat.2010.11.023,10.1023/A:1009856708511,10.1016/j.actamat.2010.11.023_b0180,Modigell,1999,,Mech Time-Depend Mater,
10.1016/j.actamat.2010.11.023,10.1023/A:1018522805543,10.1016/j.actamat.2010.11.023_b0185,Yang,1997,,J Mater Sci,
10.1016/j.actamat.2010.11.023,10.1007/BF02868729,10.1016/j.actamat.2010.11.023_b0190,Murray,1984,,Bull Alloy Phase Diagr,
10.1016/j.actamat.2010.11.023,,10.1016/j.actamat.2010.11.023_b0195,,2000,,,
10.1016/j.actamat.2010.11.023,,10.1016/j.actamat.2010.11.023_b0200,Williams,1996,,,
10.1016/j.actamat.2010.11.023,10.1038/366143a0,10.1016/j.actamat.2010.11.023_b0205,Browning,1993,,Nature,
10.1016/j.actamat.2010.11.023,,10.1016/j.actamat.2010.11.023_b0210,Xiao,1995,,Acta Metall Mater,
10.1016/j.actamat.2010.11.023,,10.1016/j.actamat.2010.11.023_b0215,Palatnik,1964,,Kristallografiya,
10.1016/j.actamat.2010.11.023,10.1016/0956-716X(92)90637-T,10.1016/j.actamat.2010.11.023_b0220,Ellner,1992,,Scripta Metall Mater,
10.1016/j.actamat.2010.11.023,,10.1016/j.actamat.2010.11.023_b0225,Eggeler,1986,,Z Metall,
10.1016/j.actamat.2010.11.023,10.1107/S0365110X5500011X,10.1016/j.actamat.2010.11.023_b0230,Black,1955,,Acta Crystallogr,
10.1016/j.actamat.2010.11.023,10.1107/S0108270196008694,10.1016/j.actamat.2010.11.023_b0235,Yanson,1996,,Acta Crystallogr C,
10.1016/j.actamat.2010.11.023,,10.1016/j.actamat.2010.11.023_b0240,Munson,1967,,J Inst Met,
10.1016/j.actamat.2010.11.023,,10.1016/j.actamat.2010.11.023_b0245,German,1989,,Sov Crystallogr,
10.1016/j.actamat.2010.11.023,10.1107/S0567740877011224,10.1016/j.actamat.2010.11.023_b0250,Corby,1977,,Acta Crystallogr B,
10.1016/j.actamat.2010.11.023,10.1107/S0108768197017047,10.1016/j.actamat.2010.11.023_b0255,Hansen,1998,,Acta Crystallogr B,
10.1016/j.actamat.2010.11.023,,10.1016/j.actamat.2010.11.023_b0260,German,1989,,Kristallografiya,
10.1016/j.actamat.2010.11.023,10.1515/pm-1977-140502,10.1016/j.actamat.2010.11.023_b0265,Langenscheidt,1977,,Prak Metallogr – Pr M,
10.1016/j.actamat.2010.11.023,10.2320/jinstmet1952.30.4_382,10.1016/j.actamat.2010.11.023_b0270,Shibata,1966,,J Jpn Inst Met,
10.1016/j.actamat.2011.04.004,,10.1016/j.actamat.2011.04.004_b0005,Smith,1948,,Trans AIME,
10.1016/j.actamat.2011.04.004,10.2355/isijinternational.38.913,10.1016/j.actamat.2011.04.004_b0010,Manohar,1998,,ISIJ Int,
10.1016/j.actamat.2011.04.004,10.1016/0956-7151(94)00489-5,10.1016/j.actamat.2011.04.004_b0015,Anderson,1995,,Acta Metall,
10.1016/j.actamat.2011.04.004,10.1016/S1359-6454(96)00284-4,10.1016/j.actamat.2011.04.004_b0020,Rios,1997,,Acta Mater,
10.1016/j.actamat.2011.04.004,10.1016/S1359-6454(97)00173-0,10.1016/j.actamat.2011.04.004_b0025,Humphreys,1997,,Acta Mater,
10.1016/j.actamat.2011.04.004,10.1016/S1359-6462(97)00134-6,10.1016/j.actamat.2011.04.004_b0030,Novikov,1997,,Scripta Mater,
10.1016/j.actamat.2011.04.004,10.1016/S1359-6462(98)00340-6,10.1016/j.actamat.2011.04.004_b0035,Novikov,1999,,Scripta Mater,
10.1016/j.actamat.2011.04.004,10.1016/S1359-6454(01)00085-4,10.1016/j.actamat.2011.04.004_b0040,Di Nunzio,2001,,Acta Mater,
10.1016/j.actamat.2011.04.004,10.1016/S0022-0248(02)01420-3,10.1016/j.actamat.2011.04.004_b0045,Maazi,2002,,J Crys Growth,
10.1016/j.actamat.2011.04.004,10.1103/PhysRevB.68.115432,10.1016/j.actamat.2011.04.004_b0050,Di Nunzio,2003,,Phys Rev B,
10.1016/j.actamat.2011.04.004,10.1016/0001-6160(65)90200-2,10.1016/j.actamat.2011.04.004_b0055,Hillert,1965,,Acta Metall,
10.1016/j.actamat.2011.04.004,10.1016/S1359-6462(00)00354-7,10.1016/j.actamat.2011.04.004_b0060,Miodownik,2000,,Scripta Mater,
10.1016/j.actamat.2011.04.004,10.1016/j.scriptamat.2005.12.042,10.1016/j.actamat.2011.04.004_b0065,Zollner,2006,,Scripta Mater,
10.1016/j.actamat.2011.04.004,10.1016/j.actamat.2004.10.044,10.1016/j.actamat.2011.04.004_b0070,Couturier,2005,,Acta Mater,
10.1016/j.actamat.2011.04.004,10.1016/j.scriptamat.2006.03.034,10.1016/j.actamat.2011.04.004_b0075,Suwa,2006,,Scripta Mater,
10.1016/j.actamat.2011.04.004,10.1016/j.actamat.2005.10.045,10.1016/j.actamat.2011.04.004_b0080,Moelans,2006,,Acta Mater,
10.1016/j.actamat.2011.04.004,10.1016/j.actamat.2006.11.018,10.1016/j.actamat.2011.04.004_b0085,Moelans,2007,,Acta Mater,
10.1016/j.actamat.2011.04.004,10.1016/j.actamat.2006.03.012,10.1016/j.actamat.2011.04.004_b0090,Harun,2006,,Acta Mater,
10.1016/j.actamat.2011.04.004,10.1111/j.1151-2916.1998.tb02370.x,10.1016/j.actamat.2011.04.004_b0095,Fan,1998,,J Am Ceram Soc,
10.1016/j.actamat.2011.04.004,10.1007/BF02658051,10.1016/j.actamat.2011.04.004_b0100,Patterson,1992,,Metall Trans A,
10.1016/j.actamat.2011.04.004,10.1016/0001-6160(86)90064-7,10.1016/j.actamat.2011.04.004_b0105,Abbruzzese,1986,,Acta Metall,
10.1016/j.actamat.2011.04.004,10.1016/j.actamat.2006.05.008,10.1016/j.actamat.2011.04.004_b0110,Sun,2006,,Acta Mater,
10.1016/j.actamat.2011.04.004,,10.1016/j.actamat.2011.04.004_b0115,Lücke,1995,,Mater Sci Forum,
10.1016/j.actamat.2011.04.004,,10.1016/j.actamat.2011.04.004_b0120,,,,,"Underwood EE. In: DeHoff RT, Rhines RF, editors. Quantitative microscopy. New York: McGraw-Hill; 1968. p. 149."
10.1016/j.actamat.2011.04.004,10.1016/S1359-6454(02)00088-5,10.1016/j.actamat.2011.04.004_b0125,Feppon,2002,,Acta Mater,
10.1016/j.actamat.2011.04.004,10.1038/nature05745,10.1016/j.actamat.2011.04.004_b0130,MacPherson,2007,,Nature,
10.1016/j.actamat.2011.04.004,10.1016/0001-6160(87)90166-0,10.1016/j.actamat.2011.04.004_b0135,Thompson,1987,,Acta Metall,
10.1016/j.actamat.2011.04.004,10.1016/j.actamat.2009.06.018,10.1016/j.actamat.2011.04.004_b0140,Dennis,2009,,Acta Mater,
10.1016/j.actamat.2011.04.004,10.1016/j.actamat.2008.09.010,10.1016/j.actamat.2011.04.004_b0145,Wang,2009,,Acta Mater,
10.1016/j.actamat.2011.09.022,10.1016/S0921-5093(01)01016-4,10.1016/j.actamat.2011.09.022_b0005,Kausträter,2001,,Mater Sci Eng A,
10.1016/j.actamat.2011.09.022,10.1016/0956-7151(93)90054-V,10.1016/j.actamat.2011.09.022_b0010,Dlouhy,1993,,Acta Metall Mater,
10.1016/j.actamat.2011.09.022,10.1016/0956-7151(92)90348-I,10.1016/j.actamat.2011.09.022_b0015,Dragone,1992,,Acta Metall Mater,
10.1016/j.actamat.2011.09.022,,10.1016/j.actamat.2011.09.022_b0020,Eggeler,1994,,Z Metallk,
10.1016/j.actamat.2011.09.022,10.1016/0956-7151(94)00255-G,10.1016/j.actamat.2011.09.022_b0025,Dlouhy,1995,,Acta Metall Mater,
10.1016/j.actamat.2011.09.022,,10.1016/j.actamat.2011.09.022_b0030,,,,,"Canelo Yubero D, Requena G, Degischer HP, Buslaps T. In: Wielage B, editor. Proceedings of the 18th Verbundwerkst. Werkstoffverbunde, Eigenverlag, Chemnitz, Germany; 2011. p. 26–32."
10.1016/j.actamat.2011.09.022,10.1016/j.msea.2009.07.033,10.1016/j.actamat.2011.09.022_b0035,Young,2009,,Mater Sci Eng A,
10.1016/j.actamat.2011.09.022,10.1016/j.actamat.2007.06.003,10.1016/j.actamat.2011.09.022_b0040,Garces,2007,,Acta Mater,
10.1016/j.actamat.2011.09.022,10.1016/j.scriptamat.2006.03.056,10.1016/j.actamat.2011.09.022_b0045,Garces,2006,,Scripta Mater,
10.1016/j.actamat.2011.09.022,10.1016/j.actamat.2009.03.030,10.1016/j.actamat.2011.09.022_b0050,Requena,2009,,Acta Mater,
10.1016/j.actamat.2011.09.022,,10.1016/j.actamat.2011.09.022_b0055,,,,,"Kausträter G. PhD thesis, Institut für Werkstoffe, Ruhr-Universität Bochum, Germany; 2002."
10.1016/j.actamat.2011.09.022,,10.1016/j.actamat.2011.09.022_b0060,,,,,"Schürhoff J. PhD thesis, Institut für Werkstoffe, Ruhr-Universität Bochum, Germany; 2004."
10.1016/j.actamat.2011.09.022,10.1016/j.msea.2003.12.079,10.1016/j.actamat.2011.09.022_b0065,Schürhoff,2004,,Mater Sci Eng A,
10.1016/j.actamat.2011.09.022,10.1002/(SICI)1521-4052(199908)30:8<465::AID-MAWE465>3.0.CO;2-L,10.1016/j.actamat.2011.09.022_b0070,Kolbe,1999,,Materialwiss Werkstofftech,
10.1016/j.actamat.2011.09.022,10.1007/s11661-006-9007-3,10.1016/j.actamat.2011.09.022_b0075,Maelzer,2007,,Metall Mater Trans A,
10.1016/j.actamat.2011.09.022,10.1515/pm-1993-300403,10.1016/j.actamat.2011.09.022_b0080,Dlouhy,1993,,Prakt Metallogr,
10.1016/j.actamat.2011.09.022,10.1515/pm-2000-371107,10.1016/j.actamat.2011.09.022_b0085,Kausträter,2000,,Prakt Metallogr,
10.1016/j.actamat.2011.09.022,10.1016/j.crhy.2007.08.003,10.1016/j.actamat.2011.09.022_b0090,Baruchel,2008,,CR Phys,
10.1016/j.actamat.2011.09.022,10.1016/j.scriptamat.2006.02.012,10.1016/j.actamat.2011.09.022_b0095,Baruchel,2006,,Scripta Mater,
10.1016/j.actamat.2011.09.022,10.1016/S0168-583X(02)01689-0,10.1016/j.actamat.2011.09.022_b0100,Salvo,2003,,Nucl Instrum Methods Phys Res B,
10.1016/j.actamat.2011.09.022,10.1016/j.msea.2007.10.016,10.1016/j.actamat.2011.09.022_b0105,Requena,2008,,Mater Sci Eng A,
10.1016/j.actamat.2011.09.022,,10.1016/j.actamat.2011.09.022_b0110,,,,,"Kausträter G, Skrotzki B, Eggeler G. In: Dutkiewicz J, editor. Proceedings of the light alloys and composites, Akademickie Centrum Graficzno- Marketingowe LODART SA, Zakopane, Poland; 1999. p. 335–40."
10.1016/j.actamat.2011.09.022,10.1016/S1359-6462(02)00045-3,10.1016/j.actamat.2011.09.022_b0115,Yawny,2002,,Scripta Mater,
10.1016/j.actamat.2011.09.022,,10.1016/j.actamat.2011.09.022_b0120,,,,,"Kurumlu D. PhD thesis, Institut für Werkstoffe, Ruhr-Universität Bochum, Germany; 2010."
10.1016/j.actamat.2011.09.022,,10.1016/j.actamat.2011.09.022_b0125,,,,,"Petzow G. Metallographisches, keramographisches, plastographisches Ätzen. Berlin – Stuttgart, Germany: Gebrüder Borntraeger; 1994. p. 72."
10.1016/j.actamat.2011.09.022,10.4028/www.scientific.net/MSF.396-402.1303,10.1016/j.actamat.2011.09.022_b0130,,,,,"Kausträter G, Yawny A, Wagner M, Skrotzki B, Eggeler G. In: Gregson PJ, Harris SJ, editors. Proceedings of the 8th ICAA. Cambridge, UK: Trans Tech Publications Ltd; 2002. p. 1303–8."
10.1016/j.actamat.2011.09.022,,10.1016/j.actamat.2011.09.022_b0135,,,,,VGStudio MAX Release 2.0. Volume graphics; 2009.
10.1016/j.actamat.2011.09.022,,10.1016/j.actamat.2011.09.022_b0140,Baruchel,2000,,,
10.1016/j.actamat.2011.09.022,,10.1016/j.actamat.2011.09.022_b0145,,,,,"Berger MJ, Hubbell JH, Seltzer SM, Chang J, Coursey JS, Sukumar R, et al. XCOM: photon cross section database (version 1.3). Gaithersburg, Maryland, USA: National Institute of Standards and Technology; 2005. <http://www.nist.gov/physlab/data/xcom/index.cfm>."
10.1016/j.actamat.2011.09.022,10.1063/1.1146073,10.1016/j.actamat.2011.09.022_b0150,Snigirev,1995,,Rev Sci Instrum,
10.1016/j.actamat.2011.09.022,10.1088/0022-3727/32/10A/330,10.1016/j.actamat.2011.09.022_b0155,Cloetens,1999,,J Phys D,
10.1016/j.actamat.2011.09.022,10.1007/978-3-642-80708-4,10.1016/j.actamat.2011.09.022_b0160,,,,,"Ilschner B. Hochtemperatur-Pastizität. Berlin, Germany: Springer; 1973."
10.1016/j.actamat.2011.09.022,,10.1016/j.actamat.2011.09.022_b0165,,,,,"Kausträter G, Yawny A, Schürhoff J, Skrotzki B, Eggeler G, Stöckhert B. In: Parker JD, editor. Proceedings of the 9th creep fract eng mater struct. Swansea, UK: The Institute of Materials, Minerals and Mining; 2001. p. 207–17."
10.1016/j.actamat.2011.09.022,,10.1016/j.actamat.2011.09.022_b0170,,,,,"Kausträter G, Eggeler G. In: Miannay D, Costa P, Francois D, Pineau A, editors. Proceedings of the Euromat 2000. Tours, France: Elsevier Science Ltd; 2000. p. 1285–90."
10.1016/j.actamat.2011.09.022,10.1007/BF02101453,10.1016/j.actamat.2011.09.022_b0175,Kardasev,1968,,Czech J Phys,
10.1016/j.actamat.2011.09.022,,10.1016/j.actamat.2011.09.022_b0180,,,,,"Saffil Aluminiumoxidfaser. Sales Literature. Frankfurt am Main, Germany: ICI."
10.1016/j.actamat.2011.09.022,,10.1016/j.actamat.2011.09.022_b0185,Bronstein,2008,,,
10.1016/j.actamat.2011.09.022,10.1016/0036-9748(77)90308-8,10.1016/j.actamat.2011.09.022_b0190,Pahutova,1977,,Scripta Metall,
10.1016/j.actamat.2011.09.022,10.1016/0956-716X(94)90332-8,10.1016/j.actamat.2011.09.022_b0195,Dlouhy,1994,,Scripta Metall Mater,
10.1016/j.actamat.2011.09.022,10.1016/j.actamat.2010.08.004,10.1016/j.actamat.2011.09.022_b0200,Schoebel,2010,,Acta Mater,
10.1016/j.actamat.2011.09.022,10.1016/j.compscitech.2011.01.020,10.1016/j.actamat.2011.09.022_b0205,Schoebel,2011,,Compos Sci Technol,
10.1016/j.actamat.2011.09.022,10.1002/adem.200900218,10.1016/j.actamat.2011.09.022_b0210,Requena,2009,,Adv Eng Mater,
10.1016/j.actamat.2012.02.004,,10.1016/j.actamat.2012.02.004_b0005,Garofalo,1965,,,
10.1016/j.actamat.2012.02.004,,10.1016/j.actamat.2012.02.004_b0010,Ilschner,1973,,,
10.1016/j.actamat.2012.02.004,,10.1016/j.actamat.2012.02.004_b0015,McLean,1983,,,
10.1016/j.actamat.2012.02.004,,10.1016/j.actamat.2012.02.004_b0020,Poirier,1985,,,
10.1016/j.actamat.2012.02.004,,10.1016/j.actamat.2012.02.004_b0025,Evans,1985,,,
10.1016/j.actamat.2012.02.004,,10.1016/j.actamat.2012.02.004_b0030,Riedel,1987,,,
10.1016/j.actamat.2012.02.004,,10.1016/j.actamat.2012.02.004_b0035,Čadek,1988,,,
10.1016/j.actamat.2012.02.004,,10.1016/j.actamat.2012.02.004_b0040,Viswanathan,1989,,,
10.1016/j.actamat.2012.02.004,,10.1016/j.actamat.2012.02.004_b0045,Nabarro,1995,,,
10.1016/j.actamat.2012.02.004,,10.1016/j.actamat.2012.02.004_b0050,Bürgel,2011,,,
10.1016/j.actamat.2012.02.004,10.1179/030634575790444405,10.1016/j.actamat.2012.02.004_b0055,Cane,1975,,Met Sci,
10.1016/j.actamat.2012.02.004,10.1179/030634576790431417,10.1016/j.actamat.2012.02.004_b0060,Dyson,1976,,Met Sci,
10.1016/j.actamat.2012.02.004,10.1016/0079-6425(82)90001-9,10.1016/j.actamat.2012.02.004_b0065,Cocks,1982,,Prog Mater Sci,
10.1016/j.actamat.2012.02.004,,10.1016/j.actamat.2012.02.004_b0070,Nix,1983,Mechanisms of time-dependent flow and fracture of metals,,
10.1016/j.actamat.2012.02.004,10.1016/0001-6160(89)90265-4,10.1016/j.actamat.2012.02.004_b0075,Eggeler,1989,,Acta Metall,
10.1016/j.actamat.2012.02.004,10.1115/1.3443708,10.1016/j.actamat.2012.02.004_b0080,Sherby,1979,,J Eng Mater Technol,
10.1016/j.actamat.2012.02.004,,10.1016/j.actamat.2012.02.004_b0085,Frost,1982,,,
10.1016/j.actamat.2012.02.004,,10.1016/j.actamat.2012.02.004_b0090,Monkman,1956,,Proc ASTM,
10.1016/j.actamat.2012.02.004,10.1016/0956-7151(94)00255-G,10.1016/j.actamat.2012.02.004_b0095,Dlouhy,1995,,Acta Metall Mater,
10.1016/j.actamat.2012.02.004,10.1016/j.msea.2006.08.094,10.1016/j.actamat.2012.02.004_b0100,Wilshire,2007,,Mater Sci Eng A,
10.1016/j.actamat.2012.02.004,10.1016/0001-6160(87)90145-3,10.1016/j.actamat.2012.02.004_b0105,George,1987,,Acta Metall,
10.1016/j.actamat.2012.02.004,,10.1016/j.actamat.2012.02.004_b0110,Watanabe,1984,,Res Mech,
10.1016/j.actamat.2012.02.004,10.1007/s10853-011-5393-z,10.1016/j.actamat.2012.02.004_b0115,Watanabe,2011,,J Mater Sci,
10.1016/j.actamat.2012.02.004,,10.1016/j.actamat.2012.02.004_b0120,McLean,1957,,,
10.1016/j.actamat.2012.02.004,10.1016/j.actamat.2007.05.047,10.1016/j.actamat.2012.02.004_b0125,Kirchheim,2007,,Acta Mater,
10.1016/j.actamat.2012.02.004,10.1016/j.actamat.2007.05.033,10.1016/j.actamat.2012.02.004_b0130,Kirchheim,2007,,Acta Mater,
10.1016/j.actamat.2012.02.004,,10.1016/j.actamat.2012.02.004_b0135,Joshi,1971,,J Inst Met,
10.1016/j.actamat.2012.02.004,10.1038/nmat1191,10.1016/j.actamat.2012.02.004_b0140,Duscher,2004,,Nat Mater,
10.1016/j.actamat.2012.02.004,10.3139/146.110501,10.1016/j.actamat.2012.02.004_b0145,Otto,2011,,Int J Mater Res,
10.1016/j.actamat.2012.02.004,10.1016/j.jallcom.2010.12.178,10.1016/j.actamat.2012.02.004_b0150,Otto,2011,,J Alloys Compd,
10.1016/j.actamat.2012.02.004,10.1016/0956-7151(92)90413-9,10.1016/j.actamat.2012.02.004_b0155,Field,1992,,Acta Metall Mater,
10.1016/j.actamat.2012.02.004,10.1016/S1359-6454(99)00168-8,10.1016/j.actamat.2012.02.004_b0160,Chang,1999,,Acta Mater,
10.1016/j.actamat.2012.02.004,10.1002/(SICI)1521-4052(199908)30:8<465::AID-MAWE465>3.0.CO;2-L,10.1016/j.actamat.2012.02.004_b0165,Kolbe,1999,,Materialwiss Werkstofftech,
10.1016/j.actamat.2012.02.004,10.1007/s11661-006-9007-3,10.1016/j.actamat.2012.02.004_b0170,Mälzer,2007,,Metall Mater Trans A,
10.1016/j.actamat.2012.02.004,10.1002/mawe.201100682,10.1016/j.actamat.2012.02.004_b0175,Peter,2011,,Materialwiss Werkstofftech,
10.1016/j.actamat.2012.02.004,10.1016/0001-6160(59)90131-2,10.1016/j.actamat.2012.02.004_b0180,Feltham,1959,,Acta Metall,
10.1016/j.actamat.2012.02.004,10.1080/09500839108214656,10.1016/j.actamat.2012.02.004_b0185,Luzzi,1991,,Philos Mag Lett,
10.1016/j.actamat.2012.02.004,10.1007/BF02644391,10.1016/j.actamat.2012.02.004_b0190,Michael,1984,,Metall Trans A,
10.1016/j.actamat.2012.02.004,10.1046/j.1365-2818.2000.00694.x,10.1016/j.actamat.2012.02.004_b0195,Keast,2000,,J Microsc,
10.1016/j.actamat.2012.02.004,10.1016/j.actamat.2007.05.034,10.1016/j.actamat.2012.02.004_b0200,Keast,2007,,Acta Mater,
10.1016/j.actamat.2012.02.004,10.1016/j.msea.2009.12.037,10.1016/j.actamat.2012.02.004_b0205,Payton,2010,,Mater Sci Eng A,
10.1016/j.actamat.2012.02.004,,10.1016/j.actamat.2012.02.004_b0210,Goldstein,2003,,,
10.1016/j.actamat.2012.02.004,10.1107/S0567739480000861,10.1016/j.actamat.2012.02.004_b0215,Grimmer,1980,,Acta Crystallogr,
10.1016/j.actamat.2012.02.004,10.1016/0001-6160(69)90049-2,10.1016/j.actamat.2012.02.004_b0220,Luton,1969,,Acta Metall,
10.1016/j.actamat.2012.02.004,,10.1016/j.actamat.2012.02.004_b0225,Ortner,1976,,Z Metallkd,
10.1016/j.actamat.2012.02.004,,10.1016/j.actamat.2012.02.004_b0230,Exner,1986,,,
10.1016/j.actamat.2012.02.004,10.1016/0036-9748(83)90065-0,10.1016/j.actamat.2012.02.004_b0235,Dyson,1983,,Scripta Metall,
10.1016/j.actamat.2012.02.004,10.1080/01418618908209838,10.1016/j.actamat.2012.02.004_b0240,Randle,1989,,Philos Mag A,
10.1016/j.actamat.2012.02.004,,10.1016/j.actamat.2012.02.004_b0245,Kronberg,1949,,Trans Am Inst Min Metall Pet Eng,
10.1016/j.actamat.2012.02.004,10.1016/0001-6160(66)90168-4,10.1016/j.actamat.2012.02.004_b0250,Brandon,1966,,Acta Metall,
10.1016/j.actamat.2012.02.004,,10.1016/j.actamat.2012.02.004_b0255,Massalski,1990,,,
10.1016/j.actamat.2012.02.004,10.1007/BF02665694,10.1016/j.actamat.2012.02.004_b0260,Chang,1997,,J Phase Equilib,
10.1016/j.actamat.2012.02.004,10.1016/0001-6160(73)90031-X,10.1016/j.actamat.2012.02.004_b0265,Powell,1973,,Acta Metall,
10.1016/j.actamat.2012.02.004,10.1016/0036-9748(82)90442-2,10.1016/j.actamat.2012.02.004_b0270,Chuang,1982,,Scripta Metall,
10.1016/j.actamat.2012.02.004,,10.1016/j.actamat.2012.02.004_b0275,,,,,Gibbs JW. The collected work of J. Willard Gibbs. New York: Green & Co.; 1928.
10.1016/j.actamat.2012.02.004,10.1016/0001-6160(89)90011-4,10.1016/j.actamat.2012.02.004_b0280,Raj,1989,,Acta Metall,
10.1016/j.actamat.2012.02.004,,10.1016/j.actamat.2012.02.004_b0285,Gilbert,1965,,Trans Metall Soc AIME,
10.1016/j.actamat.2012.02.004,10.4028/www.scientific.net/MSF.604-605.285,10.1016/j.actamat.2012.02.004_b0290,McQueen,2009,,Mater Sci Forum,
10.1016/j.actamat.2012.02.004,10.1016/0956-7151(91)90270-B,10.1016/j.actamat.2012.02.004_b0295,Eggeler,1991,,Acta Metall Mater,
10.1016/j.actamat.2012.02.004,10.1007/s10853-011-6124-1,10.1016/j.actamat.2012.02.004_b0300,Otto,2012,,J Mater Sci,
10.1016/j.actamat.2012.02.004,10.1016/S1359-6454(99)00265-7,10.1016/j.actamat.2012.02.004_b0305,Alber,1999,,Acta Mater,
10.1016/j.actamat.2012.02.004,10.1088/0022-3727/29/7/008,10.1016/j.actamat.2012.02.004_b0310,Bruley,1996,,J Phys D Appl Phys,
10.1016/j.actamat.2012.02.004,10.1016/S1359-6454(99)00261-X,10.1016/j.actamat.2012.02.004_b0315,Bruley,1999,,Acta Mater,
10.1016/j.actamat.2012.02.004,10.1080/14786437408222070,10.1016/j.actamat.2012.02.004_b0320,Hondros,1974,,Philos Mag,
10.1016/j.actamat.2012.02.004,10.1098/rspa.1963.0108,10.1016/j.actamat.2012.02.004_b0325,Inman,1963,,Proc Roy Soc Lond Ser A,
10.1016/j.actamat.2012.02.004,10.1016/S1359-6462(03)00432-9,10.1016/j.actamat.2012.02.004_b0330,López,2003,,Scripta Mater,
10.1016/j.actamat.2012.02.004,10.1007/BF02668886,10.1016/j.actamat.2012.02.004_b0335,Yu,1983,,Metall Trans A,
10.1016/j.actamat.2012.02.004,10.1179/030634570790444176,10.1016/j.actamat.2012.02.004_b0340,Tipler,1970,,Met Sci J,
10.1016/j.actamat.2012.02.004,10.1007/BF02643773,10.1016/j.actamat.2012.02.004_b0345,Nix,1983,,Metall Trans A,
10.1016/j.actamat.2012.07.042,,10.1016/j.actamat.2012.07.042_b0005,Garofalo,1965,,,
10.1016/j.actamat.2012.07.042,,10.1016/j.actamat.2012.07.042_b0010,Ilschner,1973,,,
10.1016/j.actamat.2012.07.042,,10.1016/j.actamat.2012.07.042_b0015,Evans,1985,,,
10.1016/j.actamat.2012.07.042,,10.1016/j.actamat.2012.07.042_b0020,Cadek,1988,,,
10.1016/j.actamat.2012.07.042,10.1016/S0079-6425(99)00006-7,10.1016/j.actamat.2012.07.042_b0025,Kassner,2000,,Prog Mater Sci,
10.1016/j.actamat.2012.07.042,10.1016/0956-7151(93)90054-V,10.1016/j.actamat.2012.07.042_b0030,Dlouhy,1993,,Acta Metall Mater,
10.1016/j.actamat.2012.07.042,10.1016/0956-7151(94)00255-G,10.1016/j.actamat.2012.07.042_b0035,Dlouhy,1995,,Acta Metall Mater,
10.1016/j.actamat.2012.07.042,,10.1016/j.actamat.2012.07.042_b0040,,,,,"Phillips J, Staubach M, Skrotzki B, Eggeler G. On the influence of fiber volume fraction and fiber dimensions on creep in short fiber reinforced aluminum alloys. In: Creep and fracture of engineering materials and structures. Warrendale, PA: Minerals, Metals & Materials Soc.; 1996. p. 247–56."
10.1016/j.actamat.2012.07.042,10.1016/S0921-5093(01)01016-4,10.1016/j.actamat.2012.07.042_b0045,Kaustraeter,2001,,Mater Sci Eng A,
10.1016/j.actamat.2012.07.042,10.1515/pm-2000-371107,10.1016/j.actamat.2012.07.042_b0050,Kaustraeter,2000,,Prakt Metallogr,
10.1016/j.actamat.2012.07.042,10.1201/9781003580089-37,10.1016/j.actamat.2012.07.042_b0055,,,,,"Valek R, Kucharova K, Dlouhy A. Fibre breakage during creep of short fibre reinforced Al–7Si–3Cu–lMg alloy. In: Creep and fracture of engineering materials and structures. London: IOM, Communications; 2001. p. 281–90."
10.1016/j.actamat.2012.07.042,10.1016/j.actamat.2011.09.022,10.1016/j.actamat.2012.07.042_b0060,Kurumlu,2012,,Acta Mater,
10.1016/j.actamat.2012.07.042,10.1016/0001-6160(76)90003-1,10.1016/j.actamat.2012.07.042_b0065,Blum,1976,,Acta Metall,
10.1016/j.actamat.2012.07.042,10.1016/0001-6160(76)90133-4,10.1016/j.actamat.2012.07.042_b0070,Hausselt,1976,,Acta Metall,
10.1016/j.actamat.2012.07.042,,10.1016/j.actamat.2012.07.042_b0075,Blum,1980,,,
10.1016/j.actamat.2012.07.042,,10.1016/j.actamat.2012.07.042_b0080,,,,,"Blum W. In: Proceedings of the symposium on hot deformation of aluminium alloys, TMS fall meeting. Detroit; 1990. p. 1–29."
10.1016/j.actamat.2012.07.042,,10.1016/j.actamat.2012.07.042_b0085,,,,,"Kaustraeter G, Skrotzki B, Eggeler G. In: Dutkiewicz J, editor. Proceedings of the light alloys and composites. Zakopane, Poland: Akademickie Centrum Graficzno-Marketingowe LODART SA; 1999. p. 335–40."
10.1016/j.actamat.2012.07.042,,10.1016/j.actamat.2012.07.042_b0090,,,,,"Kaustraeter G. PhD thesis. Germany: Institut für Werkstoffe, Ruhr-Universität Bochum; 2002."
10.1016/j.actamat.2012.07.042,,10.1016/j.actamat.2012.07.042_b0095,Blum,1996,High-temperature deformation and creep of crystalline solids,,
10.1016/j.actamat.2012.07.042,10.1515/pm-1993-300403,10.1016/j.actamat.2012.07.042_b0100,Dlouhy,1993,,Prakt Metallogr,
10.1016/j.actamat.2012.07.042,10.1557/mrs2007.63,10.1016/j.actamat.2012.07.042_b0105,Mayer,2007,,MRS Bull,
10.1016/j.actamat.2012.07.042,10.1016/j.msea.2007.01.046,10.1016/j.actamat.2012.07.042_b0110,Kiener,2007,,Mater Sci Eng A,
10.1016/j.actamat.2012.07.042,10.1111/j.1365-2818.2010.03401.x,10.1016/j.actamat.2012.07.042_b0115,Unocic,2010,,J Microsc,
10.1016/j.actamat.2012.07.042,10.1007/BF01599778,10.1016/j.actamat.2012.07.042_b0120,Dlouhy,1990,,Czech J Phys,
10.1016/j.actamat.2012.07.042,,10.1016/j.actamat.2012.07.042_b0125,Allen,1981,,Philos Mag A – Phys Condens Matter Struct Defect Mech Prop,
10.1016/j.actamat.2012.07.042,10.1080/14786436108239679,10.1016/j.actamat.2012.07.042_b0130,Ham,1961,,Philos Mag,
10.1016/j.actamat.2012.07.042,,10.1016/j.actamat.2012.07.042_b0135,,,,,"Kurumlu D. PhD thesis. Germany: Institut für Werkstoffe, Ruhr-Universität Bochum; 2010."
10.1016/j.actamat.2012.07.042,,10.1016/j.actamat.2012.07.042_b0140,Hirsch,1977,,,
10.1016/j.actamat.2012.07.042,10.1080/14786437508222804,10.1016/j.actamat.2012.07.042_b0145,Stohr,1975,,Philos Mag,
10.1016/j.actamat.2012.07.042,,10.1016/j.actamat.2012.07.042_b0150,Gutekunst,1997,,Philos Mag A – Phys Condens Matter Struct Defect Mech Prop,
10.1016/j.actamat.2012.07.042,10.1016/0921-5093(91)90224-B,10.1016/j.actamat.2012.07.042_b0155,Dunand,1991,,Mater Sci Eng A,
10.1016/j.actamat.2012.07.042,,10.1016/j.actamat.2012.07.042_b0160,,,,,"ASM handbook: properties and selection: nonferrous alloys and special-purpose materials, vol. 2. Materials Park, OH: ASM International; 1990."
10.1016/j.actamat.2012.07.042,,10.1016/j.actamat.2012.07.042_b0165,Chawla,2006,,,
10.1016/j.actamat.2012.07.042,,10.1016/j.actamat.2012.07.042_b0170,,,,,Gagnon G. PhD thesis. Ecole Polytechnique Federale de Lausanne; 1995.
10.1016/j.actamat.2012.07.042,10.1016/0001-6160(89)90012-6,10.1016/j.actamat.2012.07.042_b0175,Mader,1989,,Acta Metall,
10.1016/j.actamat.2012.07.042,,10.1016/j.actamat.2012.07.042_b0180,Vitek,1995,,Philos Mag A – Phys Condens Matter Struct Defect Mech Prop,
10.1016/j.actamat.2012.07.042,10.1016/0956-7151(92)90348-I,10.1016/j.actamat.2012.07.042_b0185,Dragone,1992,,Acta Metall Mater,
10.1016/j.actamat.2012.07.042,10.1016/0956-7151(91)90090-N,10.1016/j.actamat.2012.07.042_b0190,Roesler,1991,,Acta Metall Mater,
10.1016/j.actamat.2012.07.042,10.1016/S1359-6454(99)00219-0,10.1016/j.actamat.2012.07.042_b0195,Li,1999,,Acta Mater,
10.1016/j.actamat.2012.07.042,,10.1016/j.actamat.2012.07.042_b0200,Yong,1999,,Metall Mater Trans A – Phys Metall Mater Sci,
10.1016/j.actamat.2012.07.042,10.1023/A:1025604725899,10.1016/j.actamat.2012.07.042_b0205,Kucharova,2003,,J Mater Sci,
10.1016/j.actamat.2012.07.042,,10.1016/j.actamat.2012.07.042_b0210,Chawla,2006,,,
10.1016/j.actamat.2012.07.042,10.1016/S1359-6462(97)00481-8,10.1016/j.actamat.2012.07.042_b0215,Eggeler,1997,,Scripta Mater,
10.1016/j.actamat.2012.07.042,10.1007/BF01124832,10.1016/j.actamat.2012.07.042_b0220,Cottu,1991,,J Mater Sci,
10.1016/j.actamat.2012.07.042,,10.1016/j.actamat.2012.07.042_b0225,,,,,"Gagnon G, Rezai-Aria F. In: Chawla KK, Liaw PK, Fishman SG, editors. Proceedings of the high performance composites—commonalty of phenomena. Rosemont, IL: TMS (The Minerals, Metals & Materials Society); 1994. p. 475–83."
10.1016/j.actamat.2012.07.042,,10.1016/j.actamat.2012.07.042_b0230,,,,,"Rudolf T. PhD thesis. Insitut für Werkstoffe, Ruhr-Universität Bochum; 2001."
10.1016/j.actamat.2012.11.009,10.2355/isijinternational.38.913,10.1016/j.actamat.2012.11.009_b0005,Manohar,1998,,ISIJ Int,
10.1016/j.actamat.2012.11.009,10.1016/0956-7151(92)90005-Y,10.1016/j.actamat.2012.11.009_b0010,Rios,1992,,Acta Metall Mater,
10.1016/j.actamat.2012.11.009,,10.1016/j.actamat.2012.11.009_b0015,Gladman,2004,,,
10.1016/j.actamat.2012.11.009,10.2355/isijinternational.46.718,10.1016/j.actamat.2012.11.009_b0020,Karasev,2006,,ISIJ Int,
10.1016/j.actamat.2012.11.009,10.1016/j.msea.2007.09.055,10.1016/j.actamat.2012.11.009_b0025,Song,2008,,Mater Sci Eng A,
10.1016/j.actamat.2012.11.009,10.1007/s11661-011-1035-y,10.1016/j.actamat.2012.11.009_b0030,Semiatin,2012,,Metall Mater Trans A,
10.1016/j.actamat.2012.11.009,,10.1016/j.actamat.2012.11.009_b0035,Humphreys,2004,,,
10.1016/j.actamat.2012.11.009,10.1016/0956-7151(94)00489-5,10.1016/j.actamat.2012.11.009_b0040,Andersen,1995,,Acta Metall Mater,
10.1016/j.actamat.2012.11.009,10.1016/S1359-6454(96)00284-4,10.1016/j.actamat.2012.11.009_b0045,Rios,1997,,Acta Mater,
10.1016/j.actamat.2012.11.009,10.1016/S1359-6462(97)00134-6,10.1016/j.actamat.2012.11.009_b0050,Novikov,1997,,Scripta Mater,
10.1016/j.actamat.2012.11.009,10.1016/S1359-6462(98)00340-6,10.1016/j.actamat.2012.11.009_b0055,Novikov,1999,,Scripta Mater,
10.1016/j.actamat.2012.11.009,10.1016/j.actamat.2011.04.004,10.1016/j.actamat.2012.11.009_b0060,Wang,2011,,Acta Mater,
10.1016/j.actamat.2012.11.009,10.1016/0001-6160(65)90200-2,10.1016/j.actamat.2012.11.009_b0065,Hillert,1965,,Acta Metall,
10.1016/j.actamat.2012.11.009,10.1023/A:1008608418845,10.1016/j.actamat.2012.11.009_b0070,Upmanyu,1998,,Interface Sci,
10.1016/j.actamat.2012.11.009,,10.1016/j.actamat.2012.11.009_b0075,,,,,Payton EJ. PhD thesis. The Ohio State University; 2009.
10.1016/j.actamat.2012.11.009,10.1016/0001-6160(81)90007-9,10.1016/j.actamat.2012.11.009_b0080,Hunderi,1981,,Acta Metall,
10.1016/j.actamat.2012.11.009,10.1016/0001-6160(82)90123-7,10.1016/j.actamat.2012.11.009_b0085,Hunderi,1982,,Acta Metall,
10.1016/j.actamat.2012.11.009,10.1016/0001-6160(85)90243-3,10.1016/j.actamat.2012.11.009_b0090,Abbruzzese,1985,,Acta Metall,
10.1016/j.actamat.2012.11.009,,10.1016/j.actamat.2012.11.009_b0095,Benson,1998,,,
10.1016/j.actamat.2012.11.009,10.1023/A:1008612519754,10.1016/j.actamat.2012.11.009_b0100,Lücke,1998,,Interface Sci,
10.1016/j.actamat.2012.11.009,10.1016/S1359-6454(97)00173-0,10.1016/j.actamat.2012.11.009_b0105,Humphreys,1997,,Acta Mater,
10.1016/j.actamat.2012.11.009,10.1016/S1359-6454(98)00220-1,10.1016/j.actamat.2012.11.009_b0110,Benson,1998,,Acta Mater,
10.1016/j.actamat.2012.11.009,10.1016/0001-6160(86)90064-7,10.1016/j.actamat.2012.11.009_b0115,Abbruzzese,1986,,Acta Metall,
10.1016/j.actamat.2012.11.009,10.1016/0001-6160(79)90091-9,10.1016/j.actamat.2012.11.009_b0120,Hunderi,1979,,Acta Metall,
10.1016/j.actamat.2012.11.009,10.1016/0001-6160(88)90028-4,10.1016/j.actamat.2012.11.009_b0125,Eichelkraut,1988,,Acta Metall,
10.1016/j.actamat.2012.11.009,10.1016/S1359-6454(01)00085-4,10.1016/j.actamat.2012.11.009_b0130,Di Nunzio,2001,,Acta Mater,
10.1016/j.actamat.2012.11.009,,10.1016/j.actamat.2012.11.009_b0135,Strikwerda,1989,,,
10.1016/j.actamat.2012.11.009,10.1016/S1359-6462(98)00374-1,10.1016/j.actamat.2012.11.009_b0140,Rabkin,1998,,Scripta Mater,
10.1016/j.actamat.2012.11.009,10.1016/j.commatsci.2010.05.020,10.1016/j.actamat.2012.11.009_b0145,Vanherpe,2010,,Comput Mater Sci,
10.1016/j.actamat.2012.11.009,10.1016/0956-7151(92)90401-Y,10.1016/j.actamat.2012.11.009_b0150,Abbruzzese,1992,,Acta Metall Mater,
10.1016/j.actamat.2012.11.009,10.1016/0956-7151(92)90402-Z,10.1016/j.actamat.2012.11.009_b0155,Lücke,1992,,Acta Metall Mater,
10.1016/j.actamat.2012.11.009,10.4028/www.scientific.net/MSF.204-206.19,10.1016/j.actamat.2012.11.009_b0160,Lücke,1996,,Mater Sci Forum,
10.1016/j.actamat.2012.11.009,10.1016/0956-7151(93)90245-N,10.1016/j.actamat.2012.11.009_b0165,Mullins,1993,,Acta Metall Mater,
10.1016/j.actamat.2012.11.009,10.1016/S1359-6454(98)00259-6,10.1016/j.actamat.2012.11.009_b0170,Mullins,1998,,Acta Mater,
10.1016/j.actamat.2012.11.009,10.1016/S1359-6454(98)00201-8,10.1016/j.actamat.2012.11.009_b0175,Seidensticker,1998,,Acta Mater,
10.1016/j.actamat.2012.11.009,10.1016/1359-6454(95)00262-6,10.1016/j.actamat.2012.11.009_b0180,Marthinsen,1996,,Acta Mater,
10.1016/j.actamat.2012.11.009,10.1016/1359-6454(95)00261-8,10.1016/j.actamat.2012.11.009_b0185,Hunderi,1996,,Acta Mater,
10.1016/j.actamat.2012.11.009,,10.1016/j.actamat.2012.11.009_b0190,Streitenberger,1998,,,
10.1016/j.actamat.2012.11.009,10.1016/j.scriptamat.2006.07.027,10.1016/j.actamat.2012.11.009_b0195,Hunderi,2006,,Scripta Mater,
10.1016/j.actamat.2012.11.009,10.1007/s11661-010-0251-1,10.1016/j.actamat.2012.11.009_b0200,Tu,2010,,Metall Mater Trans A,
10.1016/j.actamat.2012.11.009,10.1016/0956-7151(93)90372-Y,10.1016/j.actamat.2012.11.009_b0205,Fang,1993,,Acta Metall Mater,
10.1016/j.actamat.2012.11.009,,10.1016/j.actamat.2012.11.009_b0210,Martin,1997,,,
10.1016/j.actamat.2012.11.009,10.1016/j.actamat.2008.09.010,10.1016/j.actamat.2012.11.009_b0215,Wang,2009,,Acta Mater,
10.1016/j.addma.2021.102461,10.1007/s11837-017-2265-2,10.1016/j.addma.2021.102461_bib1,Seifi,2017,Progress towards metal additive manufacturing standardization to support,J. Miner. Met. Mater. Soc.,
10.1016/j.addma.2021.102461,,10.1016/j.addma.2021.102461_bib2,,,,,"PWC, 3D Printing and the New Shape of Industrial Manufacturing, PricewaterhouseCoopers LLP, Delaware, 2014. 〈https://www.nist.gov/system/files/documents/mep/data/3DPrinting-theNewShapeofMFG.pdf〉."
10.1016/j.addma.2021.102461,10.1016/j.pmatsci.2017.10.001,10.1016/j.addma.2021.102461_bib3,DebRoy,2018,"Additive manufacturing of metallic components - Process, structure and properties",Prog. Mater. Sci.,
10.1016/j.addma.2021.102461,10.1016/j.actamat.2016.02.014,10.1016/j.addma.2021.102461_bib4,Khairallah,2016,"Laser powder-bed fusion additive manufacturing: physics of complex melt flow and formation mechanisms of pores, spatter, and denudation zones",Acta Mater.,
10.1016/j.addma.2021.102461,,10.1016/j.addma.2021.102461_bib5,Wei,2020,Mechanistic models for additive manufacturing of metallic components,Prog. Mater. Sci.,
10.1016/j.addma.2021.102461,10.1016/j.actamat.2016.05.017,10.1016/j.addma.2021.102461_bib6,Matthews,2016,Denudation of metal powder layers in laser powder bed fusion processes,Acta Mater.,
10.1016/j.addma.2021.102461,,10.1016/j.addma.2021.102461_bib7,Sutton,2020,Characterization of laser spatter and condensate generated during the selective laser melting of 304L stainless steel powder,Addit. Manuf.,
10.1016/j.addma.2021.102461,10.1016/j.actamat.2020.06.033,10.1016/j.addma.2021.102461_bib8,Chen,2020,Spattering and denudation in laser powder bed fusion process: multiphase flow modelling,Acta Mater.,
10.1016/j.addma.2021.102461,10.1016/j.actamat.2016.02.014,10.1016/j.addma.2021.102461_bib9,Khairallah,2016,"Laser powder-bed fusion additive manufacturing: physics of complex melt flow and formation mechanisms of pores, spatter, and denudation zones",Acta Mater.,
10.1016/j.addma.2021.102461,10.1016/j.powtec.2020.04.031,10.1016/j.addma.2021.102461_bib10,Haeri,2020,Analysis of radiation pressure and aerodynamic forces acting on powder grains in powder-based additive manufacturing,Powder Technol.,
10.1016/j.addma.2021.102461,10.1016/j.powtec.2019.04.044,10.1016/j.addma.2021.102461_bib11,Anwar,2019,Spatter transport by inert gas flow in selective laser melting: A simulation study,Powder Technol.,
10.1016/j.addma.2021.102461,10.1016/j.actamat.2018.03.036,10.1016/j.addma.2021.102461_bib12,Guo,2018,Transient dynamics of powder spattering in laser powder bed fusion additive manufacturing process revealed by in-situ high-speed high-energy x-ray imaging,Acta Mater.,
10.1016/j.addma.2021.102461,,10.1016/j.addma.2021.102461_bib13,Young,2020,Types of spatter and their features and formation mechanisms in laser powder bed fusion additive manufacturing process,Addit. Manuf.,
10.1016/j.addma.2021.102461,10.1016/j.apsusc.2007.02.088,10.1016/j.addma.2021.102461_bib14,Yadroitsev,2007,Parametric analysis of the selective laser melting process,Appl. Surf. Sci.,
10.1016/j.addma.2021.102461,10.1016/j.procir.2020.09.037,10.1016/j.addma.2021.102461_bib15,Khmyrov,2020,Metallographic study of denudation in laser powder-bed fusion,Procedia CIRP,
10.1016/j.addma.2021.102461,10.1016/j.apsusc.2007.08.074,10.1016/j.addma.2021.102461_bib16,Gusarov,2007,Heat transfer modelling and stability analysis of selective laser melting,Appl. Surf. Sci.,
10.1016/j.addma.2021.102461,10.1016/j.jmatprotec.2012.05.012,10.1016/j.addma.2021.102461_bib17,Su,2012,Research on track overlapping during selective laser melting of powders,J. Mater. Process. Technol.,
10.1016/j.addma.2021.102461,10.1016/j.jmatprotec.2015.11.016,10.1016/j.addma.2021.102461_bib18,Aboulkhair,2016,On the formation of AlSi10Mg single tracks and layers in selective laser melting: microstructure and nano-mechanical properties,J. Mater. Process. Tech.,
10.1016/j.addma.2021.102461,10.1016/j.actamat.2017.09.051,10.1016/j.addma.2021.102461_bib19,Bidare,2018,Fluid and particle dynamics in laser powder bed fusion,Acta Mater.,
10.1016/j.addma.2021.102461,10.1038/s41598-017-04237-z,10.1016/j.addma.2021.102461_bib20,Ly,2017,Metal vapor micro-jet controls material redistribution in laser powder bed fusion additive manufacturing,Sci. Rep.,
10.1016/j.addma.2021.102461,10.1063/5.0015040,10.1016/j.addma.2021.102461_bib21,,,,,"A.V. Gusarov, Entrainment flow of emerging jet in a half-space with the no-slip boundary condition, arXiv:2001.02406 [physics.flu-dyn], 2020."
10.1016/j.addma.2021.102461,10.1088/1361-6463/ab5900,10.1016/j.addma.2021.102461_bib22,Mayi,2020,Laser-induced plume investigated by finite element modelling and scaling of particle entrainment in laser powder bed fusion,J. Phys. D: Appl. Phys.,
10.1016/j.addma.2021.102461,10.1007/s00231-010-0625-3,10.1016/j.addma.2021.102461_bib23,EL-Amin,2010,Analysis of turbulent buoyant confined jet modeled using realizable k–ε model,Heat. Mass Transf.,
10.1016/j.addma.2021.102461,10.1088/0022-3727/44/43/435402,10.1016/j.addma.2021.102461_bib24,Hirano,2011,Experimental determination of temperature threshold for melt surface deformation during laser interaction on iron at atmospheric pressure,J. Phys. D: Appl. Phys.,
10.1016/j.addma.2021.102461,,10.1016/j.addma.2021.102461_bib25,Bäuerle,2011,,,
10.1016/j.addma.2021.102461,10.1016/j.jmatprotec.2014.06.005,10.1016/j.addma.2021.102461_bib26,King,2014,Observation of keyhole mode laser melting in laser powder-bed fusion additive manufacturing,J. Mater. Process. Technol.,
10.1016/j.dib.2019.104471,,10.1016/j.dib.2019.104471_bib1,Sinha,2019,Correlative microscopy for quantification of prior austenite grain size in AF9628 steel,Mater. Char.,
10.1016/j.dib.2019.104471,10.1107/S0021889807048777,10.1016/j.dib.2019.104471_bib2,Cayron,2007,ARPGE: a computer program to automatically reconstruct the parent grains from electron backscatter diffraction data,J. Appl. Crystallogr.,
10.1016/j.dib.2019.104471,10.1016/j.actamat.2010.08.001,10.1016/j.dib.2019.104471_bib3,Miyamoto,2010,Mapping the parent austenite orientation reconstructed from the orientation of martensite by EBSD and its application to ausformed martensite,Acta Mater.,
10.1016/j.dib.2019.104471,10.1016/j.actamat.2012.04.034,10.1016/j.dib.2019.104471_bib4,Germain,2012,An advanced approach to reconstructing parent orientation maps in the case of approximate orientation relations: application to steels,Acta Mater.,
10.1016/j.dib.2019.104471,10.1007/s13632-017-0403-4,10.1016/j.dib.2019.104471_bib5,Sinha,2017,Delineation of prior austenite grain boundaries in a low-alloy high-performance steel,Metallogr. Microstruct. Anal.,
10.1016/j.dib.2019.104471,,10.1016/j.dib.2019.104471_bib7,"ASTM E112 – 13, Standard Test Methods for Determining Average",2013,,,
10.1016/j.dib.2019.104471,,10.1016/j.dib.2019.104471_bib8,Sinha,,,,
10.1016/j.ijrmhm.2020.105467,,10.1016/j.ijrmhm.2020.105467_bb0005,Pink,2006,,,
10.1016/j.ijrmhm.2020.105467,10.1126/science.1179327,10.1016/j.ijrmhm.2020.105467_bb0010,Perepezko,2009,"The hotter the engine, the better",Science.,
10.1016/j.ijrmhm.2020.105467,,10.1016/j.ijrmhm.2020.105467_bb0015,Marnoch,1965,High-temperature oxidation-resistant hafnium-tantalum alloys,J. Metals,
10.1016/j.ijrmhm.2020.105467,,10.1016/j.ijrmhm.2020.105467_bb0020,Marnoch,1968,Some properties and applications of the hafnium- tantalum alloy,,
10.1016/j.ijrmhm.2020.105467,,10.1016/j.ijrmhm.2020.105467_bb0025,Perepezko,2017,,,
10.1016/j.ijrmhm.2020.105467,10.1016/j.matchemphys.2017.04.055,10.1016/j.ijrmhm.2020.105467_bb0030,Yang,2017,Oxidation synthesis of Hf6Ta2O17 superstructures,Mater. Chem. Phys.,
10.1016/j.ijrmhm.2020.105467,,10.1016/j.ijrmhm.2020.105467_bb0035,Andrievskii,1967,"Melting point in systems ZrC-HfC, TaC-ZrC, TaC-HfC",,
10.1016/j.ijrmhm.2020.105467,10.1016/j.ceramint.2020.03.158,10.1016/j.ijrmhm.2020.105467_bb0040,Buinevich,2020,Fabrication of ultra-high-temperature nonstoichiometric hafnium carbonitride via combustion synthesis and spark plasma sintering,Ceram. Int.,
10.1016/j.ijrmhm.2020.105467,10.1111/j.1151-2916.1965.tb14760.x,10.1016/j.ijrmhm.2020.105467_bb0045,Deadmore,1965,Vaporization of tantalum carbide-hafnium carbide solid solutions,J. Am. Ceram. Soc.,
10.1016/j.ijrmhm.2020.105467,,10.1016/j.ijrmhm.2020.105467_bb0050,Zhang,2016,,,
10.1016/j.ijrmhm.2020.105467,10.1016/S0364-5916(02)00034-2,10.1016/j.ijrmhm.2020.105467_bb0055,Chen,2002,The PANDAT software package and its applications,Calphad,
10.1016/j.ijrmhm.2020.105467,,10.1016/j.ijrmhm.2020.105467_bb0060,Chang,2004,"Phase diagram calculation: past, present and future",,
10.1016/j.ijrmhm.2020.105467,10.1016/S0364-5916(02)00037-8,10.1016/j.ijrmhm.2020.105467_bb0065,Andersson,2002,"Thermo-Calc and DICTRA, Computational tools for materials science",Calphad,
10.1016/j.ijrmhm.2020.105467,10.1016/j.jallcom.2019.151685,10.1016/j.ijrmhm.2020.105467_bb0070,Senkov,2019,Ductile Nb alloys with reduced density and cost,J. Alloys Cmpds.,
10.1016/j.ijrmhm.2020.105467,,10.1016/j.ijrmhm.2020.105467_bb0075,Okamoto,2010,,,
10.1016/j.ijrmhm.2020.105467,10.1080/14686996.2018.1498703,10.1016/j.ijrmhm.2020.105467_bb0080,Mardare,2018,Basic properties mapping of anodic oxides in the hafnium–niobium–tantalum ternary system,Sci. Technol. Adv. Mater.,
10.1016/j.ijrmhm.2020.105467,,10.1016/j.ijrmhm.2020.105467_bb0085,Young,2016,,,
10.1016/j.ijrmhm.2020.105467,10.1016/j.jeurceramsoc.2018.11.004,10.1016/j.ijrmhm.2020.105467_bb0090,Backman,2019,"Thermodynamic assessment of the group IV, V and VI oxides for the design of oxidation resistant multi-principal component materials",J. Eur. Ceram. Soc.,
10.1016/j.ijrmhm.2020.105467,10.1007/s100190050008,10.1016/j.ijrmhm.2020.105467_bb0095,Xu,2000,Pilling-bedworth ratio for oxidation of alloys,Mater. Res. Innov.,
10.1016/j.ijrmhm.2020.105467,,10.1016/j.ijrmhm.2020.105467_bb0100,McCormack,2019,"Crystal structure solution for the A6B2O17 (A = Zr, Hf; B = Nb, Ta) superstructure",Acta Crystal. Sect. B Struct. Sci.,
10.1016/j.ijrmhm.2021.105737,,10.1016/j.ijrmhm.2021.105737_bb0005,Pink,2021,,,
10.1016/j.ijrmhm.2021.105737,,10.1016/j.ijrmhm.2021.105737_bb0010,Perepezko,2017,,,
10.1016/j.ijrmhm.2021.105737,10.1016/j.matchemphys.2017.04.055,10.1016/j.ijrmhm.2021.105737_bb0015,Yang,2017,Oxidation synthesis of Hf6Ta2O17 superstructures,Mater. Chem. Phys.,
10.1016/j.ijrmhm.2021.105737,10.1007/s11661-020-05803-3,10.1016/j.ijrmhm.2021.105737_bb0020,Philips,2020,New opportunities in refractory alloys,Metall. Mater. Trans. A,
10.1016/j.ijrmhm.2021.105737,10.1016/j.ijrmhm.2020.105467,10.1016/j.ijrmhm.2021.105737_bb0025,Senkov,2021,"High-temperature mechanical properties and oxidation behavior of Hf-27Ta and Hf-21Ta-21X (X is Nb, Mo or W) alloys",Int. J. Refract. Met. Hard Mater.,
10.1016/j.ijrmhm.2021.105737,,10.1016/j.ijrmhm.2021.105737_bb0030,Marnoch,1965,High-temperature oxidation-resistant hafnium-tantalum alloys,J. Metals,
10.1016/j.ijrmhm.2021.105737,,10.1016/j.ijrmhm.2021.105737_bb0035,Marnoch,1968,Some properties and applications of the hafnium- tantalum alloy,,
10.1016/j.ijrmhm.2021.105737,10.1016/S0364-5916(02)00037-8,10.1016/j.ijrmhm.2021.105737_bb0040,Andersson,2002,"Thermo-Calc and DICTRA, computational tools for materials science",Calphad,
10.1016/j.ijrmhm.2021.105737,,10.1016/j.ijrmhm.2021.105737_bb0045,Thermo-Calc Software version,2021,,,
10.1016/j.ijrmhm.2021.105737,10.1016/j.jallcom.2019.151685,10.1016/j.ijrmhm.2021.105737_bb0050,Senkov,2019,Ductile Nb alloys with reduced density and cost,J. Alloys Cmpds,
10.1016/j.ijrmhm.2021.105737,,10.1016/j.ijrmhm.2021.105737_bb0055,Guillermet,1995,Gibbs energy modelling of the phase diagram and thermochemical properties in the Hf-ta system,Z. Metallkd.,
10.1016/j.ijrmhm.2021.105737,,10.1016/j.ijrmhm.2021.105737_bb0060,Okamoto,2016,,,
10.1016/j.ijrmhm.2021.105737,10.1016/S0966-9795(02)00017-1,10.1016/j.ijrmhm.2021.105737_bb0065,Shao,2002,Thermodynamic assessment of the Hf–Mo and Hf–W systems,Intermetallics,
10.1016/j.ijrmhm.2021.105737,10.1007/s11669-005-0020-9,10.1016/j.ijrmhm.2021.105737_bb0070,Okamoto,2005,Hf-Mo (hafnium-molybdenum),J. Phase Equilib. Diffus.,
10.1016/j.ijrmhm.2021.105737,,10.1016/j.ijrmhm.2021.105737_bb0075,Massalski,1990,,,
10.1016/j.ijrmhm.2021.105737,10.1016/j.matlet.2016.03.133,10.1016/j.ijrmhm.2021.105737_bb0080,Juan,2016,Solution strengthening of ductile refractory HfMoxNbTaTiZr high-entropy alloys,Mater. Lett.,
10.1016/j.ijrmhm.2021.105737,10.1016/j.intermet.2018.01.017,10.1016/j.ijrmhm.2021.105737_bb0085,Wang,2018,(TiZrNbTa)-Mo high-entropy alloys: dependence of microstructure and mechanical properties on Mo concentration and modeling of solid solution strengthening,Intermetallics,
10.1016/j.ijrmhm.2021.105737,10.1016/j.matdes.2015.06.072,10.1016/j.ijrmhm.2021.105737_bb0090,Wu,2015,Phase composition and solid solution strengthening effect in TiZrNbMoV high-entropy alloys,Mater. Des.,
10.1016/j.ijrmhm.2021.105737,10.1016/j.jallcom.2014.11.064,10.1016/j.ijrmhm.2021.105737_bb0095,Lin,2015,Effect of Al addition on mechanical properties and microstructure of refractory AlxHfNbTaTiZr alloys,J. Alloys Compounds,
10.1016/j.ijrmhm.2022.105968,,10.1016/j.ijrmhm.2022.105968_bb0005,Tsakiropoulos,2010,,,
10.1016/j.ijrmhm.2022.105968,10.1126/science.1179327,10.1016/j.ijrmhm.2022.105968_bb0010,Perepezko,2009,"The hotter the engine, the better",Science,
10.1016/j.ijrmhm.2022.105968,10.1016/j.actamat.2016.08.081,10.1016/j.ijrmhm.2022.105968_bb0015,Miracle,2017,A critical review of high entropy alloys and related concepts,Acta Mater.,
10.1016/j.ijrmhm.2022.105968,10.1557/jmr.2018.153,10.1016/j.ijrmhm.2022.105968_bb0020,Senkov,2018,Development and exploration of refractory high entropy alloys: a review,J. Mater. Res.,
10.1016/j.ijrmhm.2022.105968,10.1007/s11661-020-05803-3,10.1016/j.ijrmhm.2022.105968_bb0025,Philips,2020,New opportunities in refractory alloys,Metall. Mater. Trans. A,
10.1016/j.ijrmhm.2022.105968,,10.1016/j.ijrmhm.2022.105968_bb0030,Butler,2020,,,
10.1016/j.ijrmhm.2022.105968,10.1007/s10853-012-6582-0,10.1016/j.ijrmhm.2022.105968_bb0035,Senkov,2012,Oxidation behavior of a refractory NbCrMo0.5Ta0.5TiZr alloy,J. Mater. Sci.,
10.1016/j.ijrmhm.2022.105968,10.1016/j.jallcom.2019.02.128,10.1016/j.ijrmhm.2022.105968_bb0040,Butler,2019,Native oxidation resistance of Al20Nb30Ta10Ti30Zr10 refractory complex concentrated alloy (RCCA),J. Alloys Compd.,
10.1016/j.ijrmhm.2022.105968,10.1016/j.jallcom.2017.09.164,10.1016/j.ijrmhm.2022.105968_bb0045,Butler,2017,High temperature oxidation behaviors of equimolar NbTiZrV and NbTiZrCr refractory complex concentrated alloys (RCCAs),J. Alloys Compd.,
10.1016/j.ijrmhm.2022.105968,10.1016/j.jallcom.2014.11.012,10.1016/j.ijrmhm.2022.105968_bb0050,Gorr,2015,"Phase equilibria, microstructure, and high temperature oxidation resistance of novel refractory high-entropy alloys",J. Alloys Compd.,
10.1016/j.ijrmhm.2022.105968,10.1016/j.corsci.2020.108475,10.1016/j.ijrmhm.2022.105968_bb0055,Gorr,2020,A new strategy to intrinsically protect refractory metal based alloys at ultra high temperatures,Corros. Sci.,
10.1016/j.ijrmhm.2022.105968,10.1080/09603409.2017.1389115,10.1016/j.ijrmhm.2022.105968_bb0060,Muller,2018,Effect of microalloying with silicon on high temperature oxidation resistance of novel refractory high-entropy alloy ta-Mo-Cr-Ti-Al,Mater. High Temp.,
10.1016/j.ijrmhm.2022.105968,,10.1016/j.ijrmhm.2022.105968_bb0065,Marnoch,1965,High-temperature oxidation-resistant hafnium-tantalum alloys,J. Metals,
10.1016/j.ijrmhm.2022.105968,,10.1016/j.ijrmhm.2022.105968_bb0070,Marnoch,1968,Some properties and applications of the hafnium- tantalum alloy,,
10.1016/j.ijrmhm.2022.105968,,10.1016/j.ijrmhm.2022.105968_bb0075,Perepezko,2017,,,
10.1016/j.ijrmhm.2022.105968,10.1016/j.matchemphys.2017.04.055,10.1016/j.ijrmhm.2022.105968_bb0080,Yang,2017,Oxidation synthesis of Hf6Ta2O17 superstructures,Mater. Chem. Phys.,
10.1016/j.ijrmhm.2022.105968,,10.1016/j.ijrmhm.2022.105968_bb0085,McCormack,2019,,,
10.1016/j.ijrmhm.2022.105968,,10.1016/j.ijrmhm.2022.105968_bb0090,McCormack,2019,,,
10.1016/j.ijrmhm.2022.105968,10.1016/j.ijrmhm.2020.105467,10.1016/j.ijrmhm.2022.105968_bb0095,Senkov,2021,"High-temperature mechanical properties and oxidation behavior of Hf-27Ta and Hf-21Ta-21X (X is Nb, Mo or W) alloys",Int. J. Refract. Met. Hard Mater.,
10.1016/j.ijrmhm.2022.105968,,10.1016/j.ijrmhm.2022.105968_bb0100,Daboiku,2022,"Influence of ternary additions (Nb, Mo, W) on the oxidation behavior of Hf-Ta-based alloys",JANNAF J. Propul. Energ.,
10.1016/j.ijrmhm.2022.105968,10.1016/j.ijrmhm.2021.105737,10.1016/j.ijrmhm.2022.105968_bb0105,Senkov,2022,"Effect of Mo on the microstructure and mechanical properties of (Hf0.73Ta0.27)100-XMoX (X = 0, 5, 16, 21 and 30 at.%) alloys",Int. J. Refract. Met. Hard Mater.,
10.1016/j.ijrmhm.2022.105968,,10.1016/j.ijrmhm.2022.105968_bb0110,Okamoto,2010,,,
10.1016/j.ijrmhm.2022.105968,,10.1016/j.ijrmhm.2022.105968_bb0115,Villars,1995,,,
10.1016/j.ijrmhm.2022.105968,10.1016/j.intermet.2018.10.028,10.1016/j.ijrmhm.2022.105968_bb0120,Schliephake,2019,"Constitution, oxidation and creep of eutectic and eutectoid Mo-Si-Ti alloys",Intermetallics,
10.1016/j.ijrmhm.2022.105968,10.3139/146.110526,10.1016/j.ijrmhm.2022.105968_bb0125,Cha,2011,Microstructure evolution and mechanical properties of an intermetallic Ti-43.5Al-4Nb-1Mo-0.1B alloy after ageing below the eutectoid temperature,Int. J. Mater. Res.,
10.1016/j.ijrmhm.2022.105968,10.1016/j.msea.2018.11.152,10.1016/j.ijrmhm.2022.105968_bb0130,Bresler,2019,"The influence of niobium, tantalum and zirconium on the microstructure and creep strength of fully lamellar γ/α2 titanium aluminides",Mater. Sci. Eng. A,
10.1016/j.ijrmhm.2022.105968,,10.1016/j.ijrmhm.2022.105968_bb0135,Young,2016,Chapter 2 - enabling theory,,
10.1016/j.ijrmhm.2022.105968,,10.1016/j.ijrmhm.2022.105968_bb0140,Young,2016,Chapter 3 - oxidation of pure metals,,
10.1016/j.ijrmhm.2022.105968,10.1016/j.actamat.2018.03.065,10.1016/j.ijrmhm.2022.105968_bb0145,Senkov,2018,Compositional effect on microstructure and properties of NbTiZr-based complex concentrated alloys,Acta Mater.,
10.1016/j.ijrmhm.2022.105968,10.1016/0036-9748(85)90134-6,10.1016/j.ijrmhm.2022.105968_bb0150,Ashby,1985,The influence of dislocation density on the ductile-brittle transition in BCC metals,Scr. Metall.,
10.1016/j.ijrmhm.2022.105968,10.1016/j.jallcom.2019.151685,10.1016/j.ijrmhm.2022.105968_bb0155,Senkov,2019,Ductile Nb alloys with reduced density and cost,J. Alloys Cmpds,
10.1016/j.ijrmhm.2022.105968,10.1080/01418618908209818,10.1016/j.ijrmhm.2022.105968_bb0160,Biget,1989,Low-temperature plasticity of high purity alpha-titanium single crystals,Phil. Mag. A,
10.1016/j.ijrmhm.2022.105968,10.1016/j.actamat.2021.116758,10.1016/j.ijrmhm.2022.105968_bb0165,Rao,2021,Theory of solid solution strengthening of BCC chemically complex alloys,Acta Mater.,
10.1016/j.ijrmhm.2022.105968,10.1016/j.actamat.2019.10.015,10.1016/j.ijrmhm.2022.105968_bb0170,Maresca,2020,Mechanistic origin of high strength in refractory BCC high entropy alloys up to 1900K,Acta Mater.,
10.1016/j.ijrmhm.2022.105968,10.1016/j.actamat.2019.02.013,10.1016/j.ijrmhm.2022.105968_bb0175,Rao,2019,"Modeling solution hardening in BCC refractory complex concentrated alloys: NbTiZr, Nb1.5TiZr0.5 and Nb0.5TiZr1.5",Acta Mater.,
10.1016/j.ijrmhm.2022.105968,10.1016/S1359-6454(01)00287-7,10.1016/j.ijrmhm.2022.105968_bb0180,Zhou,2001,Atomic scale structure of sputtered metallic multilayers,Acta Mater.,
10.1016/j.ijrmhm.2022.105968,10.1080/09506608.2016.1191808,10.1016/j.ijrmhm.2022.105968_bb0185,Cordero,2016,Six decades of the hall-Petch effect – a survey of grain size strengthening on pure metals,Int. Mater. Rev.,
10.1016/j.ijrmhm.2022.105968,10.1016/j.jallcom.2019.04.291,10.1016/j.ijrmhm.2022.105968_bb0190,Chen,2019,Grain growth and hall-Petch relationship in a refractory HfNbTaTiZr high entropy alloy,J. Alloys Cmpds.,
10.1016/j.ijrmhm.2022.105968,10.1557/PROC-362-67,10.1016/j.ijrmhm.2022.105968_bb0195,Rao,1995,Interfacial strengthening in semi-coherent metallic multilayers,MRS Online Proceed. Library,
10.1016/j.ijrmhm.2022.105968,10.1080/01418610008212148,10.1016/j.ijrmhm.2022.105968_bb0200,Rao,2000,Atomistic simulations of dislocation-interface interactions in the cu-Ni multilayer system,Phil. Mag. A,
10.1016/j.ijrmhm.2022.105968,10.1103/PhysRevB.2.547,10.1016/j.ijrmhm.2022.105968_bb0205,Koehler,1970,Attempt to design a strong solid,Phys. Rev. B,
10.1016/j.ijrmhm.2022.105968,10.1016/0001-6160(82)90045-1,10.1016/j.ijrmhm.2022.105968_bb0210,Dahmen,1982,Orientation relationships in precipitation systems,Acta Metall.,
10.1016/j.ijrmhm.2022.105968,10.2320/matertrans.MA201309,10.1016/j.ijrmhm.2022.105968_bb0215,Schneibel,2014,Hall-Petch breakdown at elevated temperatures,Mater. Trans.,
10.1016/j.ijrmhm.2022.105968,10.1016/j.msea.2020.139452,10.1016/j.ijrmhm.2022.105968_bb0220,Seils,2020,Temperature dependent strengthening contributions in austenitic and ferritic ODS steels,Mater. Sci. Eng. A,
10.1016/j.jallcom.2018.12.325,10.1016/j.actamat.2016.08.081,10.1016/j.jallcom.2018.12.325_bib1,Miracle,2017,A critical review of high entropy alloys and related concepts,Acta Mater.,
10.1016/j.jallcom.2018.12.325,10.1016/j.actamat.2017.06.027,10.1016/j.jallcom.2018.12.325_bib2,Gorsse,2017,Mapping the world of complex concentrated alloys,Acta Mater.,
10.1016/j.jallcom.2018.12.325,10.1557/jmr.2018.153,10.1016/j.jallcom.2018.12.325_bib3,Senkov,2018,Development and exploration of refractory high entropy alloys: a review,J. Mater. Res.,
10.1016/j.jallcom.2018.12.325,10.1016/j.actamat.2018.03.065,10.1016/j.jallcom.2018.12.325_bib4,Senkov,2018,Compositional effect on microstructure and properties of NbTiZr-based complex concentrated alloys,Acta Mater.,
10.1016/j.jallcom.2018.12.325,,10.1016/j.jallcom.2018.12.325_bib5,,,,,"ATI Wah Chang Nb Alloy C-103, in, MatWeb.com, http://www.matweb.com/search/datasheet.aspx?MatGUID=ed50a3a07706450590669cedc7784150."
10.1016/j.jallcom.2018.12.325,,10.1016/j.jallcom.2018.12.325_bib6,,,,,"CompuTherm Software, Databases, in, http://www.computherm.com/index.php?route=product/category&path=59_83."
10.1016/j.jallcom.2018.12.325,10.1002/bbpc.19890930615,10.1016/j.jallcom.2018.12.325_bib7,Chou,1989,A study of ternary geometrical models,Ber. Bunsenges. Phys. Chem.,
10.1016/j.jallcom.2018.12.325,10.1557/jmr.2018.61,10.1016/j.jallcom.2018.12.325_bib8,Wertz,2018,Toward multi-principal component alloy discovery: assessment of the CALPHAD thermodynamic databases for prediction of novel ternary alloy systems,J. Mater. Res.,
10.1016/j.jallcom.2018.12.325,10.3390/e20120899,10.1016/j.jallcom.2018.12.325_bib9,Gorsse,2018,About the reliability of CALPHAD predictions in multicomponent systems,Entropy,
10.1016/j.jallcom.2018.12.325,10.3390/e18030102,10.1016/j.jallcom.2018.12.325_bib10,Senkov,2016,Development of a refractory high entropy superalloy,Entropy,
10.1016/j.jallcom.2018.12.325,10.1016/j.msea.2011.09.033,10.1016/j.jallcom.2018.12.325_bib11,Senkov,2011,Microstructure and properties of a refractory NbCrMo0.5Ta0.5TiZr alloy,Mater. Sci. Eng. A,
10.1016/j.jallcom.2018.12.325,10.1016/0925-8388(94)90019-1,10.1016/j.jallcom.2018.12.325_bib12,Kumar,1994,Thermodynamic assessment of the Ti-Zr system and calculation of the Nb-Ti-Zr phase diagram,J. Alloys Compd.,
10.1016/j.jallcom.2018.12.325,,10.1016/j.jallcom.2018.12.325_bib13,Villars,1995,,,
10.1016/j.jallcom.2018.12.325,10.1080/02670836.2018.1446267,10.1016/j.jallcom.2018.12.325_bib14,Chen,2018,Microstructure and mechanical properties of a novel refractory AlNbTiZr high-entropy alloy,Mater. Sci. Technol.,
10.1016/j.jallcom.2018.12.325,10.1016/j.actamat.2012.11.032,10.1016/j.jallcom.2018.12.325_bib15,Senkov,2013,"Low-density, refractory multi-principal element alloys of the Cr–Nb–Ti–V–Zr system: microstructure and phase analysis",Acta Mater.,
10.1016/j.jallcom.2018.12.325,10.1016/j.msea.2012.12.018,10.1016/j.jallcom.2018.12.325_bib16,Senkov,2013,"Mechanical properties of low-density, refractory multi-principal element alloys of the Cr–Nb–Ti–V–Zr system",Mater. Sci. Eng.,
10.1016/j.jallcom.2018.12.325,10.1016/j.jallcom.2017.09.164,10.1016/j.jallcom.2018.12.325_bib17,Butler,2017,High temperature oxidation behaviors of equimolar NbTiZrV and NbTiZrCr refractory complex concentrated alloys (RCCAs),J. Alloys Compd.,
10.1016/j.jallcom.2018.12.325,10.1016/j.matlet.2014.05.134,10.1016/j.jallcom.2018.12.325_bib18,Wu,2014,A refractory Hf25Nb25Ti25Zr25 high-entropy alloy with excellent structural stability and tensile properties,Mater. Lett.,
10.1016/j.jallcom.2018.12.325,10.1016/j.jallcom.2016.04.320,10.1016/j.jallcom.2018.12.325_bib19,Song,2016,Thermodynamic properties of refractory high entropy alloys,J. Alloys Compd.,
10.1016/j.jallcom.2018.12.325,10.1007/s11837-012-0366-5,10.1016/j.jallcom.2018.12.325_bib20,Zhang,2012,Alloy design and properties optimization of high-entropy alloys,JOM,
10.1016/j.jallcom.2018.12.325,10.1016/j.matdes.2016.11.079,10.1016/j.jallcom.2018.12.325_bib21,Tian,2017,Alloying effect on the elastic properties of refractory high-entropy alloys,Mater. Des.,
10.1016/j.jallcom.2018.12.325,10.1016/j.scriptamat.2016.10.028,10.1016/j.jallcom.2018.12.325_bib22,Todai,2017,Novel TiNbTaZrMo high-entropy alloys for metallic biomaterials,Scripta Mater.,
10.1016/j.jallcom.2018.12.325,10.1007/s11661-018-4646-8,10.1016/j.jallcom.2018.12.325_bib23,Senkov,2018,Effect of cold deformation and annealing on the microstructure and tensile properties of a HfNbTaTiZr refractory high entropy alloy,Metall. Mater. Trans. A,
10.1016/j.jallcom.2018.12.325,10.1016/j.jallcom.2015.07.209,10.1016/j.jallcom.2018.12.325_bib24,Senkov,2015,Microstructure and properties of a refractory high-entropy alloy after cold working,J. Alloys Compd.,
10.1016/j.jallcom.2018.12.325,10.1016/j.actamat.2017.09.035,10.1016/j.jallcom.2018.12.325_bib25,Schuh,2018,"Thermodynamic instability of a nanocrystalline, single-phase TiZrNbHfTa alloy and its impact on the mechanical properties",Acta Mater.,
10.1016/j.jallcom.2018.12.325,10.1016/j.matlet.2017.09.094,10.1016/j.jallcom.2018.12.325_bib26,Stepanov,2018,Aging behavior of the HfNbTaTiZr high entropy alloy,Mater. Lett.,
10.1016/j.jallcom.2018.12.325,10.1557/jmr.2018.223,10.1016/j.jallcom.2018.12.325_bib27,Soni,2018,Phase stability as a function of temperature in a refractory high-entropy alloy,J. Mater. Res.,
10.1016/j.jallcom.2018.12.325,10.1016/0040-6090(82)90578-8,10.1016/j.jallcom.2018.12.325_bib28,Grunling,1982,The role of silicon in corrosion-resistant high temperature coatings,Thin Solid Films,
10.1016/j.jallcom.2018.12.325,10.1016/j.intermet.2018.01.017,10.1016/j.jallcom.2018.12.325_bib29,Wang,2018,(TiZrNbTa)-Mo high-entropy alloys: dependence of microstructure and mechanical properties on Mo concentration and modeling of solid solution strengthening,Intermetallics,
10.1016/j.jallcom.2018.12.325,10.3390/e15093796,10.1016/j.jallcom.2018.12.325_bib30,Senkov,2013,Phase composition of a CrMo0.5NbTa0.5TiZr high entropy alloy: comparison of experimental and simulated data,Entropy,
10.1016/j.jallcom.2018.12.325,10.1007/s11669-017-0570-7,10.1016/j.jallcom.2018.12.325_bib31,Huahai,2017,TCHEA1: a thermodynamic database not limited for high entropy alloys,J. Phase Equilibria Diffusion,
10.1016/j.jallcom.2018.12.325,10.1016/j.matdes.2018.06.003,10.1016/j.jallcom.2018.12.325_bib32,Coury,2018,"Phase equilibria, mechanical properties and design of quaternary refractory high entropy alloys",Mater. Des.,
10.1016/j.jallcom.2018.12.325,10.3390/ma11020175,10.1016/j.jallcom.2018.12.325_bib33,Eshed,2018,Microstructural evolution and phase formation in 2nd-generation refractory-based high entropy alloys,Materials,
10.1016/j.jallcom.2018.12.325,10.1007/s10853-012-6260-2,10.1016/j.jallcom.2018.12.325_bib34,Senkov,2012,Microstructure and elevated temperature properties of a refractory TaNbHfZrTi alloy,J. Mater. Sci.,
10.1016/j.jallcom.2018.12.325,,10.1016/j.jallcom.2018.12.325_bib35,Dieter,2003,,,
10.1016/j.jallcom.2018.12.325,,10.1016/j.jallcom.2018.12.325_bib36,Levitin,2006,,,
10.1016/j.jallcom.2018.12.325,,10.1016/j.jallcom.2018.12.325_bib37,Dieter,1986,,,
10.1016/j.jallcom.2018.12.325,10.1016/1359-6454(95)00257-X,10.1016/j.jallcom.2018.12.325_bib38,Briottet,1996,A mechanical interpretation of the activation energy of high temperature deformation in two phase materials,Acta Mater.,
10.1016/j.matchar.2011.04.003,10.1016/0001-6160(85)90243-3,10.1016/j.matchar.2011.04.003_bb0005,Abbruzzese,1985,Computer simulated grain growth stagnation,Acta Metall,
10.1016/j.matchar.2011.04.003,,10.1016/j.matchar.2011.04.003_bb0010,Dieter,1986,,,
10.1016/j.matchar.2011.04.003,,10.1016/j.matchar.2011.04.003_bb0015,Porter,1992,,,
10.1016/j.matchar.2011.04.003,10.1016/j.pmatsci.2009.03.010,10.1016/j.matchar.2011.04.003_bb0020,Kovarik,2009,Microtwinning and other shearing mechanisms at intermediate temperatures in Ni-based superalloys,Prog Mater Sci,
10.1016/j.matchar.2011.04.003,10.1007/s11661-009-9858-5,10.1016/j.matchar.2011.04.003_bb0025,Kozar,2009,Strengthening mechanisms in polycrystalline multimodal nickel-base superalloys,Metall Mater Trans A,
10.1016/j.matchar.2011.04.003,10.1016/j.scriptamat.2005.11.049,10.1016/j.matchar.2011.04.003_bb0030,Karthikeyan,2006,Modeling microtwinning during creep in Ni-based superalloys,Scr Mater,
10.1016/j.matchar.2011.04.003,10.1016/j.msea.2009.12.037,10.1016/j.matchar.2011.04.003_bb0035,Payton,2010,Semi-automated characterization of the γ′ phase in Ni-based superalloys via high-resolution backscatter imaging,Mater Sci Eng A,
10.1016/j.matchar.2011.04.003,10.1002/sia.2093,10.1016/j.matchar.2011.04.003_bb0040,Ritchie,2005,A new Monte Carlo application for complex sample geometries,Surf Interface Anal,
10.1016/j.matchar.2011.04.003,,10.1016/j.matchar.2011.04.003_bb0045,Joy,1995,,,
10.1016/j.matchar.2011.04.003,10.1002/sca.4950170401,10.1016/j.matchar.2011.04.003_bb0050,Gauvin,1995,Quantification of spherical inclusions in the scanning electron microscope using Monte Carlo simulations,Scanning,
10.1016/j.matchar.2011.04.003,10.1017/S1431927603440634,10.1016/j.matchar.2011.04.003_bb0055,Gauvin,2003,"Win X-ray, the Monte Carlo program for X-ray microanalysis in the scanning electron microscope",Microsc Microanal,
10.1016/j.matchar.2011.04.003,,10.1016/j.matchar.2011.04.003_bb0060,Goodhew,2001,,,
10.1016/j.matchar.2011.04.003,,10.1016/j.matchar.2011.04.003_bb0065,Goldstein,2003,,,
10.1016/j.matchar.2011.04.003,,10.1016/j.matchar.2011.04.003_bb0070,,,,,"Mourer DP, Huron ES, Backman DG, Bain KR, Reynolds PL, Schirra JJ, et al. Ni based superalloy and its use as gas turbine disks, shafts, and impellers, European Patent EP 1,195,446 A1, 2002."
10.1016/j.matchar.2011.04.003,,10.1016/j.matchar.2011.04.003_bb0075,,,,,"Payton EJ. Characterization and Modeling of Grain Coarsening in Powder Metallurgical Nickel-Based Superalloys, Ph.D. thesis, The Ohio State University, 2009."
10.1016/j.matchar.2011.04.003,,10.1016/j.matchar.2011.04.003_bb0080,Payton,2008,Integration of simulations and experiments for modeling superalloy grain growth,,
10.1016/j.matchar.2011.04.003,,10.1016/j.matchar.2011.04.003_bb0085,,,,,"Da Lin PS, Shao Z. Electron microscope with an asymmetric immersion lens, United States Patent 5,079,428, 1989."
10.1016/j.matchar.2011.04.003,,10.1016/j.matchar.2011.04.003_bb0090,FEI Company,2002,,,
10.1016/j.matchar.2011.04.003,,10.1016/j.matchar.2011.04.003_bb0095,,,,,"Underwood EE. ""Chapter 6: Particle-size Distribution."" In: Quantitative Microscopy. DeHoff RT, Rhines FN, editors. New York, NY, USA: McGraw-Hill Book Company; 1968. p. 149–200."
10.1016/j.matchar.2011.04.003,,10.1016/j.matchar.2011.04.003_bb0100,Underwood,1970,,,
10.1016/j.matchar.2011.04.003,10.1109/TSMC.1979.4310076,10.1016/j.matchar.2011.04.003_bb0105,Otsu,1979,A threshold selection method from gray-level histograms,IEEE Trans Syst Man Cybern,
10.1016/j.matchar.2011.04.003,,10.1016/j.matchar.2011.04.003_bb0110,Russ,1999,,,
10.1016/j.matchar.2011.04.003,10.1111/j.1365-2818.1976.tb02446.x,10.1016/j.matchar.2011.04.003_bb0115,Cruz-Orive,1976,Particle size-shape distributions: the general spheroid problem I. mathematical model,J Microsc,
10.1016/j.matchar.2011.04.003,10.1111/j.1365-2818.1978.tb01162.x,10.1016/j.matchar.2011.04.003_bb0120,Cruz-Orive,1978,Particle size-shape distributions: the general spheroid problem II. Stochastic model and practical guide,J Microsc,
10.1016/j.matchar.2011.04.003,10.1111/j.1365-2818.1983.tb04255.x,10.1016/j.matchar.2011.04.003_bb0125,Cruz-Orive,1983,"Distribution-free estimation of sphere size distributions from slabs showing overprojection and truncation, with a review of previous methods",J Microsc,
10.1016/j.matchar.2019.109835,,10.1016/j.matchar.2019.109835_bb0005,,,,,"Low alloy high performance steel, United States Patent Application Publication, US 2016/0369362 A1."
10.1016/j.matchar.2019.109835,,10.1016/j.matchar.2019.109835_bb0010,,,,,"Swarr, T. E., & Krauss, G. ""Boundaries and the strength of low carbon ferrous martensites"", in: Grain Boundaries in Engineering Materials, J.L. Walter, J.H. Westbrook, and D.A. Woodford (eds.), Claitors Publishing Division (Baton Rouge, LA), pp. 127–138, 1975."
10.1016/j.matchar.2019.109835,10.1007/BF00580131,10.1016/j.matchar.2019.109835_bb0015,Ray,1990,Effect of carbides on the austenite grain growth characteristics in 1Cr-1 C and 6Cr-1 Mo-1C steels,J. Mater. Sci.,
10.1016/j.matchar.2019.109835,10.1016/S1044-5803(01)00142-5,10.1016/j.matchar.2019.109835_bb0020,García de Andrés,2001,Metallographic techniques for the determination of the austenite grain size in medium-carbon microalloyed steels,Mater. Charact.,
10.1016/j.matchar.2019.109835,,10.1016/j.matchar.2019.109835_bb0025,Krauss,2005,,,
10.1016/j.matchar.2019.109835,10.31399/asm.tb.mpp.9781627082600,10.1016/j.matchar.2019.109835_bb0030,,,,,"George F. Vander Voort, METALLOGRAPHY Principles and Practice, McGraw-Hill, Inc. (USA), pp. 220–223, 1984."
10.1016/j.matchar.2019.109835,10.1016/S1359-6454(02)00577-3,10.1016/j.matchar.2019.109835_bb0035,Morito,2003,The morphology and crystallography of lath martensite in Fe-C alloys,Acta Mater.,
10.1016/j.matchar.2019.109835,10.1016/j.matchar.2004.12.015,10.1016/j.matchar.2019.109835_bb0040,Kitahara,2005,Crystallographic analysis of plate martensite in Fe–28.5 at.% Ni by FE-SEM/EBSD,Mater. Charact.,
10.1016/j.matchar.2019.109835,10.1016/j.actamat.2005.11.001,10.1016/j.matchar.2019.109835_bb0045,Kitahara,2006,Crystallographic features of lath martensite in low-carbon steel,Acta Mater.,
10.1016/j.matchar.2019.109835,10.1179/1743284714Y.0000000572,10.1016/j.matchar.2019.109835_bb0050,,,,,"V. A. Yardley, E. J. Payton. “Austenite-martensite/bainite orientation relationship: characterization parameters and their application.” Mater. Sci. Technol. 30 (2014) p1125. [https://doi.org/10.1179/1743284714Y.0000000572]."
10.1016/j.matchar.2019.109835,,10.1016/j.matchar.2019.109835_bb0055,Yardley,2012,A new parameterization of the martensite-austenite orientation relationship based on the work of Kurdjumov and Sachs,Proceedings of the 7th International Conference on Phase Transformations and the Strength of Crystals,
10.1016/j.matchar.2019.109835,10.1016/j.micron.2014.09.008,10.1016/j.matchar.2019.109835_bb0060,Karthikeyan,2015,Estimation of martensite feature size in a low-carbon alloy steel by microtexture analysis of boundaries,Micron,
10.1016/j.matchar.2019.109835,10.1007/s11661-016-3525-4,10.1016/j.matchar.2019.109835_bb0065,Hidalgo,2016,Effect of prior austenite grain size refinement by thermal cycling on the microstructural features of as-quenched lath martensite,Metall. Mater. Trans. A,
10.1016/j.matchar.2019.109835,10.1007/s13632-017-0403-4,10.1016/j.matchar.2019.109835_bb0070,Sinha,2017,Delineation of prior austenite grain boundaries in a low-alloy high-performance steel,"Metallography, Microstructure, and Analysis",
10.1016/j.matchar.2019.109835,10.1093/bioinformatics/btp184,10.1016/j.matchar.2019.109835_bb0075,Preibisch,2009,Globally optimal stitching of tiled 3D microscopic image acquisitions,Bioinformatics,
10.1016/j.matchar.2019.109835,10.1111/j.1365-2818.2011.03524.x,10.1016/j.matchar.2019.109835_bb0080,Shiveley,2011,,J. Microsc.,
10.1016/j.matchar.2019.109835,10.1111/j.1365-2818.2011.03496.x,10.1016/j.matchar.2019.109835_bb0085,Pilchak,2011,,J. Microsc.,
10.1016/j.matchar.2019.109835,10.1520/E2627-13,10.1016/j.matchar.2019.109835_bb0090,,,,,"ASTM E2627 – 13, Standard Practice for Determining Average Grain Size Using Electron Backscatter Diffraction (EBSD) in Fully Recrystallized Polycrystalline Materials, Developed by Subcommittee E04.11 on X-Ray and Electron Metallography (ASTM International, West Conshohocken, PA, USA, 2013). https://doi.org/10.1520/E2627-13."
10.1016/j.matchar.2019.109835,,10.1016/j.matchar.2019.109835_bb0095,Underwood,1970,,,
10.1016/j.matchar.2019.109835,,10.1016/j.matchar.2019.109835_bb0100,Russ,2000,,,
10.1016/j.matchar.2019.109835,10.1520/E0112-13,10.1016/j.matchar.2019.109835_bb0105,,,,,"ASTM E112 – 13, Standard Test Methods for Determining Average Grain Size, Developed by Subcommittee E04.08 on Grain Size (ASTM International, West Conshohocken, PA, USA, 2013). https://doi.org/10.1520/E0112-13."
10.1016/j.matchar.2019.109835,,10.1016/j.matchar.2019.109835_bb0110,Walpole,2012,,,
10.1016/j.matchar.2019.109835,10.1016/j.scriptamat.2012.02.042,10.1016/j.matchar.2019.109835_bb0115,,,,,"E. J. Payton, A. Aghajani, F. Otto, G. Eggeler, V. A. Yardley. “On the nature of internal interfaces in a tempered martensite ferritic steel and their evolution during long-term creep.” Scr. Mater. 66 (2012) p1045. [doi: https://doi.org/10.1016/j.scriptamat.2012.02.042]."
10.1016/j.matchar.2019.109835,10.1016/j.dib.2019.104471,10.1016/j.matchar.2019.109835_bb0120,Sinha,2019,Datasets acquired with correlative microscopy method for delineation of prior austenite grain boundaries and characterization of prior austenite grain size in a low-alloy high-performance steel,Data in Brief,
10.1016/j.matchar.2019.109835,,10.1016/j.matchar.2019.109835_bb0125,Deal,2012,Round Robin of EBSD grain size measurements (ASTM E2627),"Oral presentation given at EBSD 2012, Carnegie Mellon University, Pittsburgh, PA,",
10.1016/j.matchar.2019.109835,10.1007/s11661-017-4031-z,10.1016/j.matchar.2019.109835_bb0130,,,,,"Y. A. Coutinho, S. C. K. Rooney, E. J. Payton. “Analysis of EBSD grain size measurements using microstructure simulations and a customizable pattern-matching library for grain perimeter estimation.” Metall. Mater. Trans. A 48 (2017) p2375. DOI: https://doi.org/10.1007/s11661-017-4031-z."
10.1016/j.matchar.2019.109835,,10.1016/j.matchar.2019.109835_bb0135,,,,,"A. Deal: Interlaboratory Study to Establish Precision Statements for ASTM E2627-13, Standard Practice for Determining Average Grain Size Using Electron Backscatter Diffraction (EBSD) in Fully Recrystallized Polycrystalline Materials, ASTM Research Report RR: E04–1008, Committee E04 on Metallography, Subcommittee E04.11 on X-Ray and Electron Metallography, ASTM International, West Conshohocken, PA, 2013."
10.1016/j.matchar.2019.109835,10.1107/S0021889807048777,10.1016/j.matchar.2019.109835_bb0140,Cayron,2007,ARPGE: a computer program to automatically reconstruct the parent grains from electron backscatter diffraction data,J. Appl. Crystallogr.,
10.1016/j.matchar.2019.109835,10.1016/j.actamat.2010.08.001,10.1016/j.matchar.2019.109835_bb0145,Miyamoto,2010,Mapping the parent austenite orientation reconstructed from the orientation of martensite by EBSD and its application to ausformed martensite,Acta Mater.,
10.1016/j.matchar.2019.109835,10.1016/j.actamat.2012.04.034,10.1016/j.matchar.2019.109835_bb0150,Germain,2012,An advanced approach to reconstructing parent orientation maps in the case of approximate orientation relations: application to steels,Acta Mater.,
10.1016/j.matchar.2019.109835,10.1093/biomet/45.1-2.229,10.1016/j.matchar.2019.109835_bb0155,Mackenzie,1958,Second paper on statistics associated with the random disorientation of cubes,Biometrika,
10.1016/j.matchar.2019.109835,10.1016/j.actamat.2009.05.016,10.1016/j.matchar.2019.109835_bb0160,Mason,2009,The generalized Mackenzie distribution: disorientation angle distributions for arbitrary textures,Acta Mater.,
10.1016/j.matchar.2019.109835,10.1007/s11661-018-4977-5,10.1016/j.matchar.2019.109835_bb0165,Brust,2019,Analysis of misorientation relationships between austenite parents and twins,Metall. Mater. Trans. A,
10.1016/j.matchar.2019.109835,,10.1016/j.matchar.2019.109835_bb0166,Sinha,,,,
10.1016/j.matchar.2022.111927,10.1016/j.jmatprotec.2006.07.019,10.1016/j.matchar.2022.111927_bb0005,Xu,2007,Research of electroplastic rolling of AZ31 Mg alloy strip,J. Mater. Process. Technol.,
10.1016/j.matchar.2022.111927,,10.1016/j.matchar.2022.111927_bb0010,Green,2009,"Springback elimination for Al-6111 alloys using electrically assisted manufacturing (EAM), 37th annual north American manufacturing research conference",NAMRC,
10.1016/j.matchar.2022.111927,10.1115/1.2712470,10.1016/j.matchar.2022.111927_bb0015,Ross,2007,Manufacturing aspects relating to the effects of direct current on the tensile Properties of metals,J. Eng. Mater. Technol.,
10.1016/j.matchar.2022.111927,,10.1016/j.matchar.2022.111927_bb0020,Troitskii,1963,The anisotropy of the action of electron and γ radiation on the deformation of zinc single crystals in the brittle state,Soviet Physics Doklady,
10.1016/j.matchar.2022.111927,10.1080/10426910601016004,10.1016/j.matchar.2022.111927_bb0025,Andrawes,2007,Effects of DC current on the mechanical behavior of AlMg1SiCu,Mater. Manuf. Process.,
10.1016/j.matchar.2022.111927,10.1016/j.msea.2016.02.064,10.1016/j.matchar.2022.111927_bb0030,Wang,2016,Size effects on flow stress behavior during electrically-assisted micro-tension in a magnesium alloy AZ31,Mater. Sci. Eng. A,
10.1016/j.matchar.2022.111927,10.1557/JMR.2010.0170,10.1016/j.matchar.2022.111927_bb0035,Guan,2010,Recent advances and challenges in electroplastic manufacturing processing of metals,J. Mater. Res.,
10.1016/j.matchar.2022.111927,10.1016/j.msea.2013.02.066,10.1016/j.matchar.2022.111927_bb0040,Fan,2013,Influence of grain size and grain boundaries on the thermal and mechanical behavior of 70/30 brass under electrically-assisted deformation,Mater. Sci. Eng. A,
10.1016/j.matchar.2022.111927,,10.1016/j.matchar.2022.111927_bb0045,Stashenko,1983,Influence of pulsating current frequency and external mechanical stress on the creep rate of crystals,Phys. Metals & metallog.,
10.1016/j.matchar.2022.111927,10.1002/pssa.2210790228,10.1016/j.matchar.2022.111927_bb0050,Stashenko,1983,Action of current pulses on zinc single crystals during creep,Physica Status Solidi (a),
10.1016/j.matchar.2022.111927,10.1016/0001-6160(86)90001-5,10.1016/j.matchar.2022.111927_bb0055,Sprecher,1986,49: on the mechanisms for the electroplastic effect in metals,Acta Metall.,
10.1016/j.matchar.2022.111927,,10.1016/j.matchar.2022.111927_bb0060,Zuyev,1978,Motion of dislocations under the influence of current pulses in monocrystalline zinc,Dokl. Akad. Nauk,
10.1016/j.matchar.2022.111927,,10.1016/j.matchar.2022.111927_bb0065,Boyko,1979,Experimental discovery of entrainment of dislocation by an electron wind in metals,Zh. Eskp. Teor. Fiz,
10.1016/j.matchar.2022.111927,,10.1016/j.matchar.2022.111927_bb0070,Spitsyn,1971,Electroplastic deformation of metal before brittle fracture,Soviet Physics Doklady,
10.1016/j.matchar.2022.111927,10.1016/0921-5093(91)90290-4,10.1016/j.matchar.2022.111927_bb0075,Conrad,1991,Effect of electric current pulses on fatigue characteristics of polycrystalline copper,Mater. Sci. Eng. A,
10.1016/j.matchar.2022.111927,,10.1016/j.matchar.2022.111927_bb0080,Karpenko,1976,The effect of electric current on low-cycle fatigue of steel,Dokl. Akad. Nauk SSSR,
10.1016/j.matchar.2022.111927,,10.1016/j.matchar.2022.111927_bb0085,Tang,2013,Effect of high-density electric current on the microstructure and fatigue crack initiation of stainless steel,Mater. Trans.,
10.1016/j.matchar.2022.111927,10.1016/S0921-5093(00)00786-3,10.1016/j.matchar.2022.111927_bb0090,Conrad,2000,Electroplasticity in metals and ceramics,Mater. Sci. Eng. A,
10.1016/j.matchar.2022.111927,10.1016/S0921-5093(00)00780-2,10.1016/j.matchar.2022.111927_bb0095,Conrad,2000,Effects of electric current on solid state phase transformations in metals,Mater. Sci. Eng. A,
10.1016/j.matchar.2022.111927,10.1016/S0966-9795(01)00094-2,10.1016/j.matchar.2022.111927_bb0100,Yang,2001,Exploratory study into the effects of an electric field and of high current density electropulsing on the plastic deformation of TiAl,Intermetallics,
10.1016/j.matchar.2022.111927,10.1016/S0921-5093(01)01122-4,10.1016/j.matchar.2022.111927_bb0105,Conrad,2002,Thermally activated plastic flow of metals and ceramics with an electric field or current,Mater. Sci. Eng. A,
10.1016/j.matchar.2022.111927,10.1081/AMP-200028070,10.1016/j.matchar.2022.111927_bb0110,Antolovich,2004,"The effects of electric currents and fields on deformation in metals, ceramics, and ionic materials: an interpretive survey",Mater. Manuf. Process.,
10.1016/j.matchar.2022.111927,,10.1016/j.matchar.2022.111927_bb0115,Ross,2007,,,
10.1016/j.matchar.2022.111927,10.1115/1.2386164,10.1016/j.matchar.2022.111927_bb0120,Perkins,2006,Metallic forging using electrical flow as an alternative to warm/hot working,J. Manuf. Sci. Eng.,
10.1016/j.matchar.2022.111927,10.1007/s40684-015-0045-4,10.1016/j.matchar.2022.111927_bb0125,Nguyen-Tran,2015,A review of electrically-assisted manufacturing,International Journal of Precision Engineering and Manufacturing-Green Technology,
10.1016/j.matchar.2022.111927,10.1016/j.actamat.2021.116776,10.1016/j.matchar.2022.111927_bb0130,Rudolf,2021,"Effects of electric current on the plastic deformation behavior of pure copper, iron, and titanium",Acta Mater.,
10.1016/j.matchar.2022.111927,10.4028/b-L4ep0O,10.1016/j.matchar.2022.111927_bb0135,Kim,2020,Elucidating the origin of electroplasticity in metallic materials,Appl. Mater. Today,
10.1016/j.matchar.2022.111927,10.1115/1.3078307,10.1016/j.matchar.2022.111927_bb0140,Ross,2009,Effect of dc on the formability of Ti–6Al–4V,J. Eng. Mater. Technol.,
10.1016/j.matchar.2022.111927,10.1115/1.4024394,10.1016/j.matchar.2022.111927_bb0145,Magargee,2013,Characterization of flow stress for commercially pure titanium subjected to electrically assisted deformation,J. Eng. Mater. Technol.,
10.1016/j.matchar.2022.111927,10.1007/s11661-015-2879-3,10.1016/j.matchar.2022.111927_bb0150,Hariharan,2015,Decoupling thermal and electrical effect in an electrically assisted uniaxial tensile test using finite element analysis,Metall. Mater. Trans. A,
10.1016/j.matchar.2022.111927,10.1007/BF02325092,10.1016/j.matchar.2022.111927_bb0155,Chu,1985,Applications of digital-image-correlation techniques to experimental mechanics,Exp. Mech.,
10.1016/j.matchar.2022.111927,,10.1016/j.matchar.2022.111927_bb0160,Kosky,2021,Chapter 14 - mechanical engineering,,
10.1016/j.matchar.2022.111927,,10.1016/j.matchar.2022.111927_bb0165,Cervenka,1995,,,
10.1016/j.matchar.2022.111927,,10.1016/j.matchar.2022.111927_bb0170,Brewster,1992,,,
10.1016/j.matchar.2022.111927,10.1016/j.proeng.2014.10.235,10.1016/j.matchar.2022.111927_bb0175,Li,2014,Effect of pulse current on bending behavior of Ti6Al4V alloy,Procedia Engineering,
10.1016/j.matchar.2022.111927,,10.1016/j.matchar.2022.111927_bb0180,Welsch,1993,,,
10.1016/j.matchar.2022.111927,,10.1016/j.matchar.2022.111927_bb0185,A. International,1990,,,
10.1016/j.matchar.2022.111927,,10.1016/j.matchar.2022.111927_bb0190,Lucon,2018,Instrumented impact testing of miniaturized Charpy specimens of AM Ti-6Al-4V,Mater Perform Charact,
10.1016/j.matchar.2022.111927,10.3390/met9070802,10.1016/j.matchar.2022.111927_bb0195,Yi,2019,Experimental study and numerical simulation of the intermittent feed high-speed grinding of TC4 titanium alloy,Metals-Basel,
10.1016/j.matchar.2022.111927,10.1016/S0890-6955(01)00041-4,10.1016/j.matchar.2022.111927_bb0200,Hong,2001,New cooling approach and tool life improvement in cryogenic machining of titanium alloy Ti-6Al-4V,Int. J. Mach. Tools Manuf.,
10.1016/j.matchar.2022.111927,,10.1016/j.matchar.2022.111927_bb0205,Chen,2019,The residual stress distribution of Ti-6Al-4V thin wall in the selective laser melting,,
10.1016/j.matchar.2022.111927,10.1016/j.matchar.2006.07.001,10.1016/j.matchar.2022.111927_bb0210,Babu,2007,Correlation of microstructure with mechanical properties of TIG weldments of Ti–6Al–4V made with and without current pulsing,Mater. Charact.,
10.1016/j.matchar.2022.111927,10.1088/1468-6996/10/1/015008,10.1016/j.matchar.2022.111927_bb0215,Baufeld,2009,Mechanical properties of Ti-6Al-4V specimens produced by shaped metal deposition,Sci. Technol. Adv. Mater.,
10.1016/j.matchar.2022.111927,,10.1016/j.matchar.2022.111927_bb0220,Rangaswamy,2000,,,
10.1016/j.matchar.2022.111927,10.1016/j.msea.2019.138647,10.1016/j.matchar.2022.111927_bb0225,Bao,2020,Mechanical behavior and shear banding of electropulsing-assisted micro-scale shear-compression in Ti-6Al-4V alloy,Mater. Sci. Eng. A,
10.1016/j.matchar.2022.111927,10.1038/s41598-018-32857-6,10.1016/j.matchar.2022.111927_bb0230,Zhao,2018,The effect of pulsed current on the shear deformation behavior of Ti-6Al-4V alloy,Sci. Rep.,
10.1016/j.msea.2009.12.037,,10.1016/j.msea.2009.12.037_bib1,Payton,2008,,,
10.1016/j.msea.2009.12.037,,10.1016/j.msea.2009.12.037_bib2,Locq,2004,,,
10.1016/j.msea.2009.12.037,,10.1016/j.msea.2009.12.037_bib3,Unocic,2008,,,
10.1016/j.msea.2009.12.037,10.1016/j.actamat.2008.09.010,10.1016/j.msea.2009.12.037_bib4,Wang,2009,,Acta Mater.,
10.1016/j.msea.2009.12.037,10.1017/S1431927607077859,10.1016/j.msea.2009.12.037_bib5,Sarosi,2007,,Microsc. Microanal.,
10.1016/j.msea.2009.12.037,10.1016/j.actamat.2009.02.010,10.1016/j.msea.2009.12.037_bib6,Tiley,2009,,Acta Mater.,
10.1016/j.msea.2009.12.037,10.1080/01418610208240053,10.1016/j.msea.2009.12.037_bib7,Fruhstorfer,2002,,Philos. Mag. A,
10.1016/j.msea.2009.12.037,10.1016/S0254-0584(03)00037-3,10.1016/j.msea.2009.12.037_bib8,Penkalla,2003,,Mater. Chem. Phys.,
10.1016/j.msea.2009.12.037,10.1016/j.ultramic.2004.11.014,10.1016/j.msea.2009.12.037_bib9,Sarosi,2005,,Ultramicroscopy,
10.1016/j.msea.2009.12.037,10.1016/S0921-5093(03)00498-2,10.1016/j.msea.2009.12.037_bib10,Wusatowska-Sarnek,2003,,Mater. Sci. Eng. A,
10.1016/j.msea.2009.12.037,10.1016/S0921-5093(98)00867-3,10.1016/j.msea.2009.12.037_bib11,Jackson,1999,,Mater. Sci. Eng. A,
10.1016/j.msea.2009.12.037,10.1179/174328406X91168,10.1016/j.msea.2009.12.037_bib12,Safari,2006,,Mater. Sci. Technol.,
10.1016/j.msea.2009.12.037,10.1016/S0925-8388(03)00699-6,10.1016/j.msea.2009.12.037_bib13,Sharghi-Moshatghin,2004,,J. Alloys Compd.,
10.1016/j.msea.2009.12.037,,10.1016/j.msea.2009.12.037_bib14,Kriege,1969,,ASM Trans. Q.,
10.1016/j.msea.2009.12.037,10.1016/1359-6462(96)00247-3,10.1016/j.msea.2009.12.037_bib15,Göken,1996,,Scripta Mater.,
10.1016/j.msea.2009.12.037,10.1016/S1359-6454(98)00377-2,10.1016/j.msea.2009.12.037_bib16,Göken,1999,,Acta Mater.,
10.1016/j.msea.2009.12.037,10.1016/S0261-3069(03)00061-X,10.1016/j.msea.2009.12.037_bib17,Moshtaghin,2003,,Mater. Design,
10.1016/j.msea.2009.12.037,,10.1016/j.msea.2009.12.037_bib18,Wlodek,1996,,,
10.1016/j.msea.2009.12.037,,10.1016/j.msea.2009.12.037_bib19,Russ,1999,,,
10.1016/j.msea.2009.12.037,10.1016/j.electacta.2005.02.099,10.1016/j.msea.2009.12.037_bib20,Kelekanjeri,2006,,Electrochim. Acta,
10.1016/j.msea.2009.12.037,,10.1016/j.msea.2009.12.037_bib21,,,,,"P.S. Da Lin, Z. Shao, Electron microscope with an asymmetric immersion lens, US Patent 5,079,428 (1989)."
10.1016/j.msea.2009.12.037,,10.1016/j.msea.2009.12.037_bib22,Goldstein,2003,,,
10.1016/j.msea.2009.12.037,,10.1016/j.msea.2009.12.037_bib23,,,,,"FEI Company, Sirion™ Series: Ultra-high Resolution for Structural Research, Sales Literature, 2002."
10.1016/j.msea.2009.12.037,,10.1016/j.msea.2009.12.037_bib24,,,,,"D.P. Mourer, E.S. Huron, D.G. Backman, K.R. Bain, P.L. Reynolds, J.J. Schirra, T.P. Gabb, Ni based superalloy and its use as gas turbine disks, shafts, and impellers, European Patent EP 1,195,446 A1 (2002)."
10.1016/j.msea.2009.12.037,,10.1016/j.msea.2009.12.037_bib25,,,,,"D. Krueger, R. Kissinger, R. Menzies, C. Wukusick, Fatigue crack growth resistant nickel-base article and alloy and method for making, US Patent 4,957,567 (1990)."
10.1016/j.msea.2009.12.037,,10.1016/j.msea.2009.12.037_bib26,Whitis,2004,,,
10.1016/j.msea.2009.12.037,10.1016/j.msea.2004.01.027,10.1016/j.msea.2009.12.037_bib27,Monajati,2004,,Mater. Sci. Eng. A,
10.1016/j.msea.2009.12.037,10.1016/0956-7151(90)90171-C,10.1016/j.msea.2009.12.037_bib28,MacKay,1990,,Acta Metall. Mater.,
10.1016/j.msea.2009.12.037,10.1109/TIP.2007.899601,10.1016/j.msea.2009.12.037_bib29,Li,2007,,IEEE Trans. Image Process.,
10.1016/j.msea.2009.12.037,10.1109/83.821738,10.1016/j.msea.2009.12.037_bib30,Pollak,2000,,IEEE Trans. Image Process.,
10.1016/j.msea.2009.12.037,10.1109/TSMC.1979.4310076,10.1016/j.msea.2009.12.037_bib31,Otsu,1979,,IEEE Trans. Syst. Man Cy.,
10.1016/j.msea.2010.08.063,,10.1016/j.msea.2010.08.063_bib0005,Reed-Hill,1994,,,
10.1016/j.msea.2010.08.063,10.1016/j.matchar.2008.01.002,10.1016/j.msea.2010.08.063_bib0010,Benchabane,2008,,Mater. Charact.,
10.1016/j.msea.2010.08.063,10.1007/BF02670758,10.1016/j.msea.2010.08.063_bib0015,Woldt,1995,,Metall. Mater. Trans. A,
10.1016/j.msea.2010.08.063,10.1016/S1359-6462(99)00051-2,10.1016/j.msea.2010.08.063_bib0020,Black,1999,,Scripta Mater.,
10.1016/j.msea.2010.08.063,10.1016/S1359-6454(02)00005-8,10.1016/j.msea.2010.08.063_bib0025,Tarasiuk,2002,,Acta Mater.,
10.1016/j.msea.2010.08.063,10.1016/j.matchar.2004.01.005,10.1016/j.msea.2010.08.063_bib0030,Lu,2003,,Mater. Charact.,
10.1016/j.msea.2010.08.063,10.1111/j.0022-2720.2004.01296.x,10.1016/j.msea.2010.08.063_bib0035,Jazaeri,2004,,J. Microsc.,
10.1016/j.msea.2010.08.063,10.1111/j.1365-2818.2008.02006.x,10.1016/j.msea.2010.08.063_bib0040,Nakamichi,2008,,J. Microsc.,
10.1016/j.msea.2010.08.063,10.1007/s003390051253,10.1016/j.msea.2010.08.063_bib0045,Kempf,1998,,Appl. Phys. A,
10.1016/j.msea.2010.08.063,10.1016/j.msea.2005.01.015,10.1016/j.msea.2010.08.063_bib0050,Rabkin,2005,,Mater. Sci. Eng. A,
10.1016/j.msea.2010.08.063,10.1016/j.actamat.2008.07.036,10.1016/j.msea.2010.08.063_bib0055,Eliash,2008,,Acta Mater.,
10.1016/j.msea.2010.08.063,10.1002/adem.200900266,10.1016/j.msea.2010.08.063_bib0060,Pfetzing-Micklich,2010,,Adv. Eng. Mater.,
10.1016/j.msea.2010.08.063,,10.1016/j.msea.2010.08.063_bib0065,,,,,"S. Dziaszyk, Gefügecharakterisierung von Mehrphasenstählen mittels Orientierungsmikroskopie und Nanoindentierung, Ph.D. thesis, Ruhr-Universität Bochum, 2010."
10.1016/j.msea.2010.08.063,,10.1016/j.msea.2010.08.063_bib0070,Fischer-Cripps,2004,,,
10.1016/j.msea.2010.08.063,,10.1016/j.msea.2010.08.063_bib0075,,,,,"OIM Analysis Users Manual, TexSEM Laboratories, Inc., Draper, UT, 2001."
10.1016/j.msea.2010.08.063,,10.1016/j.msea.2010.08.063_bib0080,,2000,,,
10.1016/j.msea.2010.08.063,,10.1016/j.msea.2010.08.063_bib0085,Humphreys,2004,,,
10.1016/j.msea.2010.08.063,10.1017/S1431927606060090,10.1016/j.msea.2010.08.063_bib0090,Wright,2006,,Microsc. Microanal.,
10.1016/j.msea.2010.08.063,10.1111/j.1365-2818.2007.01810.x,10.1016/j.msea.2010.08.063_bib0095,Mitsche,2007,,J. Microsc.,
10.1016/j.msea.2010.08.063,10.1017/S1431927610059295,10.1016/j.msea.2010.08.063_bib0100,Pinard,2010,,Microsc. Microanal.,
10.1016/j.msea.2010.08.063,10.1111/j.1365-2818.2006.01595.x,10.1016/j.msea.2010.08.063_bib0105,McCabe,2006,,J. Microsc.,
10.1016/j.msea.2010.08.063,10.1007/s11661-009-9782-8,10.1016/j.msea.2010.08.063_bib0110,Kapoor,2009,,Metall. Mater. Trans. A,
10.1016/j.msea.2010.08.063,10.3139/147.110034,10.1016/j.msea.2010.08.063_bib0115,Pfetzing,2009,,Pract. Metallogr.,
10.1016/j.msea.2010.08.063,10.1007/s10853-008-3021-3,10.1016/j.msea.2010.08.063_bib0120,Li,2008,,J. Mater. Sci.,
10.1016/j.msea.2010.08.063,10.1016/j.actamat.2005.08.046,10.1016/j.msea.2010.08.063_bib0125,Kamaya,2006,,Acta Mater.,
10.1016/j.msea.2010.08.063,10.1016/j.nucengdes.2004.11.006,10.1016/j.msea.2010.08.063_bib0130,Kamaya,2005,,Nucl. Eng. Des.,
10.1016/j.msea.2010.08.063,,10.1016/j.msea.2010.08.063_bib0135,,,,,"E.J. Payton, Characterization and Modeling of Grain Coarsening in Powder Metallurgical Ni-based Disk Superalloys, Ph.D. thesis, The Ohio State University, 2009."
10.1016/j.msea.2010.08.063,,10.1016/j.msea.2010.08.063_bib0140,Payton,2008,,,
10.1016/j.msea.2010.08.063,,10.1016/j.msea.2010.08.063_bib0145,Tu,2008,,,
10.1016/j.msea.2021.141168,10.1557/jmr.2018.153,10.1016/j.msea.2021.141168_bib1,Senkov,2018,Development and exploration of refractory high entropy alloys: a review,J. Mater. Res.,
10.1016/j.msea.2021.141168,10.1016/j.actamat.2019.06.032,10.1016/j.msea.2021.141168_bib2,Senkov,2019,High temperature strength of refractory complex concentrated alloys,Acta Mater.,
10.1016/j.msea.2021.141168,10.1016/j.actamat.2017.06.027,10.1016/j.msea.2021.141168_bib3,Gorsse,2017,Mapping the world of complex concentrated alloys,Acta Mater.,
10.1016/j.msea.2021.141168,10.1016/j.jallcom.2017.09.164,10.1016/j.msea.2021.141168_bib4,Butler,2017,High temperature oxidation behaviors of equimolar NbTiZrV and NbTiZrCr refractory complex concentrated alloys (RCCAs),J. Alloys Compd.,
10.1016/j.msea.2021.141168,10.1016/j.corsci.2019.108161,10.1016/j.msea.2021.141168_bib5,Muller,2019,On the oxidation mechanism of refractory high entropy alloys,Corrosion Sci.,
10.1016/j.msea.2021.141168,10.3390/e16010494,10.1016/j.msea.2021.141168_bib6,Miracle,2014,Exploration and development of high entropy alloys for structural applications,Entropy,
10.1016/j.msea.2021.141168,,10.1016/j.msea.2021.141168_bib7,Senkov,2015,Accelerated exploration of multi-principal element alloys for structural applications,Calphad Comput. Coupling Phase Diagrams Thermochem.,
10.1016/j.msea.2021.141168,10.1016/j.jallcom.2011.02.171,10.1016/j.msea.2021.141168_bib8,Senkov,2011,Microstructure and room temperature properties of a high-entropy TaNbHfZrTi alloy,J. Alloys Compd.,
10.1016/j.msea.2021.141168,10.1007/s10853-012-6260-2,10.1016/j.msea.2021.141168_bib9,Senkov,2012,Microstructure and elevated temperature properties of a refractory TaNbHfZrTi alloy,J. Mater. Sci.,
10.1016/j.msea.2021.141168,10.1016/j.intermet.2015.03.013,10.1016/j.msea.2021.141168_bib10,Juan,2015,Enhanced mechanical properties of HfMoTaTiZr and HfMoNbTaTiZr refractory high-entropy alloys,Intermetallics,
10.1016/j.msea.2021.141168,10.1016/j.matlet.2016.03.133,10.1016/j.msea.2021.141168_bib11,Juan,2016,Solution strengthening of ductile refractory HfMoxNbTaTiZr high-entropy alloys,Mater. Lett.,
10.1016/j.msea.2021.141168,10.1016/j.matdes.2015.05.019,10.1016/j.msea.2021.141168_bib12,Guo,2015,Microstructure and mechanical properties of refractory MoNbHfZrTi high-entropy alloy,Mater. Des.,
10.1016/j.msea.2021.141168,10.1007/s11661-015-3105-z,10.1016/j.msea.2021.141168_bib13,Gao,2016,Senary refractory high-entropy alloy HfNbTaTiVZr,Metall. Mater. Trans.,
10.1016/j.msea.2021.141168,10.1016/j.jallcom.2017.04.237,10.1016/j.msea.2021.141168_bib14,Mu,2017,"An ab initio and experimental studies of the structure, mechanical parameters and state density on the refractory high-entropy alloy systems",J. Alloys Compd.,
10.1016/j.msea.2021.141168,10.1016/j.scriptamat.2016.10.028,10.1016/j.msea.2021.141168_bib15,Todai,2017,Novel TiNbTaZrMo high-entropy alloys for metallic biomaterials,Scripta Mater.,
10.1016/j.msea.2021.141168,10.1016/j.jallcom.2014.11.064,10.1016/j.msea.2021.141168_bib16,Lin,2015,Effect of Al addition on mechanical properties and microstructure of refractory AlxHfNbTaTiZr alloys,J. Alloys Compd.,
10.1016/j.msea.2021.141168,10.1007/s11837-015-1617-z,10.1016/j.msea.2021.141168_bib17,Gao,2015,Design of refractory high-entropy alloys,JOM,
10.1016/j.msea.2021.141168,10.3390/e18030102,10.1016/j.msea.2021.141168_bib18,Senkov,2016,Development of a refractory high entropy superalloy,Entropy,
10.1016/j.msea.2021.141168,10.1016/j.matdes.2017.11.033,10.1016/j.msea.2021.141168_bib19,Senkov,2018,Compositional variation effects on the microstructure and properties of a refractory high-entropy superalloy AlMo0.5NbTa0.5TiZr,Mater. Des.,
10.1016/j.msea.2021.141168,10.1016/j.msec.2016.12.057,10.1016/j.msea.2021.141168_bib20,Wang,2017,TiZrNbTaMo high-entropy alloy designed for orthopedic implants: as-cast microstructure and mechanical properties,Mater. Sci. Eng. C,
10.1016/j.msea.2021.141168,10.1002/adma.201701678,10.1016/j.msea.2021.141168_bib21,Huang,2017,Phase-transformation ductilization of brittle high-entropy alloys via metastability engineering,Adv. Mater.,
10.1016/j.msea.2021.141168,10.1016/0925-8388(94)90019-1,10.1016/j.msea.2021.141168_bib22,Kumar,1994,Thermodynamic assessment of the Ti-Zr system and calculation of the Nb-Ti-Zr phase diagram,J. Alloys Compd.,
10.1016/j.msea.2021.141168,10.1016/j.actamat.2018.03.065,10.1016/j.msea.2021.141168_bib23,Senkov,2018,Compositional effect on microstructure and properties of NbTiZr-based complex concentrated alloys,Acta Mater.,
10.1016/j.msea.2021.141168,10.1016/j.jallcom.2018.12.325,10.1016/j.msea.2021.141168_bib24,Senkov,2019,CALPHAD-aided development of quaternary multi-principal element refractory alloys based on NbTiZr,J. Alloys Compd.,
10.1016/j.msea.2021.141168,10.1016/j.intermet.2019.01.004,10.1016/j.msea.2021.141168_bib25,Wang,2019,New ternary equi-atomic refractory medium-entropy alloys with tensile ductility: hafnium versus titanium into NbTa-based solution,Intermetallics,
10.1016/j.msea.2021.141168,10.1016/j.actamat.2019.02.013,10.1016/j.msea.2021.141168_bib26,Rao,2019,"Modeling solution hardening in BCC refractory complex concentrated alloys: NbTiZr, Nb1.5TiZr0.5 and Nb0.5TiZr1.5",Acta Mater.,
10.1016/j.msea.2021.141168,10.3390/e21020114,10.1016/j.msea.2021.141168_bib27,Zyka,2019,Microstructure and room temperature mechanical properties of different 3 and 4 element medium entropy alloys from HfNbTaTiZr system,Entropy,
10.1016/j.msea.2021.141168,10.1016/1359-6462(96)00006-1,10.1016/j.msea.2021.141168_bib28,Lin,1996,Calculation of isothermal sections of three ternary Ti-Zr-X systems,Scripta Mater.,
10.1016/j.msea.2021.141168,10.1016/j.jallcom.2019.152935,10.1016/j.msea.2021.141168_bib29,Whitfield,2020,Elucidating the microstructural development of refractory metal high entropy superalloys via the Ti–Ta–Zr constituent system,J. Alloys Compd.,
10.1016/j.msea.2021.141168,10.1016/j.jallcom.2019.151685,10.1016/j.msea.2021.141168_bib30,Senkov,2019,Ductile Nb alloys with reduced density and cost,J. Alloys Compd.,
10.1016/j.msea.2021.141168,10.1016/j.micron.2012.05.006,10.1016/j.msea.2021.141168_bib31,Tomus,2013,In situ lift-out dedicated techniques using FIB-SEM system for TEM specimen preparation,Micron,
10.1016/j.msea.2021.141168,,10.1016/j.msea.2021.141168_bib32,CompuTherm Software,2018,,,
10.1016/j.msea.2021.141168,10.1016/S0025-5408(01)00715-2,10.1016/j.msea.2021.141168_bib33,Senkov,2001,Effect of the atomic size distribution on glass forming ability of amorphous metallic alloys,Mater. Res. Bull.,
10.1016/j.msea.2021.141168,,10.1016/j.msea.2021.141168_bib34,Banerjee,2007,Chapter 6 - transformations related to omega structures,Pergamon Mater. Ser.,
10.1016/j.msea.2021.141168,10.1016/0079-6425(82)90002-0,10.1016/j.msea.2021.141168_bib35,Sikka,1982,Omega phase in materials,Prog. Mater. Sci.,
10.1016/j.msea.2021.141168,10.1038/s41598-018-37865-0,10.1016/j.msea.2021.141168_bib36,Mantri,2019,Deformation induced hierarchical twinning coupled with omega transformation in a metastable β-Ti alloy,Sci. Rep.,
10.1016/j.msea.2021.141168,10.1063/1.2959183,10.1016/j.msea.2021.141168_bib37,Xing,2008,Mechanical twinning and omega transition by {111} {112} shear in a metastable beta titanium alloy,Appl. Phys. Lett.,
10.1016/j.msea.2021.141168,10.1016/j.scriptamat.2020.05.037,10.1016/j.msea.2021.141168_bib38,Casillas,2020,Twins or the omega phase: which is it in high carbon steels?,Scripta Mater.,
10.1016/j.msea.2021.141168,10.1016/0925-8388(95)01582-5,10.1016/j.msea.2021.141168_bib39,Guillermet,1995,Phase diagram and thermochemical properties of the Zr-Ta system. An assessment based on Gibbs energy modelling,J. Alloys Compd.,
10.1016/j.msea.2021.141168,10.1016/j.scriptamat.2016.04.017,10.1016/j.msea.2021.141168_bib40,Jensen,2016,Characterization of the microstructure of the compositionally complex alloy AlMo0.5NbTa0.5TiZr,Scripta Mater.,
10.1016/j.msea.2021.141168,10.1007/s11837-014-1066-0,10.1016/j.msea.2021.141168_bib41,Senkov,2014,Microstructure and properties of aluminum-containing refractory high-entropy alloys,JOM,
10.1016/j.msea.2021.141168,10.1557/jmr.2018.223,10.1016/j.msea.2021.141168_bib42,Soni,2018,Phase stability as a function of temperature in a refractory high-entropy alloy,J. Mater. Res.,
10.1016/j.msea.2021.141168,10.1038/s41598-018-27144-3,10.1016/j.msea.2021.141168_bib43,Soni,2018,Microstructural design for improving ductility of an initially brittle refractory high entropy alloy,Sci. Rep.,
10.1016/j.msea.2021.141168,,10.1016/j.msea.2021.141168_bib44,Terlinde,2003,Chapter 2 beta titanium alloys,,
10.1016/j.msea.2021.141168,10.1016/0167-6636(88)90006-3,10.1016/j.msea.2021.141168_bib45,Giovanola,1988,Adiabatic shear banding under pure shear loading,Mech. Mater.,
10.1016/j.msea.2021.141168,,10.1016/j.msea.2021.141168_bib46,Dodd,2012,,,
10.1016/j.msea.2021.141168,10.3390/ma11040567,10.1016/j.msea.2021.141168_bib47,Pieczyska,2018,Thermomechanical studies of yielding and strain localization phenomena of gum metal under tension,Materials,
10.1016/j.msea.2021.141168,10.1016/j.actamat.2016.08.081,10.1016/j.msea.2021.141168_bib48,Miracle,2017,A critical review of high entropy alloys and related concepts,Acta Mater.,
10.1016/j.msea.2022.142656,10.1016/j.actamat.2016.07.019,10.1016/j.msea.2022.142656_b1,Herzog,2016,Additive manufacturing of metals,Acta Mater.,
10.1016/j.msea.2022.142656,10.1177/0954405415619883,10.1016/j.msea.2022.142656_b2,Wang,2017,Review on powder-bed laser additive manufacturing of Inconel 718 parts,Proc. Inst. Mech. Eng. B: J. Eng. Manuf.,
10.1016/j.msea.2022.142656,10.3390/met8010075,10.1016/j.msea.2022.142656_b3,Agius,2018,A review of the as-built SLM Ti-6Al-4V mechanical properties towards achieving fatigue resistant designs,Metals,
10.1016/j.msea.2022.142656,10.1088/1757-899X/285/1/012028,10.1016/j.msea.2022.142656_b4,Zadi-Maad,2018,Additive manufacturing for steels: A review,IOP Conf. Ser.: Mater. Sci. Eng.,
10.1016/j.msea.2022.142656,10.3390/ma10060672,10.1016/j.msea.2022.142656_b5,Gokuldoss,2017,"Additive manufacturing processes: Selective laser melting, electron beam melting and binder jetting - selection guidelines",Materials,
10.1016/j.msea.2022.142656,,10.1016/j.msea.2022.142656_b6,Al-bermani,2011,,,
10.1016/j.msea.2022.142656,10.1016/j.matdes.2013.01.056,10.1016/j.msea.2022.142656_b7,Zhao,2013,Effects of tungsten on continuous cooling transformation characteristics of microalloyed steels,Mater. Des.,
10.1016/j.msea.2022.142656,,10.1016/j.msea.2022.142656_b8,Abrahams,2019,,,
10.1016/j.msea.2022.142656,,10.1016/j.msea.2022.142656_b9,Dilmore,2009,,,
10.1016/j.msea.2022.142656,,10.1016/j.msea.2022.142656_b10,Sinha,2019,Correlative microscopy for quantification of prior austenite grain size in AF9628 steel,Mater. Charact.,
10.1016/j.msea.2022.142656,,10.1016/j.msea.2022.142656_b11,Lillo,2019,,,
10.1016/j.msea.2022.142656,10.1115/MSEC2018-6566,#cr-split#-10.1016/j.msea.2022.142656_b12.1,,,,,"J. Wolf, C. Saldana, T. Maloney, J. Quitter, J. Von Roemer, Machining Performance and Microstructure Evolution in Milling Advanced Low-Alloy Military-Grade Steel, in: ASME 2018 13th International Manufacturing Science and Engineering Conference, Volume 2: Materials"
10.1016/j.msea.2022.142656,10.1115/MSEC2018-6566,#cr-split#-10.1016/j.msea.2022.142656_b12.2,,,,,"Joint MSEC-NAMRC-Manufacturing USA, College Station, TX, 2018, pp. 1-7, http://dx.doi.org/10.1115/MSEC2018-6566."
10.1016/j.msea.2022.142656,10.1007/s13632-017-0403-4,10.1016/j.msea.2022.142656_b13,Sinha,2017,Delineation of prior austenite grain boundaries in a low-alloy high-performance steel,Metallogr. Microstruct. Anal.,
10.1016/j.msea.2022.142656,10.1007/s40962-019-00321-4,10.1016/j.msea.2022.142656_b14,Lynch,2019,Reducing microsegregation in next-generation high-strength low-alloy cast steels,Int. J. Metalcast.,
10.1016/j.msea.2022.142656,,10.1016/j.msea.2022.142656_b15,Hager,2019,,,
10.1016/j.msea.2022.142656,10.1016/j.actamat.2019.12.037,10.1016/j.msea.2022.142656_b16,Seede,2020,"An ultra-high strength martensitic steel fabricated using selective laser melting additive manufacturing: Densification, microstructure, and mechanical properties",Acta Mater.,
10.1016/j.msea.2022.142656,10.1016/j.msea.2017.06.033,10.1016/j.msea.2022.142656_b17,Bai,2017,Influence mechanism of parameters process and mechanical properties evolution mechanism of maraging steel 300 by selective laser melting,Mater. Sci. Eng.: A,
10.1016/j.msea.2022.142656,10.1016/j.jmatprotec.2017.05.042,10.1016/j.msea.2022.142656_b18,Liverani,2017,Effect of selective laser melting (SLM) process parameters on microstructure and mechanical properties of 316l austenitic stainless steel,J. Mater. Process. Technol.,
10.1016/j.msea.2022.142656,,10.1016/j.msea.2022.142656_b19,,2018,,,
10.1016/j.msea.2022.142656,,10.1016/j.msea.2022.142656_b20,,2016,,,
10.1016/j.msea.2022.142656,,10.1016/j.msea.2022.142656_b21,,2017,,,
10.1016/j.msea.2022.142656,,10.1016/j.msea.2022.142656_b22,,2015,,,
10.1016/j.msea.2022.142656,10.1016/j.matdes.2009.01.013,10.1016/j.msea.2022.142656_b23,Gu,2009,Balling phenomena in direct laser sintering of stainless steel powder: Metallurgical mechanisms and control methods,Mater. Des.,
10.1016/j.msea.2022.142656,10.1557/jmr.2014.192,10.1016/j.msea.2022.142656_b24,Helmer,2014,Additive manufacturing of nickel-based superalloy Inconel 718 by selective electron beam melting: Processing window and microstructure,J. Mater. Res.,
10.1016/j.msea.2022.142656,10.1179/0032589915Z.000000000244,10.1016/j.msea.2022.142656_b25,Kirchner,2015,Process window for electron beam melting of Ti-6Al-4V,Powder Metall.,
10.1016/j.msea.2022.142656,10.1016/j.matdes.2017.06.041,10.1016/j.msea.2022.142656_b26,Ghouse,2017,The influence of laser parameters and scanning strategies on the mechanical properties of a stochastic porous material,Mater. Des.,
10.1016/j.msea.2022.142656,10.1016/j.pmatsci.2017.10.001,10.1016/j.msea.2022.142656_b27,DebRoy,2018,"Additive manufacturing of metallic components - process, structure and properties",Prog. Mater. Sci.,
10.1016/j.msea.2022.142656,,10.1016/j.msea.2022.142656_b28,Jelis,2016,,,
10.1016/j.msea.2022.142656,10.1016/j.jmatprotec.2014.06.005,10.1016/j.msea.2022.142656_b29,King,2014,Observation of keyhole-mode laser melting in laser powder-bed fusion additive manufacturing,J. Mater. Process. Technol.,
10.1016/j.msea.2022.142656,10.1007/s00170-014-5954-9,10.1016/j.msea.2022.142656_b30,Kamath,2014,"Density of additively-manufactured, 316L SS parts using laser powder-bed fusion at powers up to 400 W",Int. J. Adv. Manuf. Technol.,
10.1016/j.msea.2022.142656,10.1016/j.phpro.2010.08.083,10.1016/j.msea.2022.142656_b31,Yadroitsev,2010,Selective laser melting technology: From the single laser melted track stability to 3D parts of complex shape,Physics Procedia,
10.1016/j.msea.2022.142656,10.1016/j.phpro.2011.03.033,10.1016/j.msea.2022.142656_b32,Kempen,2011,Microstructure and mechanical properties of selective laser melted 18Ni-300 steel,Physics Procedia,
10.1016/j.msea.2022.142656,,10.1016/j.msea.2022.142656_b33,Yasa,2009,Experimental investigation of charpy impact tests on metallic SLM parts,,
10.1016/j.msea.2022.142656,10.1016/j.jmatprotec.2003.11.051,10.1016/j.msea.2022.142656_b34,Kruth,2004,Selective laser melting of iron-based powder,J. Mater. Process. Technol.,
10.1016/j.msea.2022.142656,10.1108/13552540510623594,10.1016/j.msea.2022.142656_b35,Kruth,2005,Study of laser-sinterability of ferro-based powders,Rapid Prototyp. J.,
10.1016/j.msea.2022.142656,,10.1016/j.msea.2022.142656_b36,,,,,"A.B. Spierings, G. Levy, Comparison of density of stainless steel 316L parts produced with selective laser melting using different powder grades, in: Solid Freeform Fabrication Symposium, Austin, Texas, 2009, pp. 342–353, URL."
10.1016/j.msea.2022.142656,,10.1016/j.msea.2022.142656_b37,,,,,"E. Yasa, J. Deckers, T. Craeghs, M. Badrossamay, J.-P. Kruth, Investigation on Occurrence of Elevated Edges in Selective Laser Melting, in: Solid Freeform Fabrication Symposium, Austin, Texas, 2009, pp. 180–192, URL."
10.1016/j.msea.2022.142656,,10.1016/j.msea.2022.142656_b38,Yasa,2011,,,
10.1016/j.msea.2022.142656,10.1016/j.proeng.2011.11.130,10.1016/j.msea.2022.142656_b39,Yasa,2011,Microstructural investigation of selective laser melting 316L stainless steel parts exposed to laser re-melting,Procedia Eng.,
10.1016/j.msea.2022.142656,,10.1016/j.msea.2022.142656_b40,,,,,"B. Liu, R. Wildman, C. Tuck, I. Ashcroft, R. Hague, Investigation the Effect of Particle Size Distribution on Processing Parameters Optimisation in Selective Laser Melting Process, in: Solid Freeform Fabrication Symposium, Austin, Texas, 2011, pp. 227–238, URL."
10.1016/j.msea.2022.142656,,10.1016/j.msea.2022.142656_b41,Laohaprapanon,2012,Optimal scanning condition of selective laser melting processing with stainless steel 316L powder,Adv. Mater. Res.,
10.1016/j.msea.2022.142656,10.1007/s12541-018-0204-y,10.1016/j.msea.2022.142656_b42,Cacace,2018,About fluence and process parameters on maraging steel processed by selective laser melting: Do they convey the same information?,Int. J. Precis. Eng. Manuf.,
10.1016/j.msea.2022.142656,,10.1016/j.msea.2022.142656_b43,Shelton,2020,Understanding surface roughness of additively manufactured nickel superalloy for space applications,Rapid Prototyp. J.,
10.1016/j.msea.2022.142656,10.1080/21663831.2017.1299808,10.1016/j.msea.2022.142656_b44,Prashanth,2017,Is the energy density a reliable parameter for materials synthesis by selective laser melting?,Mater. Res. Lett.,
10.1016/j.msea.2022.142656,,10.1016/j.msea.2022.142656_b45,,,,,"T.C. Dzogbewu, I. Yadroitsev, P. Krakhmalev, I. Yadroitsava, A. Du Plessis, Optimal Process Parameters for In Situ Alloyed Ti15Mo Structures by Laser Powder Bed Fusion, in: Solid Freeform Fabrication 2017 Proceedings, Austin, Texas, 2017, pp. 75–96."
10.1016/j.msea.2022.142656,10.1016/j.cja.2017.08.019,10.1016/j.msea.2022.142656_b46,Guo,2018,Single track and single layer formation in selective laser melting of niobium solid solution alloy,Chin. J. Aeronaut.,
10.1016/j.msea.2022.142656,10.1016/j.matdes.2018.03.035,10.1016/j.msea.2022.142656_b47,Wang,2018,Process parameter optimization and mechanical properties for additively manufactured stainless steel 316L parts by selective electron beam melting,Mater. Des.,
10.1016/j.msea.2022.142656,10.1016/j.jmatprotec.2010.05.010,10.1016/j.msea.2022.142656_b48,Yadroitsev,2010,Single track formation in selective laser melting of metal powders,J. Mater. Process. Technol.,
10.1016/j.msea.2022.142656,,10.1016/j.msea.2022.142656_b49,Su,2011,Theoretical study on overlapping mechanism in SLM based on interlayer-staggered scan strategy,Appl. Mech. Mater.,
10.1016/j.msea.2022.142656,,10.1016/j.msea.2022.142656_b50,,2016,,,
10.1016/j.msea.2022.142656,,10.1016/j.msea.2022.142656_b51,E384,2017,,,
10.1016/j.msea.2022.142656,,10.1016/j.msea.2022.142656_b52,E140-12B(2019)e1,2019,,,
10.1016/j.msea.2022.142656,10.1016/j.dib.2019.104471,10.1016/j.msea.2022.142656_b53,Sinha,2019,Datasets acquired with correlative microscopy method for delineation of prior austenite grain boundaries and characterization of prior austenite grain size in a low-alloy high-performance steel,Data Brief,
10.1016/j.msea.2022.142656,,10.1016/j.msea.2022.142656_b54,Sinha,2019,,,
10.1016/j.msea.2022.142656,,10.1016/j.msea.2022.142656_b55,Dilip,2017,"Selective laser melting of HY100 steel: Process parameters, microstructure and mechanical properties",Addit. Manuf.,
10.1016/j.msea.2022.142656,10.1016/j.msea.2019.138230,10.1016/j.msea.2022.142656_b56,Newell,2019,Mitigation of scan strategy effects and material anisotropy through supersolvus annealing in LPBF IN718,Mater. Sci. Eng.: A,
10.1016/j.msea.2022.142656,,10.1016/j.msea.2022.142656_b57,Sabelkin,2020,Torsional behavior of additively manufactured nickel alloy 718 under monotonic loading and low cycle fatigue,Mater. Today Commun.,
10.1016/j.msea.2022.142656,10.1016/j.matdes.2016.10.037,10.1016/j.msea.2022.142656_b58,Scipioni Bertoli,2017,On the limitations of volumetric energy density as a design parameter for selective laser melting,Mater. Des.,
10.1016/j.mtla.2023.101688,10.1557/jmr.2018.153,10.1016/j.mtla.2023.101688_bib0001,Senkov,2018,Development and exploration of refractory high entropy alloys: a review,J. Mater. Res.,
10.1016/j.mtla.2023.101688,10.1007/s11661-020-05803-3,10.1016/j.mtla.2023.101688_bib0002,Philips,2020,New opportunities in refractory alloys,Metall. Mater. Trans. A,
10.1016/j.mtla.2023.101688,10.1016/j.actamat.2019.06.032,10.1016/j.mtla.2023.101688_bib0003,Senkov,2019,High temperature strength of refractory complex concentrated alloys,Acta Mater,
10.1016/j.mtla.2023.101688,,10.1016/j.mtla.2023.101688_bib0004,Mireles,2021,Additive manufacture of refractory metals for aerospace applications,AIAA Propuls Energy Forum,
10.1016/j.mtla.2023.101688,,10.1016/j.mtla.2023.101688_bib0005,Borowski,2012,Nuclear Thermal Propulsion (NTP): a proven growth technology for human NEO/Mars exploration missions,,
10.1016/j.mtla.2023.101688,10.1016/j.nucengdes.2018.02.036,10.1016/j.mtla.2023.101688_bib0006,Gates,2018,Low-enriched cermet-based fuel options for a nuclear thermal propulsion engine,Nucl. Eng. Des.,
10.1016/j.mtla.2023.101688,,10.1016/j.mtla.2023.101688_bib0007,Pink,2006,Refractory Metals and Their Alloys,,
10.1016/j.mtla.2023.101688,,10.1016/j.mtla.2023.101688_bib0008,Lambert,1990,Refractory metals and alloys,,
10.1016/j.mtla.2023.101688,,10.1016/j.mtla.2023.101688_bib0009,Hahn,1962,The effects of solutes on the ductile-to-brittle transition in refractory metals,,
10.1016/j.mtla.2023.101688,10.1016/0022-5088(69)90047-2,10.1016/j.mtla.2023.101688_bib0010,Raffo,1969,Yielding and fracture in tungsten and tungsten-rhenium alloys,J. Less Comm. Met.,
10.1016/j.mtla.2023.101688,,10.1016/j.mtla.2023.101688_bib0011,,,,,"G.A.H. Geach, J.R., The alloys of rhenium with molybdenum or with tungsten having good high temperature properties, in: F. Benesovsky (Ed.) Plansee Proceedings, Pergamon Press, London, 1955, pp. 245–253."
10.1016/j.mtla.2023.101688,,10.1016/j.mtla.2023.101688_bib0012,Jaffee,1958,,,
10.1016/j.mtla.2023.101688,10.1016/0001-6160(70)90132-X,10.1016/j.mtla.2023.101688_bib0013,Davidson,1970,Plastic deformation of molybdenum-rhenium alloy crystals,Acta Metall,
10.1016/j.mtla.2023.101688,10.1016/j.jallcom.2019.151685,10.1016/j.mtla.2023.101688_bib0014,Senkov,2019,Ductile Nb alloys with reduced density and cost,J. Alloys Compd.,
10.1016/j.mtla.2023.101688,10.1016/0079-6425(94)00007-7,10.1016/j.mtla.2023.101688_bib0015,Christian,1995,Deformation twinning,Progr. Mater. Sci.,
10.1016/j.mtla.2023.101688,10.1016/j.actamat.2020.06.031,10.1016/j.mtla.2023.101688_bib0016,Gao,2020,Determination of twinning path from broken symmetry: a revisit to deformation twinning in bcc metals,Acta mater,
10.1016/j.mtla.2023.101688,,10.1016/j.mtla.2023.101688_bib0017,,,,,"A.M. Utevsky, Diffraction Electron Microscopy in Metal Science, Metallurgia, Moscow, 1973 (in Russian)."
10.1016/j.mtla.2023.101688,10.1007/s11661-018-4646-8,10.1016/j.mtla.2023.101688_bib0018,Senkov,2018,Effect of cold deformation and annealing on the microstructure and tensile properties of a HfNbTaTiZr refractory high entropy alloy,Metall. Mater. Trans. A,
10.1016/j.mtla.2023.101688,10.1016/j.ijrmhm.2020.105467,10.1016/j.mtla.2023.101688_bib0019,Senkov,2021,"High-temperature mechanical properties and oxidation behavior of Hf-27Ta and Hf-21Ta-21X (X is Nb, Mo or W) alloys",Int. J. Refract. Met. Hard Mater.,
10.1016/j.mtla.2023.101688,10.1557/jmr.2018.61,10.1016/j.mtla.2023.101688_bib0020,Wertz,2018,Toward multi-principal component alloy discovery: assessment of CALPHAD thermodynamic databases for prediction of novel ternary alloy systems,J. Mater. Res.,
10.1016/j.mtla.2023.101688,,10.1016/j.mtla.2023.101688_bib0021,Kocks,1975,Thermodynamics and kinetics of slip,Progr. Mater. Sci.,
10.1016/j.mtla.2023.101688,10.1016/0079-6425(80)90001-8,10.1016/j.mtla.2023.101688_bib0022,Sevillano,1980,Large strain work hardening and textures,Progr. Mater. Sci.,
10.1016/j.mtla.2023.101688,,10.1016/j.mtla.2023.101688_bib0023,,,,,"G.E. Dieter, Mechanical Metallurgy, third ed., McGraw-Hill, Inc., NewYork, 1986."
10.1016/j.mtla.2023.101688,,10.1016/j.mtla.2023.101688_bib0024,Klopp,1960,,,
10.1016/j.mtla.2023.101688,10.1080/14786437108216988,10.1016/j.mtla.2023.101688_bib0025,Mahajan,1971,Twin-slip and twin-twin interactions in Mo-35 at.% Re alloy,Phil. Mag.,
10.1016/j.mtla.2023.101688,10.1007/s10853-012-6260-2,10.1016/j.mtla.2023.101688_bib0026,Senkov,2012,Microstructure and elevated temperature properties of a refractory TaNbHfZrTi alloy,J. Mater. Sci.,
10.1016/j.mtla.2023.101688,10.1016/j.actamat.2020.10.044,10.1016/j.mtla.2023.101688_bib0027,Wang,2020,Mechanical instability and tensile properties of TiZrHfNbTa high entropy alloy at cryogenic temperatures,Acta Mater,
10.1016/j.mtla.2023.101688,10.1016/j.jmst.2021.09.016,10.1016/j.mtla.2023.101688_bib0028,Wu,2022,Dislocation glide and mechanical twinning in a ductile VNbTi medium entropy alloy,J. Mater. Sci. Technol.,
10.1016/j.mtla.2023.101688,10.1016/j.msea.2021.140931,10.1016/j.mtla.2023.101688_bib0029,Zhang,2021,Deformation twinning in Ti48.9Zr32.0Nb12.6Ta6.5 medium entropy alloy,Mater. Sci. Eng. A,
10.1016/j.mtla.2023.101688,10.1016/j.actamat.2021.116758,10.1016/j.mtla.2023.101688_bib0030,Rao,2021,Theory of solid solution strengthening of BCC chemically complex alloys,Acta Mater.,
10.1016/j.mtla.2023.101688,10.1016/j.actamat.2019.10.015,10.1016/j.mtla.2023.101688_bib0031,Maresca,2020,Mechanistic origin of high strength in refractory BCC high entropy alloys up to 1900 K,Acta Mater.,
10.1016/j.mtla.2023.101688,10.1016/S1359-6454(01)00287-7,10.1016/j.mtla.2023.101688_bib0032,Zhou,2001,Atomic scale structure of sputtered metallic multilayers,Acta Mater.,
10.1016/j.mtla.2023.101688,10.1016/B978-0-12-803581-8.02878-2,10.1016/j.mtla.2023.101688_bib0033,Zhang,2016,Chapter 02878: deformation twinning (update),Reference Module in Materials Science and Materials Engineering,
10.1016/j.mtla.2023.101688,10.1016/S1359-6454(01)00300-7,10.1016/j.mtla.2023.101688_bib0034,Meyers,2001,The onset of twinning in metals: a constitutive description,Acta Mater.,
10.1016/j.mtla.2023.101688,10.1080/14786436308207311,10.1016/j.mtla.2023.101688_bib0035,Sleeswyk,1963,1/2<111>Screw dislocations and the nucleation of {112}<111>twins in the bcc lattice,Phlos. Mag.,
10.1016/j.mtla.2023.101688,10.1088/0965-0393/22/7/075010,10.1016/j.mtla.2023.101688_bib0036,Ojha,2014,Twin nucleation in Fe-based bcc alloys – modelling and experiments,Modell. Simul. Mater. Sci. Eng.,
10.1016/j.mtla.2023.101688,10.1080/09500839.2014.955547,10.1016/j.mtla.2023.101688_bib0037,Ojha,2014,Twinning stress prediction in bcc metals and alloys,Phil. Mag. Lett.,
10.1016/j.mtla.2023.101688,10.1016/j.actamat.2014.08.052,10.1016/j.mtla.2023.101688_bib0038,Luque,2014,A new mechanism for twin growth in Mg alloys,Acta Mater.,
10.1016/j.mtla.2023.101688,10.1007/BF02662666,10.1016/j.mtla.2023.101688_bib0039,Rosenberg,1971,Calculation of the Taylor factor in lattice rotations for bcc metals deforming by pencil glide,Metall. Trans.,
10.1016/j.mtla.2023.101688,10.1016/0001-6160(75)90049-8,10.1016/j.mtla.2023.101688_bib0040,Mahajan,1975,Interrelationship between slip and twinning in BCC crystals,Acta Metall.,
10.1016/j.mtla.2023.101688,,10.1016/j.mtla.2023.101688_bib0041,Armstrong,1973,A constitutive relation for deformation twinning in body centered cubic metals,,
10.1016/j.mtla.2023.101688,,10.1016/j.mtla.2023.101688_bib0042,,,,,"A. Rida, S.I. Rao, J. El-Awady, Twin nucleation at a gliding screw dislocation in a BCC Ti60Nb40 alloy. Unpublished work, 2022."
10.1016/j.mtla.2023.101688,10.1080/14786436508221852,10.1016/j.mtla.2023.101688_bib0043,Ogawa,1965,Edge dislocations dissociated in {112} planes and twinning mechanism of b.c.c. metals,Phil. Mag.,
10.1016/j.mtla.2023.101688,10.1051/metal/199794091037,10.1016/j.mtla.2023.101688_bib0044,Basinski,1997,The transformation of slip dislocations during twinning of copper-aluminum alloy crystals,Rev. Met. Paris,
10.1016/j.mtla.2023.101688,10.1007/s11661-006-0171-2,10.1016/j.mtla.2023.101688_bib0045,Salem,2006,Strain hardening due to deformation twinning in α-titanium: mechanisms,Metall. Mater. Trans. A,
10.1016/j.mtla.2023.101688,10.1002/adem.200300320,10.1016/j.mtla.2023.101688_bib0046,Kalidindi,2003,Role of deformation twinning on strain hardening in cubic and hexagonal polycrystalline metals,Adv. Eng. Mater.,
10.1016/j.mtla.2023.101688,10.1016/j.actamat.2019.02.013,10.1016/j.mtla.2023.101688_bib0047,Rao,2019,"Modeling solution hardening in BCC refractory complex concentrated alloys: NbTiZr, Nb1.5TiZr0.5 and Nb0.5TiZr1.5",Acta Mater.,
10.1016/j.mtla.2023.101688,,10.1016/j.mtla.2023.101688_bib0048,Rao,2022,Solid solution softening and hardening in BCC binary alloys,Acta Mater.,
10.1016/j.mtla.2023.101688,,10.1016/j.mtla.2023.101688_bib0049,Hiroshi,2015,Defects in Metals,,
10.1016/j.mtla.2023.101688,,10.1016/j.mtla.2023.101688_bib0050,Dai,2009,Long range empirical potential model: extension to hexagonal close-packed metals,J. Phys.: Condens. Matter,
10.1016/j.scriptamat.2012.02.042,,10.1016/j.scriptamat.2012.02.042_b0005,Briggs,1965,,,
10.1016/j.scriptamat.2012.02.042,10.1016/j.scriptamat.2009.10.037,10.1016/j.scriptamat.2012.02.042_b0010,Pešicka,2010,,Scripta Mater.,
10.1016/j.scriptamat.2012.02.042,10.1016/j.msea.2004.01.091,10.1016/j.scriptamat.2012.02.042_b0015,Szabó,2004,,Mater. Sci. Eng. A,
10.1016/j.scriptamat.2012.02.042,10.2320/matertrans.44.239,10.1016/j.scriptamat.2012.02.042_b0020,Endo,2003,,Mater. Trans.,
10.1016/j.scriptamat.2012.02.042,10.1016/j.msea.2004.01.057,10.1016/j.scriptamat.2012.02.042_b0025,Abe,2004,,Mater. Sci. Eng. A,
10.1016/j.scriptamat.2012.02.042,10.1016/j.msea.2008.11.070,10.1016/j.scriptamat.2012.02.042_b0030,Tak,2009,,Mater. Sci. Eng. A,
10.1016/j.scriptamat.2012.02.042,10.1016/j.actamat.2009.07.010,10.1016/j.scriptamat.2012.02.042_b0035,Aghajani,2009,,Acta Mater.,
10.1016/j.scriptamat.2012.02.042,10.1016/0001-6160(89)90194-6,10.1016/j.scriptamat.2012.02.042_b0040,Eggeler,1989,,Acta Metall.,
10.1016/j.scriptamat.2012.02.042,10.1016/j.msea.2008.04.121,10.1016/j.scriptamat.2012.02.042_b0045,Sauzay,2009,,Mater. Sci. Eng. A,
10.1016/j.scriptamat.2012.02.042,10.1002/srin.199101253,10.1016/j.scriptamat.2012.02.042_b0050,Blum,1991,,Steel Res.,
10.1016/j.scriptamat.2012.02.042,10.3139/146.030511,10.1016/j.scriptamat.2012.02.042_b0055,Dronhofer,2003,,Z. Metallkd.,
10.1016/j.scriptamat.2012.02.042,10.1080/01411594.2010.502054,10.1016/j.scriptamat.2012.02.042_b0060,Barcelo,2010,,Phase Transitions,
10.1016/j.scriptamat.2012.02.042,10.1016/j.matchar.2006.08.014,10.1016/j.scriptamat.2012.02.042_b0065,Sonderegger,2007,,Mater. Charact.,
10.1016/j.scriptamat.2012.02.042,10.1016/j.msea.2007.01.077,10.1016/j.scriptamat.2012.02.042_b0070,Sanchez-Hanton,2007,,Mater. Sci. Eng. A,
10.1016/j.scriptamat.2012.02.042,10.1016/S1359-6454(02)00577-3,10.1016/j.scriptamat.2012.02.042_b0075,Morito,2003,,Acta Mater.,
10.1016/j.scriptamat.2012.02.042,10.1016/j.actamat.2005.11.001,10.1016/j.scriptamat.2012.02.042_b0080,Kitahara,2006,,Acta Mater.,
10.1016/j.scriptamat.2012.02.042,10.1007/s10853-010-5241-6,10.1016/j.scriptamat.2012.02.042_b0085,Kinoshita,2011,,J. Mater. Sci.,
10.1016/j.scriptamat.2012.02.042,10.1007/BF01397346,10.1016/j.scriptamat.2012.02.042_b0090,Kurdjumow,1930,,Z. Physik.,
10.1016/j.scriptamat.2012.02.042,,10.1016/j.scriptamat.2012.02.042_b0095,Nishiyama,1934,,Sci. Rep. Tôhoku Imp. Univ.,
10.1016/j.scriptamat.2012.02.042,,10.1016/j.scriptamat.2012.02.042_b0100,Wassermann,1935,,Mitt. Kaiser-Wilhelm Inst. Eisenforsch. Düsseldorf,
10.1016/j.scriptamat.2012.02.042,,10.1016/j.scriptamat.2012.02.042_b0105,Greninger,1940,,Met. Technol.,
10.1016/j.scriptamat.2012.02.042,,10.1016/j.scriptamat.2012.02.042_b0110,Bhadeshia,2006,,,
10.1016/j.scriptamat.2012.02.042,10.1179/026708300773002636,10.1016/j.scriptamat.2012.02.042_b0115,Gourgues,2000,,Mater. Sci. Technol.,
10.1016/j.scriptamat.2012.02.042,,10.1016/j.scriptamat.2012.02.042_b0120,,,,,"A. Aghajani Bazazi, PhD Thesis, Ruhr-Universität Bochum, 2009."
10.1016/j.scriptamat.2012.02.042,10.1107/S010876730503686X,10.1016/j.scriptamat.2012.02.042_b0125,Cayron,2006,,Acta Crystallogr. A,
10.1016/j.scriptamat.2012.02.042,10.1016/j.actamat.2010.08.001,10.1016/j.scriptamat.2012.02.042_b0130,Miyamoto,2010,,Acta Mater.,
10.1016/j.scriptamat.2012.02.042,10.1016/j.matchar.2006.03.008,10.1016/j.scriptamat.2012.02.042_b0135,Cayron,2006,,Mater. Charact.,
10.1016/j.scriptamat.2017.04.018,,10.1016/j.scriptamat.2017.04.018_bb0005,Reed,2008,,,
10.1016/j.scriptamat.2017.04.018,,10.1016/j.scriptamat.2017.04.018_bb0010,DeMania,2002,Recovery and Recrystallization in Nickel-Based Superalloy René 88 DT,,
10.1016/j.scriptamat.2017.04.018,10.1007/PL00020066,10.1016/j.scriptamat.2017.04.018_bb0015,Bee,1980,,J. Mater. Sci.,
10.1016/j.scriptamat.2017.04.018,10.1007/s11661-010-0251-1,10.1016/j.scriptamat.2017.04.018_bb0020,Tu,2010,,Metall. Mater. Trans. A,
10.1016/j.scriptamat.2017.04.018,,10.1016/j.scriptamat.2017.04.018_bb0025,Payton,2008,,,
10.1016/j.scriptamat.2017.04.018,10.1016/j.actamat.2012.11.009,10.1016/j.scriptamat.2017.04.018_bb0030,Payton,2013,,Acta Mater.,
10.1016/j.scriptamat.2017.04.018,10.1016/j.jallcom.2016.07.240,10.1016/j.scriptamat.2017.04.018_bb0035,Charpagne,2016,,J. Alloy Compd.,
10.1016/j.scriptamat.2017.04.018,,10.1016/j.scriptamat.2017.04.018_bb0040,Charpagne,2016,,,
10.1016/j.scriptamat.2017.04.018,,10.1016/j.scriptamat.2017.04.018_bb0045,Christian,2002,"Recovery, Recrystallization and Grain Growth",,
10.1016/j.scriptamat.2017.04.018,10.1098/rspa.1957.0133,10.1016/j.scriptamat.2017.04.018_bb0050,Eshelby,1957,,Proc. R. Soc. A,
10.1016/j.scriptamat.2017.04.018,10.1098/rspa.1959.0173,10.1016/j.scriptamat.2017.04.018_bb0055,Eshelby,1959,,Proc. R. Soc. A,
10.1016/j.scriptamat.2017.04.018,,10.1016/j.scriptamat.2017.04.018_bb0060,Bower,2010,,,
10.1016/j.scriptamat.2017.04.018,10.1007/BF02643569,10.1016/j.scriptamat.2017.04.018_bb0065,Grose,1981,,Metall. Trans. A,
10.1016/j.scriptamat.2017.04.018,10.1063/1.3253127,10.1016/j.scriptamat.2017.04.018_bb0070,Ledbetter,1973,,J. Phys. Chem. Ref. Data,
10.1016/j.scriptamat.2017.04.018,,10.1016/j.scriptamat.2017.04.018_bb0075,Humphreys,2004,,,
10.1016/j.scriptamat.2017.04.018,,10.1016/j.scriptamat.2017.04.018_bb0080,Muzyka,1979,,,
10.1016/j.scriptamat.2017.04.018,10.1007/s11661-013-1675-1,10.1016/j.scriptamat.2017.04.018_bb0085,Semiatin,2013,,Metall. Mater. Trans. A,
10.1016/j.scriptamat.2017.04.018,10.1016/0001-6160(77)90109-2,10.1016/j.scriptamat.2017.04.018_bb0090,Humphreys,1977,,Acta Metall.,
10.1016/j.scriptamat.2017.04.018,,10.1016/j.scriptamat.2017.04.018_bb0095,Payton,2009,Characterization and Modeling of Grain Coarsening in Powder Metallurgical Nickel-Based Superalloys,,
10.1016/j.scriptamat.2017.04.018,,10.1016/j.scriptamat.2017.04.018_bb0100,Olson,2008,,,
10.1016/j.scriptamat.2017.04.018,10.1016/j.actamat.2006.08.012,10.1016/j.scriptamat.2017.04.018_bb0105,Shen,2006,,Acta Mater.,
10.1016/j.scriptamat.2017.04.018,10.4028/www.scientific.net/MSF.753.321,10.1016/j.scriptamat.2017.04.018_bb0110,Bozzolo,2013,,Mater. Sci. Forum,
10.1016/j.scriptamat.2017.04.018,10.1007/s11661-001-0182-y,10.1016/j.scriptamat.2017.04.018_bb0115,Cho,2001,,Metall. Mater. Trans. A,
10.1016/j.scriptamat.2017.04.018,10.1007/s11661-016-3329-6,10.1016/j.scriptamat.2017.04.018_bb0120,Miller,2016,,Metall. Mater. Trans. A,
10.1016/j.scriptamat.2017.04.018,,10.1016/j.scriptamat.2017.04.018_bb0125,Decker,1957,,,
10.1017/s1431927613000305,10.1002/sia.2093,S1431927613000305_ref020,,,,,
10.1017/s1431927613000305,,S1431927613000305_ref008,,,,,"Dziaszyk S. (2010). Gefügecharakterisierung von Mehrphasenstählen mittels Orientierungsmikroskopie und Nanoindentierung. PhD Dissertation. Bochum, Germany: Ruhr-Universität Bochum."
10.1017/s1431927613000305,10.1017/S1431927603030137,S1431927613000305_ref007,,,,,
10.1017/s1431927613000305,10.1016/S0968-4328(97)00032-2,S1431927613000305_ref029,,,,,
10.1017/s1431927613000305,10.1016/j.minpro.2006.07.018,S1431927613000305_ref010,,,,,
10.1017/s1431927613000305,,S1431927613000305_ref011,Goldstein,2007,,,
10.1017/s1431927613000305,10.1016/j.ultramic.2006.10.006,S1431927613000305_ref031,,,,,
10.1017/s1431927613000305,10.1007/978-0-387-88136-2_7,S1431927613000305_ref005,,,,,
10.1017/s1431927613000305,10.4028/www.scientific.net/SSP.160.63,S1431927613000305_ref001,,,,,
10.1017/s1431927613000305,,S1431927613000305_ref012,Harding,2002,Mineral identification using a scanning electron microscope,Miner Metall Proc,
10.1017/s1431927613000305,10.1002/sca.4950280105,S1431927613000305_ref027,,,,,
10.1017/s1431927613000305,10.1017/S1431927611000456,S1431927613000305_ref017,,,,,
10.1017/s1431927613000305,10.1016/j.ijggc.2011.05.029,S1431927613000305_ref013,,,,,
10.1017/s1431927613000305,,S1431927613000305_ref028,,,,,"Wernicke A. , Joost R. , Ehlert U.-D. , Ciampa M. , Hardelin J. , Falappa A. , Quiñones M. , Antl I. , Ji-Hui C. , Shmyrev N. , Bernharsson A. , Nylander D. , Stawiarska P. , Stuestøl K. , Pitonyak A. & SimaMoto R. (2010). GNU Image Manipulation Program: User manual. Available at http://www.gimp.org/ (accessed August 31, 2012)."
10.1017/s1431927613000305,,S1431927613000305_ref004,,,,,"Day A. (1993). Developments in the EBSP technique and their application to grain imaging. PhD Thesis. Bristol, UK: Bristol University."
10.1017/s1431927613000305,10.1007/978-0-387-88136-2_6,S1431927613000305_ref009,,,,,
10.1017/s1431927613000305,10.1017/S1431927606060090,S1431927613000305_ref032,,,,,
10.1017/s1431927613000305,10.2138/am-1999-11-1204,S1431927613000305_ref018,,,,,
10.1017/s1431927613000305,10.1180/minmag.1996.060.403.01,S1431927613000305_ref019,,,,,
10.1017/s1431927613000305,,S1431927613000305_ref023,Schneider,2004,,,
10.1017/s1431927613000305,10.1002/sca.4950210303,S1431927613000305_ref002,,,,,
10.1017/s1431927613000305,10.1180/minmag.1987.051.359.02,S1431927613000305_ref014,,,,,
10.1017/s1431927613000305,10.1007/978-1-4757-3205-4,S1431927613000305_ref024,,,,,
10.1017/s1431927613000305,,S1431927613000305_ref025,Schwarzer,2009,,,
10.1017/s1431927613000305,,S1431927613000305_ref035,Zupanič,2010,,,
10.1017/s1431927613000305,10.2355/isijinternational.45.254,S1431927613000305_ref033,,,,,
10.1017/s1431927613000305,,S1431927613000305_ref006,,,,,"Donovan J.J. (2011). An update on electron backscatter and mass effect. Available at http://epmalab.uoregon.edu/BSE.htm (accessed February 7, 2012)."
10.1017/s1431927613000305,10.1002/srin.197304509,S1431927613000305_ref003,,,,,
10.1017/s1431927613000305,10.1016/S1044-5803(01)00140-1,S1431927613000305_ref030,,,,,
10.1017/s1431927613000305,10.1016/j.matchar.2010.09.004,S1431927613000305_ref034,,,,,
10.1017/s1431927613000305,10.1179/174328406X130948,S1431927613000305_ref022,,,,,
10.1017/s1431927613000305,10.1016/j.msea.2008.11.070,S1431927613000305_ref026,,,,,
10.1017/s1431927613000305,10.1017/S1431927609990407,S1431927613000305_ref021,,,,,
10.1017/s1431927613000305,10.1002/sca.20244,S1431927613000305_ref015,,,,,
10.1017/s1431927613000305,10.1111/j.0022-2720.2004.01299.x,S1431927613000305_ref016,,,,,
10.1017/s1431927619014569,10.1017/S1431927613000305,S1431927619014569_ref59,,,,,
10.1017/s1431927619014569,10.1109/DICTA.2015.7371241,S1431927619014569_ref6,,,,,"Beheshti, M , Faichney, J & Gharipour, A (2015). Bio-Cell Image Segmentation using Bayes Graph-Cut Model."
10.1017/s1431927619014569,10.1111/j.1365-2818.2009.03349.x,S1431927619014569_ref24,Faessel,2010,Segmentation of 3D microtomographic images of granular materials with the stochastic watershed,J Microsc,
10.1017/s1431927619014569,,S1431927619014569_ref70,,,,,"Shinozaki, T , Nakanishi, T , Suzuki, K & Miura, H (2016). Measurement of the strength of a grain boundary in electroplated copper thin-film interconnections by using micro tensile-test, 2016. IEEE 37th International Electronics Manufacturing Technology (IEMT) 18th Electronics Materials and Packaging (EMAP) Conference , 1–5."
10.1017/s1431927619014569,10.1080/01621459.1987.10478393,S1431927619014569_ref52,,,,,
10.1017/s1431927619014569,10.1109/83.298395,S1431927619014569_ref93,,,,,
10.1017/s1431927619014569,10.1016/0026-0800(75)90051-8,S1431927619014569_ref85,,,,,
10.1017/s1431927619014569,10.1109/83.869185,S1431927619014569_ref18,Comer,2000,The EM/MPM algorithm for segmentation of textured images: Analysis and further experimental results,IEEE Trans Image Process,
10.1017/s1431927619014569,,S1431927619014569_ref32,Hata,2017,Development of a Re-construction method of prior austenite microstructure using EBSD data of martensite,Nippon Steel and Sumitomo Metal Technical Report,
10.1017/s1431927619014569,10.1016/j.matdes.2017.12.049,S1431927619014569_ref12,,,,,
10.1017/s1431927619014569,10.1017/S1431927607070900,S1431927619014569_ref75,,,,,
10.1017/s1431927619014569,10.1016/j.actamat.2008.09.030,S1431927619014569_ref68,,,,,
10.1017/s1431927619014569,10.1109/ICIP.2014.7025985,S1431927619014569_ref22,,,,,
10.1017/s1431927619014569,10.1109/ICPR.2010.367,S1431927619014569_ref49,,,,,
10.1017/s1431927619014569,10.1016/0956-7151(90)90180-O,S1431927619014569_ref43,,,,,
10.1017/s1431927619014569,10.1109/TIP.2013.2284071,S1431927619014569_ref83,,,,,
10.1017/s1431927619014569,10.1016/j.msea.2006.10.023,S1431927619014569_ref62,,,,,
10.1017/s1431927619014569,,S1431927619014569_ref31,Greninger,1949,The mechanism of martensite formation,Metals Transactions,
10.1017/s1431927619014569,10.1016/j.matchar.2011.04.003,S1431927619014569_ref61,Payton,2011,Stereology of backscatter electron images of etched surfaces for characterization of particle size distributions and volume fractions: Estimation of imaging bias Via monte carlo simulations,Mater Charact,
10.1017/s1431927619014569,,S1431927619014569_ref39,,,,,"Iyer, G , Chanussot, J & Bertozzi, A (2017). A graph-based approach for feature extraction and segmentation of multimodal images, 2017. IEEE International Conference on Image Processing (ICIP), 3320–3324."
10.1017/s1431927619014569,,S1431927619014569_ref19,Cook,1998,,,
10.1017/s1431927619014569,,S1431927619014569_ref90,,,,,"Yardley, V , Payton, E , Matsuzaki, T , Sugiura, R Jr. , Tsurekawa, AY , S & Hasegawa, Y (2012). EBSD analysis of creep cracking in a 12 wt.% Cr tempered martensite ferritic steel. Proceedings of the 12th international conference on creep and fracture of engineering materials and structures, Kyoto, Japan ."
10.1017/s1431927619014569,,S1431927619014569_ref71,Simmons,2009,Application and further development of advanced image processing algorithms for automated analysis of serial section image data,Mod Sim Mat Sci Eng,
10.1017/s1431927619014569,10.1016/j.actamat.2009.08.053,S1431927619014569_ref51,,,,,
10.1017/s1431927619014569,10.1063/1.2770961,S1431927619014569_ref54,,,,,
10.1017/s1431927619014569,10.1016/j.msea.2011.01.030,S1431927619014569_ref28,,,,,
10.1017/s1431927619014569,10.1016/j.actamat.2005.11.001,S1431927619014569_ref45,,,,,
10.1017/s1431927619014569,,S1431927619014569_ref16,Cluff,2018,Crystallographic reconstruction of parent austenite twin boundaries in a lath martensitic steel,Int Conf Ser: Mat Sci Eng,
10.1017/s1431927619014569,10.1007/BF02652208,S1431927619014569_ref35,,,,,
10.1017/s1431927619014569,,S1431927619014569_ref81,,,,,"Uchic, M & MacSleyne, J (2006). Ground Truth Segmentation Image, http://www.bluequartz.net/binaries/Data/Rene88DT-GT.zip, [Online; accessed 08-August-2018]."
10.1017/s1431927619014569,10.1016/j.media.2009.05.004,S1431927619014569_ref33,,,,,
10.1017/s1431927619014569,10.1016/j.matchar.2012.01.010,S1431927619014569_ref1,,,,,
10.1017/s1431927619014569,,S1431927619014569_ref34,Hong,1989,Effect of prior austenite grain size on creep properties and on creep crack growth in 3.5-Ni-Cr-Mo-V steel,Scr Mater,
10.1017/s1431927619014569,,S1431927619014569_ref8,Bovik,2000,,,
10.1017/s1431927619014569,10.2355/isijinternational.51.130,S1431927619014569_ref41,Kang,2011,Phase analysis of steels by grain-averaged EBSD functions,Iron Steel Inst Japan Int,
10.1017/s1431927619014569,10.1109/I3A.2014.22,S1431927619014569_ref69,,,,,
10.1017/s1431927619014569,10.1109/TPAMI.1986.4767769,S1431927619014569_ref80,,,,,
10.1017/s1431927619014569,10.1016/j.msea.2009.12.037,S1431927619014569_ref60,,,,,
10.1017/s1431927619014569,10.1007/s11661-018-4977-5,S1431927619014569_ref11,,,,,
10.1017/s1431927619014569,10.1109/TIP.2010.2090533,S1431927619014569_ref4,,,,,
10.1017/s1431927619014569,10.1111/j.1365-2818.2008.02010.x,S1431927619014569_ref91,,,,,
10.1017/s1431927619014569,,S1431927619014569_ref76,,,,,"Tan, W (2017). Investigations of phase transformations in AISI 5160 steel and partially stabilized zirconia via electron backscatter diffraction based techniques. PhD Thesis. Alfred University."
10.1017/s1431927619014569,10.1109/IWW-BCI.2013.6506639,S1431927619014569_ref48,,,,,
10.1017/s1431927619014569,10.1109/CRV.2011.42,S1431927619014569_ref2,,,,,
10.1017/s1431927619014569,10.1007/978-3-642-39479-9_22,S1431927619014569_ref94,,,,,
10.1017/s1431927619014569,10.1007/BF02659924,S1431927619014569_ref20,,,,,
10.1017/s1431927619014569,10.1007/BF02646706,S1431927619014569_ref5,,,,,
10.1017/s1431927619014569,10.1007/s00170-014-6758-7,S1431927619014569_ref79,,,,,
10.1017/s1431927619014569,10.1016/S1359-6454(02)00577-3,S1431927619014569_ref55,,,,,
10.1017/s1431927619014569,10.1109/TIP.2005.852196,S1431927619014569_ref14,,,,,
10.1017/s1431927619014569,10.1017/S1431927617000320,S1431927619014569_ref92,,,,,
10.1017/s1431927619014569,10.1016/S1044-5803(97)00154-X,S1431927619014569_ref27,,,,,
10.1017/s1431927619014569,,S1431927619014569_ref72,Soni,2014,Problem of denoising in digital image processing and its solving techniques,Int J Emerging Technol Adv Eng,
10.1017/s1431927619014569,10.1007/BF02644284,S1431927619014569_ref67,,,,,
10.1017/s1431927619014569,,S1431927619014569_ref77,,,,,"Tan, W , Lipke, D , Dziaszyk, S & Payton, E (2018). On Quantitatively Identifying Different Constituents in Multicomponent Steel Microstructures in EBSD, Manuscript submitted for publication ."
10.1017/s1431927619014569,,S1431927619014569_ref57,Otsu,1979,A threshold selection method from gray-level histograms,IEEE Trans Syst,
10.1017/s1431927619014569,10.1155/2016/1745839,S1431927619014569_ref65,,,,,
10.1017/s1431927619014569,10.1109/TIT.1982.1056489,S1431927619014569_ref50,,,,,
10.1017/s1431927619014569,10.1109/ISCAS.2010.5536961,S1431927619014569_ref15,,,,,
10.1017/s1431927619014569,10.1109/42.811261,S1431927619014569_ref53,,,,,
10.1017/s1431927619014569,,S1431927619014569_ref64,Preethi,2012,A survey on image denoising techniques,Int J Comput Appl,
10.1017/s1431927619014569,10.1016/j.scriptamat.2012.02.042,S1431927619014569_ref58,,,,,
10.1017/s1431927619014569,10.1016/j.ultramic.2014.11.015,S1431927619014569_ref25,Felfer,2015,"Detecting and extracting clusters in atom probe data: A simple, automated method using voronoi cells",Ultramicroscopy,
10.1017/s1431927619014569,10.1016/S0005-1098(96)00168-9,S1431927619014569_ref40,,,,,
10.1017/s1431927619014569,10.1080/01411594.2011.582379,S1431927619014569_ref23,,,,,
10.1017/s1431927619014569,10.1016/0885-064X(88)90024-6,S1431927619014569_ref63,,,,,
10.1017/s1431927619014569,10.1109/ICIP.1994.413651,S1431927619014569_ref17,,,,,
10.1017/s1431927619014569,10.1017/S1431927611000055,S1431927619014569_ref87,,,,,
10.1017/s1431927619014569,,S1431927619014569_ref21,Despotović,2010,,,
10.1017/s1431927619014569,10.5244/C.24.38,S1431927619014569_ref38,,,,,
10.1017/s1431927619014569,,S1431927619014569_ref86,,,,,"Wills, J , Agarwal, S & Belongie, S (2003). What went where [motion segmentation], Computer Vision and Pattern Recognition, 2003. Proceedings. 2003 IEEE Computer Society Conference on, vol. 1, I–I, IEEE."
10.1017/s1431927619014569,,S1431927619014569_ref73,Sosa,2014,Development and application of MIPART m : A novel software package for Two- and three-dimensional microstructural characterization,Integrating Mat Manuf Innovation,
10.1017/s1431927619014569,10.1109/TPAMI.2004.60,S1431927619014569_ref9,,,,,
10.1017/s1431927619014569,10.1107/S002188981003027X,S1431927619014569_ref3,,,,,
10.1017/s1431927619014569,10.1088/0266-5611/5/4/008,S1431927619014569_ref56,,,,,
10.1017/s1431927619014569,10.1145/48014.61051,S1431927619014569_ref29,,,,,
10.1017/s1431927619014569,10.1016/j.matchar.2013.12.014,S1431927619014569_ref7,,,,,
10.1017/s1431927619014569,,S1431927619014569_ref10,Boykov,2006,,,
10.1017/s1431927619014569,10.1109/CVPR.2003.1211420,S1431927619014569_ref82,,,,,
10.1017/s1431927619014569,10.2355/isijinternational.45.254,S1431927619014569_ref88,,,,,
10.1017/s1431927619014569,10.1515/9781400875184,S1431927619014569_ref26,,,,,
10.1017/s1431927619014569,10.1111/j.2517-6161.1989.tb01764.x,S1431927619014569_ref30,Greig,1989,Exact Maximum A posteriori estimation for binary images,J Roy Stats Soc,
10.1017/s1431927619014569,,S1431927619014569_ref44,Kimura,1987,Effect of prior austenite grain size on high temperature creep properties of Cr-Mo-V rotor steel,Scr Mater,
10.1017/s1431927619014569,10.1179/1743284714Y.0000000603,S1431927619014569_ref89,,,,,
10.1017/s1431927619014569,10.1007/BF01397346,S1431927619014569_ref46,,,,,
10.1017/s1431927619014569,10.1016/0026-0800(79)90041-7,S1431927619014569_ref47,,,,,
10.1017/s1431927619014569,10.1557/PROC-650-R6.6,S1431927619014569_ref37,,,,,"Hyde, J & English, C (2000). An Analysis of the Structure of Irradiation Induced Cu-Enriched Clusters in Low and High Nickel Welds. Symposium of Microstructural Processes in Irradiated Materials , 27–30."
10.1017/s1431927619014569,10.1016/S0921-5093(98)00820-X,S1431927619014569_ref36,,,,,
10.1017/s1431927619014569,10.1016/j.mee.2003.11.010,S1431927619014569_ref42,Keller,2004,EBSD measurement of strains in GaAs due to oxidation of buried AlGaAs layers,Microelectron Eng,
10.1017/s1431927619014569,10.1007/s00138-014-0616-3,S1431927619014569_ref84,,,,,
10.1017/s1431927619014569,10.1155/2013/217021,S1431927619014569_ref66,,,,,
10.1017/s1431927619014569,10.1107/S0021889807048777,S1431927619014569_ref13,,,,,
10.1017/s1431927619014569,10.1111/j.2517-6161.1996.tb02080.x,S1431927619014569_ref78,Tibshirani,1996,Regression shrinkage and selection via the LASSO,J R Statistical Soc Ser B (Methodological),
10.1017/s1431927619014569,,S1431927619014569_ref74,Soubies,2015,,,
10.1017/s1431927621012484,10.1016/j.matchar.2014.06.023,S1431927621012484_ref1,,,,,
10.1017/s1431927621012484,,S1431927621012484_ref58,Sinha,2019,Correlative microscopy for quantification of prior austenite grain size in AF9628 steel,Mater Charact,
10.1017/s1431927621012484,,S1431927621012484_ref10,Bhadeshia,2006,,,
10.1017/s1431927621012484,10.1016/j.actamat.2004.08.011,S1431927621012484_ref28,,,,,
10.1017/s1431927621012484,10.1016/j.matchar.2013.12.014,S1431927621012484_ref9,,,,,
10.1017/s1431927621012484,10.1016/0001-6160(54)90102-9,S1431927621012484_ref11,,,,,
10.1017/s1431927621012484,10.1107/S002188981003027X,S1431927621012484_ref6,,,,,
10.1017/s1431927621012484,10.1179/1743284714Y.0000000603,S1431927621012484_ref71,,,,,
10.1017/s1431927621012484,10.1016/j.scriptamat.2009.05.015,S1431927621012484_ref42,,,,,
10.1017/s1431927621012484,10.1016/j.actamat.2010.08.001,S1431927621012484_ref45,,,,,
10.1017/s1431927621012484,,S1431927621012484_ref30,,,,,"Hata, K , Wakita, M , Fujiwara, K & Kawano, K (2017). Development of a reconstruction method of prior austenite microstructure using EBSD data of martensite. Nippon Steel and Sumitomo Metal Technical Report 114, pp. 26–31."
10.1017/s1431927621012484,10.2320/matertrans.MRA2008409,S1431927621012484_ref47,,,,,
10.1017/s1431927621012484,,S1431927621012484_ref69,Wechsler,1953,On the theory of the formation of martensite,Trans AIME,
10.1017/s1431927621012484,10.1007/BF02646706,S1431927621012484_ref8,,,,,
10.1017/s1431927621012484,10.1107/S0021889807048777,S1431927621012484_ref20,,,,,
10.1017/s1431927621012484,,S1431927621012484_ref14,Boykov,2006,,,
10.1017/s1431927621012484,,S1431927621012484_ref73,,,,,"Yardley, VA , Payton, EJ , Matsuzaki, T , Sugiura, R , Yokobori, AT Jr , Tsurekawa, S & Hasegawa, Y (2012). EBSD analysis of creep cracking in a 12 wt% Cr tempered martensite ferritic steel. Proceedings of the 12th International Conference on Creep and Fracture of Engineering Materials and Structures, Kyoto, Japan."
10.1017/s1431927621012484,,S1431927621012484_ref22,Ford,1962,,,
10.1017/s1431927621012484,,S1431927621012484_ref27,Greninger,1949,The mechanism of martensite formation,Metals Trans,
10.1017/s1431927621012484,,S1431927621012484_ref7,Bain,1924,The nature of martensite,Trans Am Inst Min Metall Eng,
10.1017/s1431927621012484,,S1431927621012484_ref21,Cluff,2018,Crystallographic reconstruction of parent austenite twin boundaries in a lath martensitic steel,Int Conf Ser: Mater Sci Eng,
10.1017/s1431927621012484,10.1016/j.actamat.2005.11.001,S1431927621012484_ref37,,,,,
10.1017/s1431927621012484,10.1007/s13632-017-0403-4,S1431927621012484_ref60,,,,,
10.1017/s1431927621012484,,S1431927621012484_ref52,Nishiyama,1978,,,
10.1017/s1431927621012484,10.1016/0001-6160(57)90018-4,S1431927621012484_ref41,,,,,
10.1017/s1431927621012484,10.1007/BF02644037,S1431927621012484_ref62,,,,,
10.1017/s1431927621012484,10.1016/j.scriptamat.2009.02.053,S1431927621012484_ref46,,,,,
10.1017/s1431927621012484,10.1179/1743284714Y.0000000572,S1431927621012484_ref72,,,,,
10.1017/s1431927621012484,10.1016/0001-6160(54)90103-0,S1431927621012484_ref40,,,,,
10.1017/s1431927621012484,,S1431927621012484_ref67,Wassermann,1935,Über den Mechanismus der α − >γ Umwandlung des Eisens (On the mechanism of the α − >γ transformation of iron),Mitt Kaiser-Wilhelm Inst Eisenforsch,
10.1017/s1431927621012484,10.1007/BF02652208,S1431927621012484_ref33,,,,,
10.1017/s1431927621012484,10.1520/MPC20150010,S1431927621012484_ref70,Weyand,2015,Investigation of austenite evolution in low-carbon steel by combining thermo-mechanical simulation and EBSD data,Mater Perform Charact,
10.1017/s1431927621012484,,S1431927621012484_ref5,,,,,"ASTM E2627-23 (2013). Standard practice for determining average grain size using electron backscatter diffraction (EBSD) in fully polycrystalline materials. Tech. Rep. West Conshohocken, PA: ASTM International."
10.1017/s1431927621012484,,S1431927621012484_ref3,,,,,"ASTM Committee E04 on Metallography SEoXR & Metallography E (2013). An interlaboratory study was conducted by seventeen laboratories testing one material to establish a precision statement for test method E2627. Technical Report RR-E04-1008. West Conshohocken, PA: ASTM International."
10.1017/s1431927621012484,10.1016/j.actamat.2012.04.034,S1431927621012484_ref23,,,,,
10.1017/s1431927621012484,10.1016/j.scriptamat.2012.02.042,S1431927621012484_ref55,,,,,
10.1017/s1431927621012484,10.2320/matertrans.M2013079,S1431927621012484_ref63,,,,,
10.1017/s1431927621012484,10.1016/j.msea.2012.01.018,S1431927621012484_ref50,,,,,
10.1017/s1431927621012484,,S1431927621012484_ref66,Vilella,1938,,,
10.1017/s1431927621012484,10.1016/0001-6160(62)90052-4,S1431927621012484_ref13,,,,,
10.1017/s1431927621012484,,S1431927621012484_ref61,Swarr,1975,,,
10.1017/s1431927621012484,,S1431927621012484_ref19,,,,,"Cahn, J & Kalonji, G (1982). Symmetry in solid state transformation morphologies. Proceedings of an International Conference on Solid-Solid Phase Transformations, p. 3."
10.1017/s1431927621012484,,S1431927621012484_ref32,Hong,1989,Effect of prior austenite grain size on creep properties and on creep crack growth in 3.5-Ni-Cr-Mo-V steel,Scr Mater,
10.1017/s1431927621012484,10.1007/BF01397346,S1431927621012484_ref39,,,,,
10.1017/s1431927621012484,,S1431927621012484_ref17,Brust,2018,Analysis of misorientation relationships between austenite parents and twins,Metall Mater Trans A,
10.1017/s1431927621012484,10.1109/34.969114,S1431927621012484_ref15,,,,,
10.1017/s1431927621012484,10.1111/j.2517-6161.1989.tb01764.x,S1431927621012484_ref26,Greig,1989,Exact maximum a posteriori estimation for binary images,J R Statist Soc B,
10.1017/s1431927621012484,10.1109/ICCV.2007.4408970,S1431927621012484_ref36,,,,,
10.1017/s1431927621012484,10.1016/0001-6160(54)90163-7,S1431927621012484_ref12,,,,,
10.1017/s1431927621012484,10.1007/s11661-016-3462-2,S1431927621012484_ref53,,,,,
10.1017/s1431927621012484,,S1431927621012484_ref44,Miller,1949,Ferric chloride etchant for austenite grain size of low-carbon steel,Prog Mater Sci,
10.1017/s1431927621012484,10.1088/1757-899X/82/1/012059,S1431927621012484_ref25,,,,,
10.1017/s1431927621012484,10.1016/j.msea.2005.12.048,S1431927621012484_ref49,,,,,
10.1017/s1431927621012484,10.1016/j.scriptamat.2010.09.016,S1431927621012484_ref34,,,,,
10.1017/s1431927621012484,10.1007/s11661-016-3525-4,S1431927621012484_ref31,,,,,
10.1017/s1431927621012484,10.1093/biomet/57.1.97,S1431927621012484_ref29,,,,,
10.1017/s1431927621012484,10.31399/asm.tb.mpp.9781627082600,S1431927621012484_ref64,Vander Voort,1984,,,
10.1017/s1431927621012484,,S1431927621012484_ref54,,,,,"Payton, E (2009). Characterization and modeling grain coarsening in power metallurgical nickel-based superalloys. PhD Thesis. The Ohio State University."
10.1017/s1431927621012484,10.1016/j.matchar.2004.12.015,S1431927621012484_ref38,,,,,
10.1017/s1431927621012484,10.1107/S0021889813008522,S1431927621012484_ref2,,,,,
10.1017/s1431927621012484,,S1431927621012484_ref51,,,,,"Nishiyama, Z (1934). X-ray investigation of the mechanism of the transformation from face-centered cubic to body-centered cubic. Scientific Report 23. Tohoku Imperial University."
10.1017/s1431927621012484,,S1431927621012484_ref4,,,,,"ASTM E112-13 (2013). Standard test methods for determining average grain size. Tech. Rep. West Conshohocken, PA: ASTM International."
10.1017/s1431927621012484,10.1051/jphyscol:1982402,S1431927621012484_ref56,,,,,
10.1017/s1431927621012484,10.1007/s11661-019-05514-4,S1431927621012484_ref18,,,,,
10.1017/s1431927621012484,10.1145/48014.61051,S1431927621012484_ref24,,,,,
10.1017/s1431927621012484,10.1017/S1431927610053973,S1431927621012484_ref65,,,,,
10.1017/s1431927621012484,10.1016/S1359-6454(02)00577-3,S1431927621012484_ref48,,,,,
10.1017/s1431927621012484,,S1431927621012484_ref74,Zipperman,2011,,,
10.1017/s1431927621012484,,S1431927621012484_ref43,Matsuda,1971,,,
10.1017/s1431927621012484,10.1017/S1431927619014569,S1431927621012484_ref16,,,,,
10.1017/s1431927621012484,10.1016/j.dib.2019.104471,S1431927621012484_ref59,,,,,
10.1017/s1431927621012484,,S1431927621012484_ref68,Wayman,1964,,,
10.1017/s1431927621012484,,S1431927621012484_ref35,Johnson,1996,,,
10.1017/s1431927621012484,10.1007/s11661-018-4825-7,S1431927621012484_ref57,,,,,
10.1051/matecconf/202032112007,,R1,,,,,"Luetjering G. and Peters M.: Report CS-2933, Electric Power Research Institute, Palo Alto, CA, 1983."
10.1051/matecconf/202032112007,10.1016/S0921-5093(97)00778-8,R2,Luetjering,1998,,Mater. Sci. Eng. A,
10.1051/matecconf/202032112007,,R3,,,,,"Luetjering G. and Williams J.C.: Titanium, Springer Verlag, Berlin, 2007."
10.1051/matecconf/202032112007,,R4,,,,,"Semiatin S.L., Seetharaman V., and Weiss I.: Advances in the Science and Technology of Titanium Alloy Processing, Weiss I., et al., eds., TMS, Warrendale, PA, 1997, p. 3."
10.1051/matecconf/202032112007,10.1007/s11661-003-0300-0,R5,Semiatin,2003,,Metall. and Mater. Trans. A,
10.1051/matecconf/202032112007,10.1016/0956-716X(94)90421-9,R6,Semiatin,1994,,Scripta Metall. Mater.,
10.1051/matecconf/202032112007,10.1016/1359-6454(95)00311-8,R7,Semiatin,1996,,Acta Mater.,
10.1051/matecconf/202032112007,,R8,,,,,"Fox S.P., in: Froes F.H. and Caplan I.L.. (Eds.), Titanium’92, Science and Technology, TMS, Warrendale, PA, 1992, pp. 769-776."
10.1051/matecconf/202032112007,10.1016/S0921-5093(00)01371-X,R9,Semiatin,2001,,Mater. Sci. Eng. A,
10.1051/matecconf/202032112007,10.1016/S0921-5093(00)00731-0,R10,Gil,2000,,Mater. Sci. Eng. A,
10.1051/matecconf/202032112007,10.1016/S0921-5093(01)01755-5,R11,Ivasishin,2002,,Mater. Sci. Eng. A,
10.1051/matecconf/202032112007,10.1016/S0921-5093(01)01990-6,R12,Ivasishin,2002,,Mater. Sci. Eng. A,
10.1051/matecconf/202032112007,10.1016/S1359-6454(02)00505-0,R13,Ivasishin,2003,,Acta Mater.,
10.1051/matecconf/202032112007,,R14,,,,,"Ivasishin O.M., Shevchenko S.V., Markovsky P.E., and Semiatin S.L.: Ti-2003: Science and Technology, Luetjering G. and Albrecht J., eds., Wiley-VCH Verlag GmbH, 2004, pp. 1307-1314."
10.1051/matecconf/202032112007,10.1016/j.scriptamat.2004.01.036,R15,Ivasishin,2004,,Scripta Mater.,
10.1051/matecconf/202032112007,,R16,,,,,"Semiatin S.L.: Unpublished research, Air Force Research Laboratory, Wright-Patterson Air Force Base, OH, 2000"
10.1051/matecconf/202032112007,10.1007/s11661-017-4444-8,R17,Pilchak,2018,,Metall. Mater. Trans. A,
10.1051/matecconf/202032112007,10.4028/www.scientific.net/SSP.160.63,R18,Bachman,2010,,Solid State Phenom,
10.1051/matecconf/202032112007,10.1016/0956-7151(93)90130-K,R19,Lebensohn,1993,,Acta metal. mater.,
10.1051/matecconf/202032112007,10.1515/ijmr-1996-870613,R20,,,,,"Dunst D. and Mecking H.: Metallk Z.., 1996, vol. 87, pp. 498-507."
10.1051/matecconf/202032112007,10.1002/srin.199100451,R21,Holscher,1991,,Steel Research,
10.1051/matecconf/202032112007,10.1155/TSM.26-27.611,R22,Raabe,1996,,Textures and Microstructures,
10.1051/matecconf/202032112007,,R23,,,,,"Morris L., Study of Abnormal Grain Growth in Beta Annealed Ti-6Al-4V Forgings, MS Thesis, Air Force Institute of Technology, 2018, AFITENY-MS-18-M-310."
10.1063/5.0089809,,2024031600180613800_c1,,,,,
10.1063/5.0089809,,2024031600180613800_c2,,,,,
10.1063/5.0089809,10.1063/1.338024,2024031600180613800_c3,,1987,Dislocation mechanics based constitutive relations for material dynamics calculations,J. Appl. Phys.,
10.1063/5.0089809,10.1016/j.ijplas.2010.03.002,2024031600180613800_c4,,2011,A dislocation-based constitutive model for viscoplastic deformation of fcc metals at very high strain rates,Int. J. Plast.,
10.1063/5.0089809,,2024031600180613800_c5,,2006,,,
10.1063/5.0089809,10.1115/1.3423586,2024031600180613800_c6,,1975,Constitutive equations for elastic-viscoplastic strain-hardening materials,J. Appl. Mech.,
10.1063/5.0089809,10.2514/6.2017-1949,2024031600180613800_c7,,,,,
10.1063/5.0089809,10.1088/0370-1301/62/11/302,2024031600180613800_c8,,1949,An investigation of the mechanical properties of materials at very high rates of loading,Proc. Phys. Soc. Sec. B,
10.1063/5.0089809,10.1016/j.msea.2015.05.073,2024031600180613800_c9,,2015,Determination of Johnson Cook material and failure model constants and numerical modelling of Charpy impact test of armour steel,Mater. Sci. Eng. A,
10.1063/5.0089809,,2024031600180613800_c10,,2009,,,
10.1063/5.0089809,10.1016/S0894-9166(12)60055-X,2024031600180613800_c11,,2012,Plastic behavior and constitutive modeling of armor steel over wide temperature and strain rate ranges,Acta Mech. Solida Sin.,
10.1063/5.0089809,10.1063/1.346636,2024031600180613800_c12,,1990,Description of tantalum deformation behavior by dislocation mechanics based constitutive relations,J. Appl. Phys.,
10.1063/5.0089809,10.1016/j.mechmat.2015.11.013,2024031600180613800_c13,,2016,A simple Zerilli–Armstrong constitutive equation for modeling and prediction of hot deformation flow stress of steels,Mech. Mater.,
10.1063/5.0089809,,2024031600180613800_c14,,,,,
10.1063/5.0089809,10.1016/j.ijimpeng.2004.03.005,2024031600180613800_c15,,2004,Review of experimental techniques for high rate deformation and shock studies,Int. J. Impact Eng.,
10.1063/5.0089809,,2024031600180613800_c16,ASTM E8/E8M-16a,,,,
10.1063/5.0089809,10.1016/0013-7944(85)90052-9,2024031600180613800_c17,,1985,"Fracture characteristics of three metals subjected to various strains, strain rates, temperatures and pressures",Eng. Fract. Mech.,
10.1063/5.0089809,10.11648/j.ajmsp.20170201.11,2024031600180613800_c18,,2017,Using the Hollomon model to predict strain-hardening in metals,Am. J. Mater. Synth. Process.,
10.1063/5.0089809,,2024031600180613800_c19,,2012,,,
10.1063/5.0089809,,2024031600180613800_c20,,,,,
10.1063/5.0089809,10.1287/mnsc.27.4.479,2024031600180613800_c21,,1981,Combining probability distributions from dependent information sources,Manag. Sci.,
10.1063/5.0089809,10.1511/2013.101.92,2024031600180613800_c22,,2013,First links in the Markov chain,Am. Sci.,
10.1063/5.0089809,10.1007/s11222-006-9438-0,2024031600180613800_c23,,2006,DRAM: Efficient adaptive MCMC,Stat. Comput.,
10.1063/5.0089809,10.2307/3318737,2024031600180613800_c24,,2001,An adaptive metropolis algorithm,Bernoulli,
10.1063/5.0089809,,2024031600180613800_c25,,,,,
10.1063/5.0089809,,2024031600180613800_c26,,2009,,,
10.1063/5.0089809,10.2514/6.2019-0967,2024031600180613800_c27,,,,,
10.1063/5.0089809,10.1016/0734-743X(90)90071-3,2024031600180613800_c28,,1990,CTH: A three-dimensional shock wave physics code,Int. J. Impact Eng.,
10.1063/5.0089809,10.1007/s40870-019-00228-5,2024031600180613800_c29,,2020,Shock and spall in the low-alloy steel AF9628,J. Dyn. Behav. Mater.,
10.1063/5.0089809,,2024031600180613800_c30,,1996,,,
10.1063/5.0089809,,2024031600180613800_c31,,,,,
10.1063/5.0089809,10.1016/j.proeng.2015.04.029,2024031600180613800_c32,,2015,Applicability of statistical flaw distributions of Eglin steel for fracture calculations,Procedia Eng.,
10.1063/5.0089809,,2024031600180613800_c33,,,,,
10.1063/5.0089809,,2024031600180613800_c34,,,When all models are wrong,Iss. Sci. Technol.,
10.1088/1742-6596/1270/1/012046,,JPCS_1270_1_012046bib1,Burke,1949,,Trans. Metall. Soc. A.I.M.E.,
10.1088/1742-6596/1270/1/012046,10.1016/0502-8205(52)90009-9,JPCS_1270_1_012046bib2,Burke,1952,,Prog. Metal Physics,
10.1088/1742-6596/1270/1/012046,,JPCS_1270_1_012046bib3,Humphreys,2004,,,
10.1088/1742-6596/1270/1/012046,10.1016/0001-6160(86)90064-7,JPCS_1270_1_012046bib4,Abbruzzese,1986,,Acta Metall.,
10.1088/1742-6596/1270/1/012046,10.1016/0001-6160(88)90028-4,JPCS_1270_1_012046bib5,Eichelkraut,1988,,Acta Metall.,
10.1088/1742-6596/1270/1/012046,10.1016/0001-6160(65)90200-2,JPCS_1270_1_012046bib6,Hillert,1965,,Acta Metall.,
10.1088/1742-6596/1270/1/012046,10.1016/S0921-5093(97)00424-3,JPCS_1270_1_012046bib7,Doherty,1997,,Mater. Sci. Eng. A,
10.1088/1742-6596/1270/1/012046,,JPCS_1270_1_012046bib8,Hernández–Rivera,2018,,,
10.1088/1742-6596/1270/1/012046,,JPCS_1270_1_012046bib9,Plimpton,2009,,,
10.1088/1742-6596/1270/1/012046,10.4028/www.scientific.net/SSP.160.63,JPCS_1270_1_012046bib10,Bachmann,2010,,Solid State Phenomena,
10.1088/1742-6596/1270/1/012046,10.1016/j.actamat.2012.11.009,JPCS_1270_1_012046bib11,Payton,2013,,Acta Mater.,
10.1111/jace.15950,10.1111/j.1151-2916.1969.tb11975.x,e_1_2_6_2_1,,,,,
10.1111/jace.15950,,e_1_2_6_3_1,ASTM E112‐13,2013,,,
10.1111/jace.15950,10.1016/0001-6160(65)90200-2,e_1_2_6_4_1,,,,,
10.1111/jace.15950,10.1016/0001-6160(57)90136-0,e_1_2_6_5_1,,,,,
10.1111/jace.15950,10.1007/s11661-018-4808-8,e_1_2_6_6_1,,,,,
10.1111/jace.15950,,e_1_2_6_7_1,DeGroot MH,2012,,,
10.1111/jace.15950,,e_1_2_6_8_1,Oliphant TE,2006,,,
10.1111/jace.15950,,e_1_2_6_9_1,Lognormal Distribution,2012,,,
10.1111/jace.15950,,e_1_2_6_10_1,Casella G,2002,,,
10.1111/jace.15950,,e_1_2_6_11_1,Smith CS,1953,Measurement of internal boundaries in three‐dimensional structures by random sectioning,Trans AIME,
10.1111/jace.15950,,e_1_2_6_12_1,Saltikov SA,1970,,,
10.1111/jace.15950,10.1007/978-94-017-0163-1,e_1_2_6_13_1,,,,,
10.1111/jace.15950,,e_1_2_6_14_1,Payton EJ,2012,Revisiting sphere unfolding relationships for the stereological analysis of segmented digital microstructure images,J Miner Mater Charact Eng,
10.1179/1743284714y.0000000572,10.1007/BF01397346,bibr1-1743284714Y.0000000572,,,,,
10.1179/1743284714y.0000000572,,bibr2-1743284714Y.0000000572,Nishiyama Z,1934,,Sci. Rep. Tohoku Imperial Univ.,
10.1179/1743284714y.0000000572,,bibr3-1743284714Y.0000000572,Wassermann G,1935,,Mitteilungen aus dem Kaiser Wilhelm Institut für Eisenforschung,
10.1179/1743284714y.0000000572,,bibr4-1743284714Y.0000000572,Greninger AB,1949,,Met. Trans.,
10.1179/1743284714y.0000000572,10.1016/0956-7151(90)90180-O,bibr5-1743284714Y.0000000572,,,,,
10.1179/1743284714y.0000000572,10.1007/BF02644284,bibr6-1743284714Y.0000000572,,,,,
10.1179/1743284714y.0000000572,10.3139/146.018017,bibr7-1743284714Y.0000000572,,,,,
10.1179/1743284714y.0000000572,10.1016/j.actamat.2006.07.009,bibr8-1743284714Y.0000000572,,,,,
10.1179/1743284714y.0000000572,10.1080/01411594.2010.502054,bibr9-1743284714Y.0000000572,,,,,
10.1179/1743284714y.0000000572,10.1016/S1359-6454(02)00577-3,bibr10-1743284714Y.0000000572,,,,,
10.1179/1743284714y.0000000572,10.1016/j.matchar.2004.12.015,bibr11-1743284714Y.0000000572,,,,,
10.1179/1743284714y.0000000572,10.1016/j.actamat.2005.11.001,bibr12-1743284714Y.0000000572,,,,,
10.1179/1743284714y.0000000572,10.1016/j.matchar.2006.08.014,bibr13-1743284714Y.0000000572,,,,,
10.1179/1743284714y.0000000572,10.1179/026708300773002636,bibr14-1743284714Y.0000000572,,,,,
10.1179/1743284714y.0000000572,10.1016/S1359-6462(98)00170-5,bibr15-1743284714Y.0000000572,,,,,
10.1179/1743284714y.0000000572,10.1016/0001-6160(54)90102-9,bibr16-1743284714Y.0000000572,,,,,
10.1179/1743284714y.0000000572,10.1016/0001-6160(54)90103-0,bibr17-1743284714Y.0000000572,,,,,
10.1179/1743284714y.0000000572,10.1016/0001-6160(54)90163-7,bibr18-1743284714Y.0000000572,,,,,
10.1179/1743284714y.0000000572,,bibr19-1743284714Y.0000000572,Wechsler MS,1953,,Trans. AIME,
10.1179/1743284714y.0000000572,10.2355/isijinternational.50.1517,bibr20-1743284714Y.0000000572,,,,,
10.1179/1743284714y.0000000572,,bibr21-1743284714Y.0000000572,Bain EC,1924,,Trans. Am. Inst. Min. Metall. Eng.,
10.1179/1743284714y.0000000572,10.1107/S0021889808030112,bibr22-1743284714Y.0000000572,,,,,
10.1179/1743284714y.0000000572,10.1016/j.scriptamat.2005.04.025,bibr23-1743284714Y.0000000572,,,,,
10.1179/1743284714y.0000000572,10.1093/biomet/44.1-2.205,bibr24-1743284714Y.0000000572,,,,,
10.1179/1743284714y.0000000572,10.1093/biomet/45.1-2.229,bibr25-1743284714Y.0000000572,,,,,
10.1179/1743284714y.0000000572,10.1016/j.scriptamat.2012.02.042,bibr26-1743284714Y.0000000572,,,,,
10.1179/1743284714y.0000000603,10.2355/isijinternational.41.612,bibr1-1743284714Y.0000000603,,,,,
10.1179/1743284714y.0000000603,,bibr2-1743284714Y.0000000603,Fujita T,1986,,Met. Prog.,
10.1179/1743284714y.0000000603,10.1520/MONO10017M,bibr3-1743284714Y.0000000603,,,,,"Klueh RL and HarriesDR: ‘Chapter 2: development of high (7–12%) chromium martensitic steels’, in: ‘High-chromium ferritic martensitic steels Nucl. Appl.’, ASTM International, 2001, 5–27."
10.1179/1743284714y.0000000603,10.2355/isijinternational.41.641,bibr4-1743284714Y.0000000603,,,,,
10.1179/1743284714y.0000000603,10.1016/j.engfracmech.2006.10.004,bibr5-1743284714Y.0000000603,,,,,
10.1179/1743284714y.0000000603,,bibr6-1743284714Y.0000000603,,,,,"Yokobori ATJr, Sugiura R, Tabuchi M, Fuji A, Adachi T and Yokobori T: ‘The effect of multi-axial stress component on creep crack growth rate concerning structural brittleness’, Proc. ICF11, Turin, Italy, High temperature and creep’ CD-rom. 2005."
10.1179/1743284714y.0000000603,,bibr7-1743284714Y.0000000603,,,,,"Frost HJ and Ashby MF: ‘Deformation-mechanism maps: the plasticity and creep of metals and ceramics’; 1982, Oxford, Pergamon Press."
10.1179/1743284714y.0000000603,10.1016/S1369-7021(07)70207-9,bibr8-1743284714Y.0000000603,,,,,
10.1179/1743284714y.0000000603,10.2355/isijinternational1966.20.207,bibr9-1743284714Y.0000000603,,,,,
10.1179/1743284714y.0000000603,10.1007/BF02814873,bibr10-1743284714Y.0000000603,,,,,
10.1179/1743284714y.0000000603,10.1007/BF02814872,bibr11-1743284714Y.0000000603,,,,,
10.1179/1743284714y.0000000603,,bibr12-1743284714Y.0000000603,Chilton JM,1970,,J. Iron Steel Inst.,
10.1179/1743284714y.0000000603,10.1007/BF02814887,bibr13-1743284714Y.0000000603,,,,,
10.1179/1743284714y.0000000603,10.1016/0001-6160(65)90126-4,bibr14-1743284714Y.0000000603,,,,,
10.1179/1743284714y.0000000603,,bibr15-1743284714Y.0000000603,Marder AR,1969,,Trans. ASM,
10.1179/1743284714y.0000000603,,bibr16-1743284714Y.0000000603,Marder JM,1969,,Trans. ASM,
10.1179/1743284714y.0000000603,10.1016/0001-6160(81)90051-1,bibr17-1743284714Y.0000000603,,,,,
10.1179/1743284714y.0000000603,10.1007/BF02644284,bibr18-1743284714Y.0000000603,,,,,
10.1179/1743284714y.0000000603,10.1016/S1359-6454(02)00577-3,bibr19-1743284714Y.0000000603,,,,,
10.1179/1743284714y.0000000603,10.1016/j.actamat.2005.11.001,bibr20-1743284714Y.0000000603,,,,,
10.1179/1743284714y.0000000603,10.1016/j.actamat.2006.07.009,bibr21-1743284714Y.0000000603,,,,,
10.1179/1743284714y.0000000603,10.1179/026708300773002636,bibr22-1743284714Y.0000000603,,,,,
10.1179/1743284714y.0000000603,10.2355/isijinternational.41.Suppl_S97,bibr23-1743284714Y.0000000603,,,,,
10.1179/1743284714y.0000000603,10.1007/BF01397346,bibr24-1743284714Y.0000000603,,,,,
10.1179/1743284714y.0000000603,10.1088/1742-6596/240/1/012076,bibr25-1743284714Y.0000000603,,,,,
10.1179/1743284714y.0000000603,,bibr26-1743284714Y.0000000603,,,,,"Yardley VA, Payton EJ, Matsuzaki T, Sugiura R, Yokobori ATJr, Tsurekawa S and Hasegawa Y: ‘EBSD analysis of creep cracking in a 12 Wt.% Cr tempered martensite ferritic steel’, Proc. CREEP2012, Kyoto, Japan, 2012."
10.1179/1743284714y.0000000603,10.1107/S0021889808030112,bibr27-1743284714Y.0000000603,,,,,
10.1179/1743284714y.0000000603,10.4028/www.scientific.net/SSP.160.63,bibr28-1743284714Y.0000000603,,,,,
10.1179/1743284714y.0000000603,10.1016/j.ultramic.2011.08.002,bibr29-1743284714Y.0000000603,,,,,
10.1179/1743284714y.0000000603,,bibr30-1743284714Y.0000000603,Nakashima H,,,Comm Members Res. Rep.,
10.1179/1743284714y.0000000603,10.1016/0036-9748(87)90399-1,bibr31-1743284714Y.0000000603,,,,,
10.1179/1743284714y.0000000603,10.1016/0036-9748(89)90299-8,bibr32-1743284714Y.0000000603,,,,,
10.1179/1743284714y.0000000603,10.1016/j.matchar.2006.03.008,bibr33-1743284714Y.0000000603,,,,,
10.1179/1743284714y.0000000603,10.1107/S0021889807048777,bibr34-1743284714Y.0000000603,,,,,
10.1179/1743284714y.0000000603,,bibr35-1743284714Y.0000000603,Miyamoto G,2010,,Acta Mater.,
10.1179/1743284714y.0000000603,10.1016/j.actamat.2012.04.034,bibr36-1743284714Y.0000000603,,,,,
10.1179/1743284714y.0000000603,10.1016/j.matchar.2013.12.014,bibr37-1743284714Y.0000000603,,,,,
10.3390/cryst12020156,,ref_1,Osmond,1895,Méthode générale pour l’analyse micrographique des aciers au carbone,Bulletin de la Société d’Encouragement pour l’indutrie Nationale,
10.3390/cryst12020156,,ref_2,Martens,1887,"Über das Kleingefüge des schmiedbaren Eisens, besonders des Stahles",Stahl Eisen,
10.3390/cryst12020156,,ref_3,Bain,1924,The nature of martensite,Trans. AIME,
10.3390/cryst12020156,10.1007/BF01397346,ref_4,Kurdjumow,1930,"Über den Mechanismus der Stahlhärtung, Z",Physik,
10.3390/cryst12020156,,ref_5,Nishiyama,1934,"X-ray investigation of the mechanism of the transformation from face-centred cubic lattice to body-centred cubic, Science Reports of the Tohoku Imperial University, Series 1: Mathematics",Phys. Chem.,
10.3390/cryst12020156,,ref_6,,,,,"Wassermann, G. (1935). Über den Mechanismus der α/γ-Umwandlung des Eisens, Mitteilungen aus dem Kaiser-Wilhelm-Institut für Eisenforschung zu; Verlag Stahleisen."
10.3390/cryst12020156,,ref_7,Wechsler,1953,On the theory of the formation of martensite,Trans. AIME,
10.3390/cryst12020156,10.1016/0001-6160(56)90066-9,ref_8,Knapp,1956,Mechanik und Kinetik der diffusionslosen Martensitbildung,Acta Metall.,
10.3390/cryst12020156,,ref_9,,,,,"Wayman, C.M. (1964). Introduction to the crystallography of martensitic transformations. Macmillan Siries Mater. Sci."
10.3390/cryst12020156,,ref_10,,,,,"Nishiyama, Z. (1978). Martensitic Transformation, Academic Press."
10.3390/cryst12020156,,ref_11,,,,,"Olson, G.B., and Owen, W.S. (1992). Martensite—A Tribute to Morris Cohen. ASM Int."
10.3390/cryst12020156,,ref_12,Cahn,1996,Nondiffusive phase transformations,Physical Metallurgy,
10.3390/cryst12020156,10.1016/B978-008044019-4/50005-2,ref_13,,,,,"Christian, J.E. (2002). The Theory of Transformations in Metals and Alloys, Pergamon. Parts 1 and 2."
10.3390/cryst12020156,10.1007/BF02814873,ref_14,Kraus,1971,The morphology of martensite in iron alloys,Met. Trans.,
10.3390/cryst12020156,10.1533/9780857096104,ref_15,,,,,"Pereloma, E., and Edmonds, D.V. (2012). Phase Transformations in Steels: Diffusionless Transformations, Woodhead Publishing."
10.3390/cryst12020156,,ref_16,Kelly,1961,The morphology of martensite,J. Iron Steel Inst.,
10.3390/cryst12020156,,ref_17,Speich,1965,Yield strength and transformation substructure of quenched iron nickel alloys,J. Iron Steel Inst.,
10.3390/cryst12020156,,ref_18,,,,,"Owen, W.S., Wilson, E.A., and Bell, T. (1965). High Strength Materials, John Wiley and Sons."
10.3390/cryst12020156,10.1016/j.actamat.2006.07.009,ref_19,Morito,2006,The morphology and crystallography of lath martensite in alloyed steels,Acta Mater.,
10.3390/cryst12020156,10.1016/0001-6160(66)90094-0,ref_20,Patterson,1966,Crystallography and growth of partially-twinned martensite plates in Fe-Ni alloys,Acta Metall.,
10.3390/cryst12020156,,ref_21,Krauss,1990,Martensite in steel: Strength and structure,Mat. Sci. Eng. A,
10.3390/cryst12020156,10.1016/j.matchar.2004.12.015,ref_22,Kitahara,2005,"Minamino, Crystallographic analysis of plate martensite in Fe-28.5 at.% Ni by FE-SEM/EBSD",Mater. Charact.,
10.3390/cryst12020156,10.4028/www.scientific.net/MSF.512.117,ref_23,Kitahara,2006,"Minamino, Variant selection of plate martensite in Fe-28.5 at.% Ni alloy",Mater. Sci. Forum,
10.3390/cryst12020156,10.1149/1.2428700,ref_24,,,,,"Hansen, M., and Anderko, K. (1958). Constitution of Binary Alloys, McGraw-Hill Book Company."
10.3390/cryst12020156,10.1007/BF02649918,ref_25,Swartzendruber,1991,The iron-nickel system,J. Phase Equilibria,
10.3390/cryst12020156,10.1007/978-1-4757-3205-4,ref_26,,,,,"Schwartz, A.J., Kumar, M., and Adams, B.L. (2000). Electron. Backscatter Diffraction in Materials Science, Kluwer Academic Publishers."
10.3390/cryst12020156,,ref_27,,,,,"Randle, V., and Engler, O. (2009). Introduction to Texture Analysis: Macrotexture, Microtexture, and Orientation Mapping, CRC Press. [2nd ed.]."
10.3390/cryst12020156,10.1017/CBO9781139051637,ref_28,,,,,"De Graef, M., and McHenry, M. (2012). Structure of Materials–An Introduction to Crystallography, Diffraction and Symmetry, Cambridge University Press. [2nd ed.]."
10.3390/cryst12020156,10.2183/pjab1912.4.475,ref_29,Nishikawa,1928,The diffraction of cathode rays by calcite,Proc. Imp. Acad. Jpn.,
10.3390/cryst12020156,10.1063/1.1713282,ref_30,Bell,1964,Applications of Kikuchi Line Analyses in Electron Microscopy,J. Appl. Phys.,
10.3390/cryst12020156,,ref_31,Boersch,1937,About bands in electron diffraction,Phys. Z.,
10.3390/cryst12020156,10.1007/978-3-662-13562-4,ref_32,,,,,"Reimer, L. (1985). Scanning Electron Microscopy—Physics of Image Formation, Springer."
10.3390/cryst12020156,10.1007/BF01165988,ref_33,Dingley,1992,Microtexture determination by electron back-scatter detection,J. Mater. Sci.,
10.3390/cryst12020156,10.1007/BF02656503,ref_34,Adams,1993,Orientation imaging–the emergence of a new microscopy,Metall. Trans. A,
10.3390/cryst12020156,10.1179/026708300773002636,ref_35,Gourgues,2000,"Electron back scattering diffraction study of acicular ferrite, bainite and martensite steel microstructures",Mater. Sci. Tech.,
10.3390/cryst12020156,10.1016/S1359-6454(02)00577-3,ref_36,Morito,2003,The morphology and crystallography of lath martensite in Fe-C alloys,Acta Mater.,
10.3390/cryst12020156,10.1016/j.actamat.2005.11.001,ref_37,Kitahara,2006,Crystallographic features of lath martensite in low carbon steel,Acta Mater.,
10.3390/cryst12020156,10.1016/j.matchar.2006.03.008,ref_38,Cayron,2006,Reconstruction of parent grains from EBSD data,Mater. Charact.,
10.3390/cryst12020156,10.1016/j.actamat.2010.08.001,ref_39,Miyamoto,2010,Mapping the parent austenite orientation reconstructed from the orientation of martensite by EBSD,Acta Mater.,
10.3390/cryst12020156,10.1016/j.scriptamat.2009.02.053,ref_40,Miyamoto,2009,Accurate measurement of the orientation relationship of lath martensite and bainite by electron backscatter diffraction analysis,Scr. Mater.,
10.3390/cryst12020156,10.1016/j.matpr.2015.07.371,ref_41,Pham,2015,Effect of chemical composition on average γ/α’ orientation relationship in carbon and low alloy steels,Mater. Today Proc.,
10.3390/cryst12020156,10.1016/j.actamat.2017.10.026,ref_42,Zilnyk,2018,Misorientation distribution between martensite and austenite in Fe-31 wt% Ni-0.01 wt% C,Acta Mater.,
10.3390/cryst12020156,10.1016/j.actamat.2012.04.034,ref_43,Germain,2012,An advanced approach to reconstructing parent orientation maps in the case of approximate orientation relations: Application to steels,Acta Mater.,
10.3390/cryst12020156,10.1107/S1600576721011560,ref_44,,,,,"Niessen, F., Nyyssönen, T., and Gazder, A.A. (2021). Hielscher, Parent grain reconstruction from partially or fully transformed microstructures in MTEX. arXiv."
10.3390/cryst12020156,10.1179/1743284714Y.0000000572,ref_45,Yardley,2014,Austenite-martensite/bainite orientation relationship: Characterization parameters and their application,Mat. Sci. Technol.,
10.3390/cryst12020156,10.1016/j.actamat.2010.02.019,ref_46,Frenzel,2010,Influence of Ni on martensitic phase transformations in NiTi shape memory alloys,Acta Mater.,
10.3390/cryst12020156,10.1016/j.actamat.2013.02.054,ref_47,Rahim,2013,Impurity levels and fatigue lives of pseudoelastic NiTi shape memory alloys,Acta Mater.,
10.3390/cryst12020156,,ref_48,,,,,"Thome, P. (2019). Advancing orientation imaging scanning electron microscopy (in German). [Ph.D. Thesis, Ruhr-Universität]."
10.3390/cryst12020156,,ref_49,,2004,Carbon and alloy steels,Metallography and Microstructures,
10.3390/cryst12020156,10.1007/978-3-642-58332-2,ref_50,,,,,"Benker, H. (2000). Mathematik mit MATLAB, Springer."
10.3390/cryst12020156,10.1107/S0021889808030112,ref_51,Hielscher,2008,A novel pole figure inversion method: Specification of the MTEX algorithm,J. Appl. Cryst.,
10.3390/cryst12020156,10.4028/www.scientific.net/SSP.160.63,ref_52,Bachmann,2010,Texture analysis with MTEX—Free and open source software toolbox,Solid State Phenom.,
10.3390/cryst12020156,,ref_53,Greninger,1949,The mechanism of martensitic transformation,J. Metall. Trans.,
10.3390/cryst12020156,10.1016/j.actamat.2008.09.030,ref_54,Shibata,2009,Substructures of lenticular martensites with different martensite start temperatures in ferrous alloys,Acta Mater.,
10.3390/cryst12020156,10.1016/j.scriptamat.2005.04.023,ref_55,Shibata,2005,Local orientation change inside lenticular martensite plate in Fe-33Ni alloy,Scr. Mater.,
10.3390/cryst12020156,10.1016/j.actamat.2008.12.035,ref_56,Sato,2009,A study on the formation mechanism of butterfly-type martensite in Fe-30%Ni alloy using EBSD-based orientation microscopy,Acta Mater.,
10.3390/cryst12020156,10.1179/1743284714Y.0000000603,ref_57,Yardley,2015,Classification of creep crack and cavitation sites in tempered martensite ferritic steel microstructures using MTEX toolbox for EBSD,Mater. Sci. Technol.,
10.3390/cryst12020156,10.1007/s11661-018-4977-5,ref_58,Brust,2019,Analysis of misorientationrelationships between austenite parents and twins,Metall. Mater. Trans. A,
10.3390/cryst12020156,10.1007/s11661-019-05514-4,ref_59,Brust,2020,Characterization of martensite orientation relationships in steels and ferrous alloys from EBSD data using Bayesian inference,Metall. Mater. Trans. A,
10.3390/cryst12020156,10.1016/j.actamat.2012.09.046,ref_60,Stormvinter,2012,Effect of carbon content on variant pairing of martensite in Fe–C alloys,Acta Mater.,
10.3390/cryst12020156,10.1016/j.matchar.2014.05.015,ref_61,Cayron,2014,EBSD imaging of orientation relationships and variant groupings in different martensitic alloys and Widmanstatten iron meteorites,Mater. Charact.,
10.3390/cryst12020156,10.1016/j.scriptamat.2010.09.004,ref_62,Cayron,2011,Reply to Comments on the mechanisms of the fcc-bcc martensitic transformation revealed by pole figures,Scr. Mater.,
10.3390/cryst12020156,10.1016/j.scriptamat.2010.07.044,ref_63,Bhadeshia,2011,Comments on “The mechanisms of the fcc-bcc martensitic transformation revealed by pole figures”,Scr. Mater.,
10.3390/cryst12020156,10.1007/s11661-013-1926-1,ref_64,Chintha,2013,Analysis of martensite pole figures from a crystallographic view point,Metall. Mater. Trans. A,
10.3390/met11111819,10.1557/jmr.2018.153,ref_1,Senkov,2018,Development and exploration of refractory high entropy alloys: A review,J. Mater. Res.,
10.3390/met11111819,,ref_2,,,,,"Gupta, C.K., and Banerjee, S. (2009). Metallurgy of BCC Refractory Metals and Alloys, Butterworth-Heinemann. [1st ed.]."
10.3390/met11111819,10.1016/B978-0-12-397046-6.00013-7,ref_3,,,,,"Snead, L.L., Hoelzer, D.T., Rieth, M., and Nemith, A.A.N. (2019). Refractory Alloys: Vanadium, Niobium, Molybdenum, Tungsten. Structural Alloys for Nuclear Energy Applications, Elsevier."
10.3390/met11111819,10.1016/j.actamat.2018.03.065,ref_4,Senkov,2018,Compositional effect on microstructure and properties of NbTiZr-based complex concentrated alloys,Acta Mater.,
10.3390/met11111819,10.1016/j.jallcom.2018.12.325,ref_5,Senkov,2019,CALPHAD-aided development of quaternary multi-principal element refractory alloys based on NbTiZr,J. Alloys Compd.,
10.3390/met11111819,10.1016/j.msea.2021.141168,ref_6,Senkov,2021,Microstructure and properties of an equiatomic TaTiZr alloy,Mater. Sci. Eng. A,
10.3390/met11111819,10.1016/S0364-5916(02)00037-8,ref_7,Andersson,2002,"Thermo-Calc and DICTRA, Computational tools for materials science",Calphad,
10.3390/met11111819,10.1016/j.calphad.2008.08.004,ref_8,Cao,2009,"PANDAT software with PanEngine, PanOptimizer and PanPrecipitation for multicomponent phase diagram calculation and materials property simulation",Calphad,
10.3390/met11111819,10.1016/j.calphad.2013.10.006,ref_9,Zhang,2014,An understanding of high entropy alloys from phase diagram calculations,Calphad Comput. Coupling Phase Diagr. Thermochem.,
10.3390/met11111819,,ref_10,Scheil,1942,Bemerkungen zur Schichtkristallbildung,Z. Met.,
10.3390/met11111819,,ref_11,Gulliver,1913,The quantitative effect of rapid cooling upon the constitution of binary alloys,J. Inst. Met.,
10.3390/met11111819,10.1063/1.4812323,ref_12,Jain,2013,The Materials Project: A materials genome approach to accelerating materials innovation,APL Mater.,
10.3390/met11111819,,ref_13,,,,,"Villars, P., Prince, A., and Okamoto, H. (1995). Handbook of Ternary Alloy Phase Diagrams, ASM International."
10.3390/met11111819,,ref_14,,,,,"Okamoto, H. (2010). Phase Diagrams for Binary Alloys, ASM International. [2nd ed.]."
10.3390/met11111819,10.1016/B978-0-08-096672-4.00003-7,ref_15,,,,,"Hull, D., and Bacon, D.J. (2011). Introduction to Dislocations, Butterworth-Heinemann. [5th ed.]."
10.3390/met11111819,10.1007/BF01479962,ref_16,Savitskii,1961,Phase diagram of the zirconium-rhenium system,Sov. J. At. Energy,
10.3390/met11111819,10.1007/978-1-4684-1572-8_6,ref_17,,,,,"Savitskii, E.M., and Burkhanov, G.S. (1970). Physical Metallurgy of Refractory Metals and Alloys, Plenum Publishing Co."
10.3390/met11111819,,ref_18,,,,,"Re-Zr System (2021, September 30). Materials Project. Available online: https://materialsproject.org/#search/materials/{%22nelements%22%3A2%2C%22elements%22%3A%22Re-Zr%22}."
10.3390/met11111819,10.1016/B978-012524995-9/50029-5,ref_19,,,,,"Ohring, M. (1995). Thermodynamics of Solids. Engineering Materials Science, Academic Press."
10.3390/met11111819,,ref_20,,,,,"Martin, J.W. (2006). Materials for Engineering, Woodhead Publishing. [3rd ed.]."
10.3390/met11111819,10.1080/09506608.2016.1191808,ref_21,Cordero,2016,Six decades of the Hall–Petch effect—A survey of grain-size strengthening studies on pure metals,Int. Mater. Rev.,
10.3390/met11111819,10.1016/j.actamat.2019.06.032,ref_22,Senkov,2019,High temperature strength of refractory complex concentrated alloys,Acta Mater.,
10.3390/met11111819,10.1016/S0025-5408(01)00715-2,ref_23,Senkov,2001,Effect of the atomic size distribution on glass forming ability of amorphous metallic alloys,Mater. Res. Bull.,
10.3390/met11111819,10.1063/1.1725697,ref_24,Slater,1964,Atomic radii in crystals,J. Chem. Phys.,
10.3390/met11111819,10.1007/978-3-319-38925-7,ref_25,,,,,"Cardarelli, F. (2018). Materials Handbook. A Concise Desktop Reference, Springer International Publishing."
10.3390/met11111819,,ref_26,,,,,"Lide, D.R. (2003). CRC Handbook of Chemistry and Physics, CRC Press. [84th ed.]."
10.3390/met11111819,10.1016/j.scriptamat.2019.02.012,ref_27,Rao,2019,Solution hardening in body-centered cubic quartenary alloys interpreted using Suzuki’s kink-solute interaction model,Scripta Mater.,
10.3390/met11111819,10.1016/j.actamat.2019.02.013,ref_28,Rao,2019,"Modeling solution hardening in BCC refractory complex concentrated alloys: NbTiZr, Nb1.5TiZr0.5 and Nb0.5TiZr1.5",Acta Mater.,
10.4236/jmmce.2012.113018,10.1016/0001-6160(85)90243-3,ref1,,,,,"Abbruzzese G., 1985, “Computer simulated grain growth stagnation.” Acta Metall., Vol. 33, pp. 1329–1337."
10.4236/jmmce.2012.113018,,ref2,,,,,"Dieter, G.E., 1986, Mechanical Metallurgy, 3rd ed., McGraw-Hill Series in Materials Science and Engineering, McGraw-Hill, Boston, MA."
10.4236/jmmce.2012.113018,10.1007/978-1-4899-3051-4,ref3,,,,,"Porter, D.A. and Easterling, K. E., 1992, Phase Transformations in Metals and Alloys, 2nd ed., CRC press, Boca Raton, FL."
10.4236/jmmce.2012.113018,,ref4,,,,,"Payton, E.J., 2009, Characterization and Modeling of Grain Coarsening in Powder Metallurgical Nickel-based Superalloys, Ph.D. thesis, The Ohio State University, Columbus, OH."
10.4236/jmmce.2012.113018,10.1016/j.actamat.2011.04.004,ref5,,,,,"Wang, G., Xu, D.S., Payton, E.J., Ma, N., Yang, R., Mills, M.J., and Wang, Y., 2011, “Mean-field statistical simulation of grain coarsening in the presence of stable and unstable pinning particles.” Acta Mater., Vol. 59, pp. 4587-4594."
10.4236/jmmce.2012.113018,10.4236/jmmce.2002.11001,ref6,,,,,"Kahn, H., Mano, E.S., and Tassinari, M.M., 2002, “Image analysis coupled with a SEM-EDS applied to the characterization of a Zn-Pb partially weathered ore.” J. Miner. Mater. Charact. Eng., Vol. 1, pp. 1-9."
10.4236/jmmce.2012.113018,10.4236/jmmce.2003.21003,ref7,,,,,"Gu, Y., 2003, “Automated scanning electron microscope based mineral liberation analysis: An introduction to JKMRC/FEI mineral liberation analyzer.” J. Miner. Mater. Charact. Eng., Vol. 2, pp. 33-41."
10.4236/jmmce.2012.113018,10.1007/s11837-008-0045-8,ref8,,,,,"Hagni, A.M., 2008, “Phase identification, phase quantification, and phase association determinations utilizing automated mineralogy technology.” JOM, Vol. 60, pp. 33-37."
10.4236/jmmce.2012.113018,10.1016/j.msea.2009.12.037,ref9,,,,,"Payton, E.J., Phillips, P.J., and Mills, M.J., 2010, “Semi-automated characterization of the gamma prime phase in Ni-based superalloys via high-resolution backscatter imaging.” Mater. Sci. Eng. A, Vol. 527, pp. 2684–2692."
10.4236/jmmce.2012.113018,10.1016/j.mineng.2011.02.002,ref10,,,,,"Schouwstra, R.P. and Smit, A.J., 2011, “Developments in mineralogical techniques – What about mineralogists?” Miner. Eng., Vol. 24, pp. 1224-1228."
10.4236/jmmce.2012.113018,10.7449/2008/Superalloys_2008_975_984,ref11,,,,,"Payton, E.J., Wang, G., Wang, G., Ma, N., Wang, Y., Mills, M.J., Whitis, D.D., Mourer, D.P., and Wei, D., 2008, “Integration of simulations and experiments for modeling superalloy grain growth,” in: Superalloys 2008, pp. 975-985, The Minerals, Metals & Materials Society, Warrendale, PA."
10.4236/jmmce.2012.113018,10.1016/j.actamat.2008.09.010,ref12,,,,,"Wang, G., Xu, D.S., Ma, N., Zhou, N., Payton, E.J., Yang, R., Mills, M.J., and Wang, Y., 2009, “Simulation study of effects of initial particle size distribution on dissolution.” Acta Mater., Vol. 57, pp. 316-325."
10.4236/jmmce.2012.113018,,ref13,,,,,"Hilliard, J.E. and Cahn, J.W., 1961, “An evaluation of procedures in quantitative metallography for volume-fraction analysis.” Trans. AIME, Vol. 221, pp. 344-352."
10.4236/jmmce.2012.113018,,ref14,,,,,"Underwood, E.E., 1968, “Particle-size Distribution,” in: Quantitative Microscopy, pp. 149–200, McGraw-Hill Book Company, New York, NY."
10.4236/jmmce.2012.113018,,ref15,,,,,"Underwood, E.E., 1970, Quantitative Stereology, 2nd ed., Addison-Wesley Publishing Company, Reading, MA."
10.4236/jmmce.2012.113018,10.1111/j.1365-2818.1976.tb02446.x,ref16,,,,,"Cruz-Orive, L.M., 1976, “Particle size-shape distributions: the general spheroid problem.” J. Microsc., Vol. 107, pp. 235–253."
10.4236/jmmce.2012.113018,10.1111/j.1365-2818.1978.tb01162.x,ref17,,,,,"Cruz-Orive, L.M., 1978, “Particle size-shape distributions: the general spheroid problem: II. Stochastic model and practical guide.” J. Microsc., Vol. 112, pp. 153–167."
10.4236/jmmce.2012.113018,10.1111/j.1365-2818.1983.tb04255.x,ref18,,,,,"Cruz-Orive, L.M., 1983, “Distribution-free estimation of sphere size distributions from slabs showing overprojection and truncation, with a review of previous methods.” J. Microsc., Vol. 131, pp. 265–290."
10.4236/jmmce.2012.113018,10.1007/s11661-003-0218-6,ref19,,,,,"Takahashi, J. and Suito, H., 2003, “Evaluation of the accuracy of the three-dimensional size distribution estimated from the Schwartz-Saltikov method.” Metall. Mater. Trans. A, Vol. 34, pp. 171-181."
10.4236/jmmce.2012.113018,10.1016/j.matchar.2011.04.003,ref20,,,,,"Payton, E.J. and Mills, M. J., 2011, “Stereology of backscatter electron images of etched surfaces for characterization of particle size distributions and volume fractions: Estimation of imaging bias via Monte Carlo simulations.” Mater. Charact., Vol. 62, pp. 563-574."
10.4236/jmmce.2012.113018,10.1016/j.actamat.2010.09.046,ref21,,,,,"Jeppsson, J., Mannesson, K., Borgenstam, A., and ?gren, J., 2011, “Inverse Saltikov analysis for particle-size distributions and their time evolution.” Acta Mater., Vol. 59, pp. 874-882."
10.4236/jmmce.2012.113018,,ref22,,,,,"Ohser, J. and Mücklich, F., 2000, Statistical analysis of microstructures in materials science, John Wiley & Sons, New York, NY."
10.4236/jmmce.2012.113018,10.2307/1427832,ref23,,,,,"Ohser, J. and Mucklich, F., 1995, “Stereology for some classes of polyhedrons.” Adv. Appl. Prob., Vol. 27, pp. 384-396."
10.4236/jmmce.2012.113018,10.1093/biomet/66.3.605,ref24,,,,,"Scott, D.W., 1979, “On optimal and data-based histograms.” Biometrika, Vol. 66, pp. 605-610."
10.4236/jmmce.2012.113018,10.1007/978-3-642-88260-9_31,ref25,,,,,"Saltikov, S.A.: “The determination of the size distribution of particles in an opaque material from a measurement of the size distribution of their sections,” in: Stereology: Proceedings of the Second International Congress for Stereology, Chicago, 1967, pp. 163–173."
10.4236/jmmce.2012.113018,10.1016/S0191-8141(98)00010-8,ref26,,,,,"Heilbronner, R. and Bruhn D., 1998, “The influence of three-dimensional grain size distributions on the rheology of polyphase rocks.” J. Struct. Geol., Vol. 20, pp. 695–705."
10.4236/jmmce.2012.113018,,ref27,,,,,"Heilbronner, R., 2002, “How to derive size distributions of particles from size distributions of sectional areas,” Conférence Universitaire de Suisse Occidentale, 3ème Cycle Séminaire: “Analyse d’images et morphométrie d’objets géologiques,” Organisé à Neuchatel, Institut de Géologie, Université de Neuchatel."
10.4236/jmmce.2012.113018,,ref28,,,,,"Ford, W.B., 1922, A Brief Course in College Algebra, The Macmillan Company, New York, NY."
10.4236/jmmce.2012.113018,10.1641/0006-3568(2001)051[0341:LNDATS]2.0.CO;2,ref29,,,,,"Limpert, E., Stahel, W.A., and Abbt, M., 2001, “Log-normal Distributions across the Sciences: Keys and Clues.” BioScience, Vol. 51, pp. 341-352."
10.4236/jmmce.2012.113018,10.1007/978-1-4615-1233-2,ref30,,,,,"Russ, J.C. and Dehoff, R.T., 2000, Practical Stereology, Kluwer Academic, New York, NY."
