citing_doi,ref_doi,ref_key,ref_author,ref_year,ref_title,ref_journal,raw,ref_affiliations,ref_affiliation_countries,ref_latitude_mean,ref_longitude_mean,ref_affiliation_locations_json
10.1007/978-3-031-63937-1_73,,73_CR1,,,,,"S. Tin, T. Pollock, Turbine Aerodynamics, Heat Transfer, Materials, and Mechanics, volume 243, American Institute of Aeronautics and Astronautics, Inc., Reston, VA, 2014. _eprint: https://arc.aiaa.org/doi/pdf/10.2514/4.102660.",,,,,
10.1007/978-3-031-63937-1_73,10.1016/S0142-1123(97)00034-0,73_CR2,DJ Morrison,1997.0,,International Journal of Fatigue,"D. J. Morrison, J. C. Moosbrugger, Effects of grain size on cyclic plasticity and fatigue crack initiation in nickel, International Journal of Fatigue 19 (1997) 51–59.",,,,,
10.1007/978-3-031-63937-1_73,10.1016/j.actamat.2012.01.049,73_CR3,,,,,"J. Miao, T. M. Pollock, J. Wayne Jones, Microstructural extremes and the transition from fatigue crack initiation to small crack growth in a polycrystalline nickel-base superalloy, Acta Materialia 60 (2012) 2840–2854.",,,,,
10.1007/978-3-031-63937-1_73,10.1016/j.matdes.2018.02.048,73_CR4,M-A Charpagne,2018.0,,Materials & Design,"M.-A. Charpagne, J.-M. Franchet, N. Bozzolo, Overgrown grains appearing during sub-solvus heat treatment in a polycrystalline $$\gamma -\gamma $$’ Nickel-based superalloy, Materials & Design 144 (2018) 353–360.",,,,,
10.1007/978-3-031-63937-1_73,10.1016/j.scriptamat.2017.04.018,73_CR5,V Miller,2017.0,,Scripta Materialia,"V. Miller, E. Payton, A. Pilchak, Reduction in the thermodynamic nucleation barrier via the heteroepitaxial recrystallization mechanism, Scripta Materialia 136 (2017) 128–131.",,,,,
10.1007/978-3-031-63937-1_73,10.1007/s11661-022-06916-7,73_CR6,J Prouteau,2023.0,,Metallurgical and Materials Transactions A,"J. Prouteau, P. Villechaise, L. Signor, J. Cormier, Early Stages of Fatigue Crack Initiation in Relation With Twin Boundaries in Polycrystalline Ni-Based Superalloy AD730™, Metallurgical and Materials Transactions A 54 (2023) 1998–2010.",,,,,
10.1007/978-3-031-63937-1_73,10.1002/9781118495223.ch46,73_CR7,,,,,"B. Flageolet, O. Yousfi, Y. Dahan, P. Villechaise, J. Cormier, Characterization of Microstructures Containing Abnormal Grain Growth Zones in Alloy 718, in: Superalloy 718 and Derivatives, John Wiley & Sons, Ltd, 2010, pp. 594–606. _eprint: https://onlinelibrary.wiley.com/doi/pdf/10.1002/9781118495223.ch46.",,,,,
10.1007/978-3-031-63937-1_73,10.1016/j.msea.2007.09.055,73_CR8,K Song,2008.0,,Materials Science and Engineering: A,"K. Song, M. Aindow, Grain growth and particle pinning in a model Ni-based superalloy, Materials Science and Engineering: A 479 (2008) 365–372.",,,,,
10.1007/978-3-031-63937-1_73,10.1007/BF02402788,73_CR9,A Porter,1981.0,,Journal of Materials Science,"A. Porter, B. Ralph, The recrystallization of nickel-base superalloys, Journal of Materials Science 16 (1981) 707–713.",,,,,
10.1007/978-3-031-63937-1_73,10.1016/B978-008044164-1/50016-5,73_CR10,,,,,"F. Humphreys, M. Hatherly, Recrystallization and related annealing phenomena, Pergamon, Oxford, 2004.",,,,,
10.1007/978-3-031-63937-1_73,10.1016/j.jallcom.2016.07.240,73_CR11,M-A Charpagne,2016.0,,Journal of Alloys and Compounds,"M.-A. Charpagne, T. Billot, J.-M. Franchet, N. Bozzolo, Heteroepitaxial recrystallization: A new mechanism discovered in a polycrystalline $$\gamma -\gamma $$’ nickel based superalloy, Journal of Alloys and Compounds 688 (2016) 685–694.",,,,,
10.1007/978-3-031-63937-1_73,10.1007/s13632-023-01036-z,73_CR12,,,,,"Y. Lee, E. Hershkovitz, H. Kim, K. N. Wertz, E. J. Payton, V. M. Miller, Prevalence of Heteroepitaxial Recrystallization in the Low Solvus High Refractory (LSHR) $$\gamma -\gamma $$’ Superalloy, Metallography, Microstructure, and Analysis (2024).",,,,,
10.1007/978-3-031-63937-1_73,,73_CR13,,,,,"E. Payton, Characterization and Modeling of Grain Coarsening in Powder Metallurgical Nickel-Based Superalloys, PhD dissertation, The Ohio State University, 2009.",,,,,
10.1007/978-3-031-63937-1_73,10.1007/s11661-011-1035-y,73_CR14,,,,,"S. L. Semiatin, K. E. McClary, A. D. Rollett, C. G. Roberts, E. J. Payton, F. Zhang, T. P. Gabb, Microstructure Evolution during Supersolvus Heat Treatment of a Powder Metallurgy Nickel-Base Superalloy, Metallurgical and Materials Transactions A 43 (2012) 1649–1661. ADS Bibcode: 2012MMTA...43.1649S.",,,,,
10.1007/978-3-031-63937-1_73,,73_CR15,,,,,"T. Gabb, Comparison of [gamma-gamma] prime phase coarsening responses of three powder metal disk superalloys, NASA technical memorandum, National Aeronautics and Space Administration, Glenn Research Center, 2016.",,,,,
10.1007/978-3-031-63937-1_73,10.7449/2008/Superalloys_2008_923_932,73_CR16,,,,,"G. Olson, H. Jou, J. Jung, J. Sebastian, A. Misra, I. Locci, D. Hull, Precipitation Model Validation in 3rd Generation Aeroturbine Disc Alloys, in: Superalloys 2008 (Eleventh International Symposium), TMS, 2008, pp. 923–932.",,,,,
10.1007/978-3-031-63937-1_73,10.1007/s11661-019-05330-w,73_CR17,N D’Souza,2019.0,,Metallurgical and Materials Transactions A,"N. D’Souza, W. Li, C. Argyrakis, G. D. West, C. D. Slater, On the Evolution of Primary Gamma Prime Precipitates During High Temperature and High Strain Rate Deformation and Subsequent Heat Treatment in the Ni-Based Superalloy, RR1000, Metallurgical and Materials Transactions A 50 (2019) 4205–4222.",,,,,
10.1007/978-3-031-63937-1_73,10.1111/jmi.12380,73_CR18,M-A Charpagne,2016.0,,Journal of Microscopy,"M.-A. Charpagne, P. Vennéguè, T. Billot, J.-M. Franchet, N. Bozzolo, Evidence of multimicrometric coherent $$\gamma $$’ precipitates in a hot-forged $$\gamma -\gamma $$’ nickel-based superalloy: Evidence of Multimicrometric Coherent, Journal of Microscopy 263 (2016) 106–112.",,,,,
10.1007/978-3-031-63937-1_73,10.4028/www.scientific.net/SSP.160.63,73_CR19,F Bachmann,2010.0,,Solid State Phenomena,"F. Bachmann, R. Hielscher, H. Schaeben, Texture Analysis with MTEX - Free and Open Source Software Toolbox, Solid State Phenomena 160 (2010) 63–68.",,,,,
10.1007/978-3-031-63937-1_73,10.7449/Superalloys/2016/Superalloys_2016_417_426,73_CR20,,,,,"M.-A. Charpagne, T. Billot, J.-M. Franchet, N. Bozzolo, Heteroepitaxial recrystallization observed in René 65™ and Udimet 720™: A new recrystallization mechanism possibly occurring in all low lattice mismatch $$\gamma -\gamma $$’ Superalloys?, Superalloys 2016: Proceedings of the 13th International Symposium on Superalloys 2016-January (2016) 417–426.",,,,,
10.1007/978-3-031-63937-1_73,,73_CR21,RD Doherty,1982.0,,Science,"R. D. Doherty, Role of interfaces in kinetics of internal shape changes, Metal Science 16 (1982) 1–14.",,,,,
10.1007/978-3-031-63937-1_73,10.1017/CBO9780511623134,73_CR22,,,,,"J. W. Martin, R. D. Doherty, B. Cantor, Stability of Microstructure in Metallic Systems, Cambridge Solid State Science Series, Cambridge University Press, Cambridge, 2 edition, 1997.",,,,,
10.1007/978-3-031-63937-1_73,10.1016/j.actamat.2006.06.011,73_CR23,Y Chen,2006.0,,Acta Materialia,"Y. Chen, C. A. Schuh, Diffusion on grain boundary networks: Percolation theory and effective medium approximations, Acta Materialia 54 (2006) 4709–4720.",,,,,
10.1007/978-3-031-63937-1_73,10.1007/s11661-997-0118-2,73_CR24,TR McNelley,1997.0,,Metallurgical and Materials Transactions A,"T. R. McNelley, M. E. McMahon, Microtexture and grain boundary evolution during microstructural refinement processes in SUPRAL 2004, Metallurgical and Materials Transactions A 28 (1997) 1879–1887.",,,,,
10.1007/978-3-031-63937-1_73,10.1016/j.actamat.2007.06.033,73_CR25,RE García,2007.0,,Acta Materialia,"R. E. García, M. D. Vaudin, Correlations between the crystallographic texture and grain boundary character in polycrystalline materials, Acta Materialia 55 (2007) 5728–5735.",,,,,
10.1007/978-3-031-63937-1_73,10.1016/j.jallcom.2022.165465,73_CR26,,,,,"A. Coyne-Grell, J. Blaizot, S. Rahimi, I. Violatos, S. Nouveau, C. Dumont, A. Nicolaÿ, N. Bozzolo, Recrystallization mechanisms and associated microstructure evolution during billet conversion of a gamma-gamma’ nickel based superalloy, Journal of Alloys and Compounds 916 (2022) 165465.",,,,,
10.1007/978-3-031-63937-1_73,10.1016/j.scriptamat.2018.04.037,73_CR27,,,,,"S. Vernier, J.-M. Franchet, C. Dumont, P. Vennéguè, N. Bozzolo, $$\gamma $$’ precipitates with a twin orientation relationship to their hosting grain in a $$\gamma -\gamma $$’ nickel-based superalloy, Scripta Materialia 153 (2018) 10–13.",,,,,
10.1007/978-3-031-63937-1_73,10.2355/isijinternational.38.913,73_CR28,PA Manohar,1998.0,,ISIJ International,"P. A. Manohar, M. Ferry, T. Chandra, Five Decades of the Zener Equation, ISIJ International 38 (1998) 913–924.",,,,,
10.1007/s11661-025-07705-8,,7705_CR1,DB Miracle,2019.0,,,"D.B. Miracle and O.N. Senkov: Refractory Complex Concentrated Alloys (RCCAs), Air Force Research Laboratory, Materials and Manufacturing Directorate, Dayton, 2019.",,,,,
10.1007/s11661-025-07705-8,10.1016/0376-0421(95)00004-6,7705_CR2,EA Starke,1996.0,,Prog. Aerosp. Sci.,"E.A. Starke and J.T. Staley: Prog. Aerosp. Sci., 1996, vol. 32, pp. 131–72. https://doi.org/10.1016/0376-0421(95)00004-6.",,,,,
10.1007/s11661-025-07705-8,10.1016/j.intermet.2010.05.014,7705_CR3,ON Senkov,2010.0,,Intermetallics,"O.N. Senkov, G.B. Wilks, D.B. Miracle, C.P. Chuang, and P.K. Liaw: Intermetallics, 2010, vol. 18, pp. 1758–65. https://doi.org/10.1016/j.intermet.2010.05.014.",,,,,
10.1007/s11661-025-07705-8,10.1557/jmr.2018.153,7705_CR4,ON Senkov,2018.0,,J. Mater. Res.,"O.N. Senkov, D.B. Miracle, K.J. Chaput, and J.-P. Couzinie: J. Mater. Res., 2018, vol. 33, pp. 3092–3128. https://doi.org/10.1557/jmr.2018.153.",,,,,
10.1007/s11661-025-07705-8,10.1016/j.mtla.2019.100222,7705_CR5,AF Andreoli,2019.0,,Materialia,"A.F. Andreoli, J. Orava, P.K. Liaw, H. Weber, M.F. de Oliveira, K. Nielsch, and I. Kaban: Materialia, 2019, vol. 5, p. 100222. https://doi.org/10.1016/j.mtla.2019.100222.",,,,,
10.1007/s11661-025-07705-8,10.1038/s41467-024-45639-8,7705_CR6,T Tsuru,2024.0,,Nat. Commun.,"T. Tsuru, S. Han, S. Matsuura, Z. Chen, K. Kishida, I. Iobzenko, S.I. Rao, C. Woodward, E.P. George, and H. Inui: Nat. Commun., 2024, vol. 15, p. 1706. https://doi.org/10.1038/s41467-024-45639-8.",,,,,
10.1007/s11661-025-07705-8,10.1016/j.intermet.2021.107106,7705_CR7,A Roy,2021.0,,Intermetallics,"A. Roy, J. Munshi, and G. Balasubramanian: Intermetallics, 2021, vol. 131, p. 107106. https://doi.org/10.1016/j.intermet.2021.107106.",,,,,
10.1007/s11661-025-07705-8,10.3390/ma16145126,7705_CR8,J Wang,2023.0,,Materials (Basel),"J. Wang, Q. Ma, H. Cheng, H. Yu, S. Zhang, H. Shang, G. Zhang, and W. Wang: Materials (Basel), 2023, vol. 16, p. 5126. https://doi.org/10.3390/ma16145126.",,,,,
10.1007/s11661-025-07705-8,10.3390/ma12071136,7705_CR9,Y Jia,2019.0,,Materials (Basel),"Y. Jia, Y. Jia, S. Wu, X. Ma, and G. Wang: Materials (Basel), 2019, vol. 12, p. 1136. https://doi.org/10.3390/ma12071136.",,,,,
10.1007/s11661-025-07705-8,10.1016/j.actamat.2021.116919,7705_CR10,M Li,2021.0,,Acta Mater.,"M. Li, Z. Zhang, A.S. Thind, G. Ren, R. Mishra, and K.M. Flores: Acta Mater., 2021, vol. 213, p. 116919. https://doi.org/10.1016/j.actamat.2021.116919.",,,,,
10.1007/s11661-025-07705-8,10.1016/j.actamat.2019.06.032,7705_CR11,ON Senkov,2019.0,,Acta Mater.,"O.N. Senkov, S. Gorsse, and D.B. Miracle: Acta Mater., 2019, vol. 175, pp. 394–405. https://doi.org/10.1016/j.actamat.2019.06.032.",,,,,
10.1007/s11661-025-07705-8,10.1016/j.actamat.2017.06.027,7705_CR12,S Gorsse,2017.0,,Acta Mater.,"S. Gorsse, D.B. Miracle, and O.N. Senkov: Acta Mater., 2017, vol. 135, pp. 177–87. https://doi.org/10.1016/j.actamat.2017.06.027.",,,,,
10.1007/s11661-025-07705-8,10.3390/ma15144997,7705_CR13,U Bhandari,2022.0,,Materials,"U. Bhandari, H. Ghadimi, C. Zhang, S. Yang, and S. Guo: Materials, 2022, vol. 15, p. 4997. https://doi.org/10.3390/ma15144997.",,,,,
10.1007/s11661-025-07705-8,10.1016/j.ijplas.2021.103157,7705_CR14,RA Romero,2022.0,,Int. J. Plast.,"R.A. Romero, S. Xu, W.-R. Jian, I.J. Beyerlein, and C.V. Ramana: Int. J. Plast., 2022, vol. 149, p. 103157. https://doi.org/10.1016/j.ijplas.2021.103157.",,,,,
10.1007/s11661-025-07705-8,10.1016/j.actamat.2020.03.004,7705_CR15,X Li,2020.0,,Acta Mater.,"X. Li, W. Li, D.L. Irving, L.K. Varga, L. Vitos, and S. Schönecker: Acta Mater., 2020, vol. 189, pp. 174–87. https://doi.org/10.1016/j.actamat.2020.03.004.",,,,,
10.1007/s11661-025-07705-8,10.1038/s41467-021-25134-0,7705_CR16,S Yin,2021.0,,Nat. Commun.,"S. Yin, Y. Zuo, A. Abu-Odeh, H. Zheng, X.-G. Li, J. Ding, S.P. Ong, M. Asta, and R.O. Ritchie: Nat. Commun., 2021, vol. 12, p. 4873. https://doi.org/10.1038/s41467-021-25134-0.",,,,,
10.1007/s11661-025-07705-8,10.1179/1743280412Y.0000000015,7705_CR17,CR Weinberger,2013.0,,Int. Mater. Rev.,"C.R. Weinberger, B.L. Boyce, and C.C. Battaile: Int. Mater. Rev., 2013, vol. 58, pp. 296–314. https://doi.org/10.1179/1743280412Y.0000000015.",,,,,
10.1007/s11661-025-07705-8,10.1016/j.actamat.2014.08.026,7705_CR18,Z Wu,2014.0,,Acta Mater.,"Z. Wu, H. Bei, G.M. Pharr, and E.P. George: Acta Mater., 2014, vol. 81, pp. 428–41. https://doi.org/10.1016/j.actamat.2014.08.026.",,,,,
10.1007/s11661-025-07705-8,10.1038/s41467-024-45696-z,7705_CR19,Y Yang,2024.0,,Nat. Commun.,"Y. Yang, S. Yin, Q. Yu, Y. Zhu, J. Ding, R. Zhang, C. Ophus, M. Asta, R.O. Ritchie, and A.M. Minor: Nat. Commun., 2024, vol. 15, p. 1402. https://doi.org/10.1038/s41467-024-45696-z.",,,,,
10.1007/s11661-025-07705-8,10.1038/s41467-020-16083-1,7705_CR20,B Yin,2020.0,,Nat. Commun.,"B. Yin, S. Yoshida, N. Tsuji, and W.A. Curtin: Nat. Commun., 2020, vol. 11, p. 2507. https://doi.org/10.1038/s41467-020-16083-1.",,,,,
10.1007/s11661-025-07705-8,10.1038/s41598-017-00335-0,7705_CR21,X Li,2017.0,,Sci. Rep.,"X. Li, X. Liang, D. Liu, R. Chen, F. Huang, R. Wang, M. Rettenmayr, Y. Su, J. Guo, and H. Fu: Sci. Rep., 2017, vol. 7, p. 209. https://doi.org/10.1038/s41598-017-00335-0.",,,,,
10.1007/s11661-025-07705-8,10.1016/j.jallcom.2005.06.043,7705_CR22,W Luo,2006.0,,J. Alloys Compd.,"W. Luo, K. Ishikawa, and K. Aoki: J. Alloys Compd., 2006, vol. 407, pp. 115–17. https://doi.org/10.1016/j.jallcom.2005.06.043.",,,,,
10.1007/s11661-025-07705-8,10.1016/S1875-5372(16)30128-X,7705_CR23,Z Huaigang,2016.0,,Rare Met. Mater. Eng.,"Z. Huaigang, W. Zhongmin, L. Fei, D. Jianqiu, and Z. Huaiying: Rare Met. Mater. Eng., 2016, vol. 45, pp. 1443–48. https://doi.org/10.1016/S1875-5372(16)30128-X.",,,,,
10.1007/s11661-025-07705-8,10.1016/j.msea.2012.12.018,7705_CR24,ON Senkov,2013.0,,Mater. Sci. Eng. A,"O.N. Senkov, S.V. Senkova, D.B. Miracle, and C. Woodward: Mater. Sci. Eng. A, 2013, vol. 565, pp. 51–62. https://doi.org/10.1016/j.msea.2012.12.018.",,,,,
10.1007/s11661-025-07705-8,10.1016/j.ijrmhm.2022.105968,7705_CR25,ON Senkov,2022.0,,Int. J. Refract. Met. Hard Mater.,"O.N. Senkov, T. Daboiku, T.M. Butler, S.I. Rao, and E.J. Payton: Int. J. Refract. Met. Hard Mater., 2022, vol. 109, p. 105968. https://doi.org/10.1016/j.ijrmhm.2022.105968.",,,,,
10.1007/s11661-025-07705-8,10.1016/j.ijrmhm.2023.106462,7705_CR26,ON Senkov,2024.0,,Int. J. Refract. Met. Hard Mater.,"O.N. Senkov, T.I. Daboiku, W.C. Voellmecke, E.J. Payton, S.J.M. Kuhr, and T.M. Butler: Int. J. Refract. Met. Hard Mater., 2024, vol. 118, p. 106462. https://doi.org/10.1016/j.ijrmhm.2023.106462.",,,,,
10.1007/s11661-025-07705-8,10.1016/j.ijrmhm.2022.105836,7705_CR27,J Zhou,2022.0,,Int. J. Refract. Met. Hard Mater.,"J. Zhou, Y. Cheng, Y. Chen, and X. Liang: Int. J. Refract. Met. Hard Mater., 2022, vol. 105, p. 105836. https://doi.org/10.1016/j.ijrmhm.2022.105836.",,,,,
10.1007/s11661-025-07705-8,,7705_CR28,,,,,"Ł. Mentel: Mendeleev—a Python resource for properties of chemical elements, ions and isotopes, 2014. https://github.com/lmmentel/mendeleev.",,,,,
10.1007/s11661-025-07705-8,10.1016/j.ultramic.2011.08.002,7705_CR29,F Bachmann,2011.0,,Ultramicroscopy,"F. Bachmann, R. Hielscher, and H. Schaeben: Ultramicroscopy, 2011, vol. 111, pp. 1720–33. https://doi.org/10.1016/j.ultramic.2011.08.002.",,,,,
10.1007/s11661-025-07705-8,10.1007/s11837-013-0761-6,7705_CR30,J-W Yeh,2013.0,,JOM,"J.-W. Yeh: JOM, 2013, vol. 65, pp. 1759–71. https://doi.org/10.1007/s11837-013-0761-6.",,,,,
10.1007/s11661-025-07705-8,10.1016/j.mattod.2015.11.026,7705_CR31,YF Ye,2016.0,,Mater. Today,"Y.F. Ye, Q. Wang, J. Lu, C.T. Liu, and Y. Yang: Mater. Today, 2016, vol. 19, pp. 349–62. https://doi.org/10.1016/j.mattod.2015.11.026.",,,,,
10.1007/s11661-025-07705-8,10.1063/1.3587228,7705_CR32,S Guo,2011.0,,J. Appl. Phys.,"S. Guo, C. Ng, J. Lu, and C.T. Liu: J. Appl. Phys., 2011, vol. 109, p. 103505. https://doi.org/10.1063/1.3587228.",,,,,
10.1007/s11661-025-07705-8,10.1016/j.surfin.2021.101400,7705_CR33,SN Chen,2021.0,,Surf. Interfaces,"S.N. Chen, Y.F. Zhang, Y.M. Zhao, W.Q. Yan, S. Wu, L. Chen, P. Pang, B. Liao, X.Y. Wu, and X.P. Ouyang: Surf. Interfaces, 2021, vol. 26, p. 101400. https://doi.org/10.1016/j.surfin.2021.101400.",,,,,
10.1007/s11661-025-07705-8,10.1016/j.matchar.2023.112848,7705_CR34,X Yi,2023.0,,Mater. Charact.,"X. Yi, Y. Wang, W. Liu, B. Sun, B. Huang, X. Meng, Z. Gao, and H. Wang: Mater. Charact., 2023, vol. 200, p. 112848. https://doi.org/10.1016/j.matchar.2023.112848.",,,,,
10.1007/s11661-025-07705-8,10.1002/9780470549940,7705_CR35,YA Chang,2009.0,,,"Y.A. Chang and W.A. Oates: Materials Thermodynamics, 1st ed. Wiley, New York, 2009. https://doi.org/10.1002/9780470549940.",,,,,
10.1007/s11661-025-07705-8,10.1016/j.cartre.2021.100124,7705_CR36,R Phillips,2021.0,,Carbon Trends,"R. Phillips, K. Jolley, Y. Zhou, and R. Smith: Carbon Trends, 2021, vol. 5, p. 100124. https://doi.org/10.1016/j.cartre.2021.100124.",,,,,
10.1007/s11661-025-07705-8,10.1016/j.actamat.2018.01.028,7705_CR37,CG Schön,2018.0,,Acta Mater.,"C.G. Schön, T. Duong, Y. Wang, and R. Arróyave: Acta Mater., 2018, vol. 148, pp. 263–79. https://doi.org/10.1016/j.actamat.2018.01.028.",,,,,
10.1007/s11661-025-07705-8,10.1016/j.jeurceramsoc.2022.06.026,7705_CR38,Y Wang,2022.0,,J. Eur. Ceram. Soc.,"Y. Wang, T. Csanádi, Z. Fogarassy, B. Zhang, R. Sedlák, X. Wang, C. Zhang, J. Dusza, and M.J. Reece: J. Eur. Ceram. Soc., 2022, vol. 42, pp. 5273–79. https://doi.org/10.1016/j.jeurceramsoc.2022.06.026.",,,,,
10.1007/s11661-025-07705-8,10.1016/j.jmrt.2023.06.213,7705_CR39,M Shu,2023.0,,J. Mater. Res. Technol.,"M. Shu, Q. Zhou, Y. Shen, Z. Zhou, P. Wang, L. Chen, Y. Sun, and J. Xiao: J. Mater. Res. Technol., 2023, vol. 25, pp. 3728–43. https://doi.org/10.1016/j.jmrt.2023.06.213.",,,,,
10.1007/s11661-025-07705-8,10.1016/j.corsci.2019.108283,7705_CR40,A Rehman,2020.0,,Corros. Sci.,"A. Rehman, Y. Liang, M. Hassan Shirani Bidabadi, Z. Yu, C. Zhang, H. Chen, and Z.-G. Yang: Corros. Sci., 2020, vol. 163, p. 108283. https://doi.org/10.1016/j.corsci.2019.108283.",,,,,
10.1007/s11661-025-07705-8,10.1016/j.msea.2020.139028,7705_CR41,X Liu,2020.0,,Mater. Sci. Eng. A,"X. Liu, M. Zhang, Y. Ma, W. Dong, R. Li, Y. Lu, Y. Zhang, P. Yu, Y. Gao, and G. Li: Mater. Sci. Eng. A, 2020, vol. 776, p. 139028. https://doi.org/10.1016/j.msea.2020.139028.",,,,,
10.1007/s11661-025-07705-8,10.1166/mex.2019.1506,7705_CR42,W Lu,2019.0,,Mater. Express,"W. Lu, X. Luo, Y. Yang, and B. Huang: Mater. Express, 2019, vol. 9, pp. 291–98. https://doi.org/10.1166/mex.2019.1506.",,,,,
10.1007/s11661-025-07705-8,10.1016/j.vacuum.2021.110169,7705_CR43,L Zhang,2021.0,,Vacuum,"L. Zhang, X. Du, L. Zhang, W. Li, Y. Liang, J. Yu, N. Zou, G. Wan, Y. Tang, G. Duan, and B. Wu: Vacuum, 2021, vol. 188, p. 110169. https://doi.org/10.1016/j.vacuum.2021.110169.",,,,,
10.1007/s11661-025-07705-8,10.1515/ijmr-2022-0136,7705_CR44,N Liu,2022.0,,Int. J. Mater. Res.,"N. Liu, Y. Qian, Z. Lan, and W. Du: Int. J. Mater. Res., 2022, vol. 113, pp. 984–91. https://doi.org/10.1515/ijmr-2022-0136.",,,,,
10.1007/s11661-025-07705-8,10.1016/j.dib.2018.11.111,7705_CR45,S Gorsse,2018.0,,Data Brief,"S. Gorsse, M.H. Nguyen, O.N. Senkov, and D.B. Miracle: Data Brief, 2018, vol. 21, pp. 2664–78. https://doi.org/10.1016/j.dib.2018.11.111.",,,,,
10.1007/s11661-025-07705-8,10.3390/met11121962,7705_CR46,R Ryltsev,2021.0,,Metals,"R. Ryltsev, V. Gaviko, S. Estemirova, E. Sterkhov, L. Cherepanova, D. Yagodin, N. Chtchelkatchev, N. Dubinin, and S. Uporov: Metals, 2021, vol. 11, p. 1962. https://doi.org/10.3390/met11121962.",,,,,
10.1007/s11661-025-07705-8,10.1016/S0263-4368(00)00026-3,7705_CR47,JR DiStefano,2000.0,,Int. J. Refract. Met. Hard Mater.,"J.R. DiStefano, B.A. Pint, and J.H. DeVan: Int. J. Refract. Met. Hard Mater., 2000, vol. 18, pp. 237–43. https://doi.org/10.1016/S0263-4368(00)00026-3.",,,,,
10.1007/s11661-025-07705-8,10.1016/S0921-5093(00)00754-1,7705_CR48,P Pérez,2000.0,,Mater. Sci. Eng. A,"P. Pérez, V.A.C. Haanappel, and M.F. Stroosnijder: Mater. Sci. Eng. A, 2000, vol. 284, pp. 126–37. https://doi.org/10.1016/S0921-5093(00)00754-1.",,,,,
10.1007/s11661-025-07705-8,,7705_CR49,,,,,"The Ohio State University College of Engineering: MSE Colloquium: Dr. Elizabeth Opila, Oxidation and Protection of Refractory Alloys for Long-Term Applications in Oxidizing Environments, Department of Materials Science and Engineering, The Ohio State University College of Engineering, 2024. https://mse.osu.edu/events/2024/02/mse-colloquium-dr.-elizabeth-opila-oxidation-and-protection-refractory-alloys-long-term-applications-oxidizing-environments. Accessed April 4, 2024.",,,,,
10.1007/s11661-025-07705-8,10.3390/ma15155145,7705_CR50,Y Zhang,2022.0,,Materials (Basel),"Y. Zhang, C. Zhang, F. Li, Z. Wang, X. Wang, C. Wang, C. Zhang, J. Huang, F. Mao, C. Chen, T. Jiang, S. Wei, M. Xiong, and J. Hu: Materials (Basel), 2022, vol. 15, p. 5145. https://doi.org/10.3390/ma15155145.",,,,,
10.1007/s11661-025-07705-8,10.1016/j.corsci.2021.109481,7705_CR51,G Cao,2021.0,,Corros. Sci.,"G. Cao, X. Gao, W. Shan, S. Pan, H. Wang, J. Li, and Z. Liu: Corros. Sci., 2021, vol. 187, p. 109481. https://doi.org/10.1016/j.corsci.2021.109481.",,,,,
10.1007/s11661-025-07911-4,10.1016/S0263-4368(00)00026-3,7911_CR1,JR DiStefano,2000.0,,Int. J. Refract. Met. Hard Mater.,"J.R. DiStefano, B.A. Pint, and J.H. DeVan: Int. J. Refract. Met. Hard Mater., 2000, vol. 18, pp. 237–43. https://doi.org/10.1016/S0263-4368(00)00026-3.",,,,,
10.1007/s11661-025-07911-4,10.1016/j.actaastro.2023.06.035,7911_CR2,P Gradl,2023.0,,Acta Astronaut.,"P. Gradl, O.R. Mireles, C. Katsarelis, T.M. Smith, J. Sowards, A. Park, P. Chen, D.C. Tinker, C. Protz, T. Teasley, D.L. Ellis, and C. Kantzos: Acta Astronaut., 2023, vol. 211, pp. 483–97. https://doi.org/10.1016/j.actaastro.2023.06.035.",,,,,
10.1007/s11661-025-07911-4,10.1016/j.jmrt.2024.09.131,7911_CR3,L Zhuo,2024.0,,J. Mater. Res. Technol.,"L. Zhuo, Y. Xie, and B. Chen: J. Mater. Res. Technol., 2024, vol. 33, pp. 1097–1129. https://doi.org/10.1016/j.jmrt.2024.09.131.",,,,,
10.1007/s11661-025-07911-4,,7911_CR4,,,,,"D.B. Miracle, and O.N. Senkov: Refractory Complex Concentrated Alloys. ARPA-E Workshop, 2019. https://arpa-e.energy.gov/sites/default/files/migrated/AFRL_Miracle.pdf",,,,,
10.1007/s11661-025-07911-4,10.1016/j.intermet.2010.05.014,7911_CR5,ON Senkov,2010.0,,Intermetallics,"O.N. Senkov, G.B. Wilks, D.B. Miracle, C.P. Chuang, and P.K. Liaw: Intermetallics, 2010, vol. 18, pp. 1758–65. https://doi.org/10.1016/j.intermet.2010.05.014.",,,,,
10.1007/s11661-025-07911-4,10.1557/jmr.2018.153,7911_CR6,ON Senkov,2018.0,,J. Mater. Res.,"O.N. Senkov, D.B. Miracle, K.J. Chaput, and J.-P. Couzinie: J. Mater. Res., 2018, vol. 33, pp. 3092–3128. https://doi.org/10.1557/jmr.2018.153.",,,,,
10.1007/s11661-025-07911-4,10.1016/j.ijrmhm.2022.105836,7911_CR7,J Zhou,2022.0,,Int. J. Refract. Met. Hard Mater.,"J. Zhou, Y. Cheng, Y. Chen, and X. Liang: Int. J. Refract. Met. Hard Mater., 2022, vol. 105, p. 105836. https://doi.org/10.1016/j.ijrmhm.2022.105836.",,,,,
10.1007/s11661-025-07911-4,10.1016/j.ijrmhm.2021.105504,7911_CR8,A Ostovari Moghaddam,2021.0,,Int. J. Refract. Met. Hard Mater.,"A. Ostovari Moghaddam, A. Cabot, and E.A. Trofimov: Int. J. Refract. Met. Hard Mater., 2021, vol. 97, p. 105504. https://doi.org/10.1016/j.ijrmhm.2021.105504.",,,,,
10.1007/s11661-025-07911-4,10.1016/j.surfin.2021.101400,7911_CR9,SN Chen,2021.0,,Surf. Interfaces,"S.N. Chen, Y.F. Zhang, Y.M. Zhao, W.Q. Yan, S. Wu, L. Chen, P. Pang, B. Liao, X.Y. Wu, and X.P. Ouyang: Surf. Interfaces, 2021, vol. 26, p. 101400. https://doi.org/10.1016/j.surfin.2021.101400.",,,,,
10.1007/s11661-025-07911-4,10.1016/j.matchar.2015.09.021,7911_CR10,D Huber,2015.0,,Mater Charact,"D. Huber, R. Werner, H. Clemens, and M. Stockinger: Mater Charact, 2015, vol. 109, pp. 116–21. https://doi.org/10.1016/j.matchar.2015.09.021.",,,,,
10.1007/s11661-025-07911-4,10.3390/ma14040727,7911_CR11,P Staron,2021.0,,Materials (Basel),"P. Staron, A. Stark, N. Schell, P. Spoerk-Erdely, and H. Clemens: Materials (Basel), 2021, vol. 14, p. 727. https://doi.org/10.3390/ma14040727.",,,,,
10.1007/s11661-025-07911-4,10.1007/s11661-025-07705-8,7911_CR12,UP Ochieze,2025.0,,Metall. Mater. Trans. A,"U.P. Ochieze, L. Sun, N.A. Simpson, S. Josyula, J.T.K. Kim, J. Carter, M.A. Steiner, and E.J. Payton: Metall. Mater. Trans. A, 2025, vol. 56, pp. 1150–70. https://doi.org/10.1007/s11661-025-07705-8.",,,,,
10.1007/s11661-025-07911-4,10.1007/s11085-016-9696-y,7911_CR13,B Gorr,2017.0,,Oxid. Met.,"B. Gorr, F. Müller, M. Azim, H.-J. Christ, T. Müller, H. Chen, A. Kauffmann, and M. Heilmaier: Oxid. Met., 2017, vol. 88, pp. 339–49. https://doi.org/10.1007/s11085-016-9696-y.",,,,,
10.1007/s11661-025-07911-4,10.3390/ma12071136,7911_CR14,Y Jia,2019.0,,Materials (Basel),"Y. Jia, Y. Jia, S. Wu, X. Ma, and G. Wang: Materials (Basel), 2019, vol. 12, p. 1136. https://doi.org/10.3390/ma12071136.",,,,,
10.1007/s11661-025-07911-4,10.3390/ma14051197,7911_CR15,D Mitrica,2021.0,,Materials,"D. Mitrica, I.C. Badea, B.A. Serban, M.T. Olaru, D. Vonica, M. Burada, R.-R. Piticescu, and V.V. Popov: Materials, 2021, vol. 14, p. 1197. https://doi.org/10.3390/ma14051197.",,,,,
10.1007/s11661-025-07911-4,10.1016/j.msea.2017.01.085,7911_CR16,S Gorsse,2017.0,,Mater. Sci. Eng. A,"S. Gorsse, S. Couillaud, E. Gaudin, and J.-L. Bobet: Mater. Sci. Eng. A, 2017, vol. 687, pp. 332–36. https://doi.org/10.1016/j.msea.2017.01.085.",,,,,
10.1007/s11661-025-07911-4,10.3389/fmats.2021.710431,7911_CR17,X Gong,2021.0,,Front. Mater.,"X. Gong, R.R. Chen, Y. Wang, Y.Q. Su, J.J. Guo, and H.Z. Fu: Front. Mater., 2021, vol. 8, p. 270. https://doi.org/10.3389/fmats.2021.710431.",,,,,
10.1007/s11661-025-07911-4,10.1016/j.corsci.2016.03.020,7911_CR18,W Kai,2016.0,,Corros. Sci.,"W. Kai, C.C. Li, F.P. Cheng, K.P. Chu, R.T. Huang, L.W. Tsay, and J.J. Kai: Corros. Sci., 2016, vol. 108, pp. 209–14. https://doi.org/10.1016/j.corsci.2016.03.020.",,,,,
10.1007/s11661-025-07911-4,10.1016/j.corsci.2017.02.008,7911_CR19,W Kai,2017.0,,Corros. Sci.,"W. Kai, C.C. Li, F.P. Cheng, K.P. Chu, R.T. Huang, L.W. Tsay, and J.J. Kai: Corros. Sci., 2017, vol. 121, pp. 116–25. https://doi.org/10.1016/j.corsci.2017.02.008.",,,,,
10.1007/s11661-025-07911-4,10.1002/adem.201500179,7911_CR20,HM Daoud,2015.0,,Adv. Eng. Mater.,"H.M. Daoud, A.M. Manzoni, R. Völkl, N. Wanderka, and U. Glatzel: Adv. Eng. Mater., 2015, vol. 17, pp. 1134–41. https://doi.org/10.1002/adem.201500179.",,,,,
10.1007/s11661-025-07911-4,10.1016/j.jallcom.2013.08.102,7911_CR21,CM Liu,2014.0,,J. Alloys Compd.,"C.M. Liu, H.M. Wang, S.Q. Zhang, H.B. Tang, and A.L. Zhang: J. Alloys Compd., 2014, vol. 583, pp. 162–69. https://doi.org/10.1016/j.jallcom.2013.08.102.",,,,,
10.1007/s11661-025-07911-4,10.1021/jacs.9b06669,7911_CR22,KJ Griffith,2019.0,,J. Am. Chem. Soc.,"K.J. Griffith, I.D. Seymour, M.A. Hope, M.M. Butala, L.K. Lamontagne, M.B. Preefer, C.P. Koçer, G. Henkelman, A.J. Morris, M.J. Cliffe, S.E. Dutton, and C.P. Grey: J. Am. Chem. Soc., 2019, vol. 141, pp. 16706–25. https://doi.org/10.1021/jacs.9b06669.",,,,,
10.1007/s11661-025-07911-4,10.1016/S0921-5093(00)00754-1,7911_CR23,P Pérez,2000.0,,Mater. Sci. Eng. A,"P. Pérez, V.A.C. Haanappel, and M.F. Stroosnijder: Mater. Sci. Eng. A, 2000, vol. 284, pp. 126–37. https://doi.org/10.1016/S0921-5093(00)00754-1.",,,,,
10.1007/s11661-025-07911-4,,7911_CR24,,,,,"E. Opila: MSE Colloquium:Oxidation and Protection of Refractory Alloys for Long-Term Applications in Oxidizing Environments. The Ohio State University Department of Materials Science and Engineering, Columbus, OH, USA, 2024. https://mse.osu.edu/events/2024/02/mse-colloquium-dr.-elizabeth-opila-oxidation-and-protection-refractory-alloys-long-term-applications-oxidizing-environments.",,,,,
10.1007/s11661-025-07911-4,10.1007/s11085-013-9369-z,7911_CR25,L Wang,2013.0,,Oxid. Met.,"L. Wang, B. Gorr, H.-J. Christ, D. Mukherji, and J. Rösler: Oxid. Met., 2013, vol. 80, pp. 49–59. https://doi.org/10.1007/s11085-013-9369-z.",,,,,
10.1007/s11661-025-07911-4,10.1016/j.corsci.2019.108161,7911_CR26,F Müller,2019.0,,Corros. Sci.,"F. Müller, B. Gorr, H.-J. Christ, J. Müller, B. Butz, H. Chen, A. Kauffmann, and M. Heilmaier: Corros. Sci., 2019, vol. 159, p. 108161. https://doi.org/10.1016/j.corsci.2019.108161.",,,,,
10.1007/s11661-025-07911-4,10.1016/j.jallcom.2016.07.219,7911_CR27,B Gorr,2016.0,,J. Alloys Compd.,"B. Gorr, F. Mueller, H.-J. Christ, T. Mueller, H. Chen, A. Kauffmann, and M. Heilmaier: J. Alloys Compd., 2016, vol. 688, pp. 468–77. https://doi.org/10.1016/j.jallcom.2016.07.219.",,,,,
10.1007/s11661-025-07911-4,10.1515/amm-2017-0152,7911_CR28,SH Choi,2017.0,,Arch. Metall. Mater.,"S.H. Choi, B. Ali, K.S. Choi, S.K. Hyun, J.J. Sim, W.J. Choi, W. Joo, J.H. Lim, T.H. Lee, T.S. Kim, and K.T. Park: Arch. Metall. Mater., 2017, vol. 62, pp. 1051–56. https://doi.org/10.1515/amm-2017-0152.",,,,,
10.1007/s11661-025-07911-4,10.1016/j.ijrmhm.2015.08.012,7911_CR29,J Zheng,2016.0,,Int. J. Refract. Met. Hard Mater.,"J. Zheng, X. Hou, X. Wang, Y. Meng, X. Zheng, and L. Zheng: Int. J. Refract. Met. Hard Mater., 2016, vol. 54, pp. 322–29. https://doi.org/10.1016/j.ijrmhm.2015.08.012.",,,,,
10.1007/s11661-025-07911-4,10.3390/ma17184579,7911_CR30,W-C Lin,2024.0,,Materials,"W.-C. Lin, Y.-W. Lien, L.E. Moreau, H. Murakami, K.-C. Lo, S. Gorsse, and A.-C. Yeh: Materials, 2024, vol. 17, p. 4579. https://doi.org/10.3390/ma17184579.",,,,,
10.1007/s11661-025-07911-4,10.1021/acsnano.9b05157,7911_CR31,CF Holder,2019.0,,ACS Nano,"C.F. Holder and R.E. Schaak: ACS Nano, 2019, vol. 13, pp. 7359–65. https://doi.org/10.1021/acsnano.9b05157.",,,,,
10.1007/s11661-025-07911-4,10.1016/j.jallcom.2023.171914,7911_CR32,SA Hassanzadeh-Tabrizi,2023.0,,J. Alloys Compd.,"S.A. Hassanzadeh-Tabrizi: J. Alloys Compd., 2023, vol. 968, p. 171914. https://doi.org/10.1016/j.jallcom.2023.171914.",,,,,
10.1007/s11661-025-07911-4,10.5772/66211,7911_CR33,,,,,"X. Yu and Z. Ji: Grain boundary in oxide scale during high-temperature metal processing, in Study of Grain Boundary Character, T. Tanski and W. Borek, eds., InTech, 2017. https://doi.org/10.5772/66211.",,,,,
10.1007/s11661-025-07911-4,10.1111/jace.17905,7911_CR34,JP Parras,2021.0,,J. Am. Ceram. Soc.,"J.P. Parras, G. Feldmann, and R.A. De Souza: J. Am. Ceram. Soc., 2021, vol. 104, pp. 5946–54. https://doi.org/10.1111/jace.17905.",,,,,
10.1007/s11661-025-07911-4,10.1016/0001-6160(80)90092-9,7911_CR35,AM Brown,1980.0,,Acta Metall.,"A.M. Brown and M.F. Ashby: Acta Metall., 1980, vol. 28, pp. 1085–1101. https://doi.org/10.1016/0001-6160(80)90092-9.",,,,,
10.1007/s11661-025-07911-4,10.1016/j.surfcoat.2022.128607,7911_CR36,Z-Y Wei,2022.0,,Surf. Coat. Technol.,"Z.-Y. Wei, Y. Liu, B. Cheng, and A. Tahir: Surf. Coat. Technol., 2022, vol. 443, p. 128607. https://doi.org/10.1016/j.surfcoat.2022.128607.",,,,,
10.1007/s11661-025-07911-4,10.1016/j.intermet.2021.107374,7911_CR37,TM Butler,2022.0,,Intermetallics,"T.M. Butler, O.N. Senkov, T.I. Daboiku, M.A. Velez, H.E. Schroader, L.G. Ware, and M.S. Titus: Intermetallics, 2022, vol. 140, p. 107374. https://doi.org/10.1016/j.intermet.2021.107374.",,,,,
10.1007/s11661-025-07911-4,10.1016/0022-5088(60)90016-3,7911_CR38,GTJ Mayo,1960.0,,J. Less Common Met.,"G.T.J. Mayo, W.H. Shepherd, and A.G. Thomas: J. Less Common Met., 1960, vol. 2, pp. 223–32. https://doi.org/10.1016/0022-5088(60)90016-3.",,,,,
10.1007/s11661-025-07911-4,,7911_CR39,,,,,"D.E. Alman, and P.D. Jablonski: United States Department of Energy, Office of Fossil Energy Report DOE/ARC-2005-024. Albany Research Center,Albany, OR, USA, 2005. https://www.osti.gov/servlets/purl/901604. Accessed April 13, 2025.",,,,,
10.1007/s11661-025-07911-4,,7911_CR40,,,,,"What is Coefficient of Thermal Expansion (CTE)? How Do I Measure It? [Excerpt from: ASM International Thermal Properties of Metals, Chapter 2: Thermal Expansion]. C-Therm Technologies, Ltd, Fredericton, NB, Canada, 2018. https://ctherm.com/resources/newsroom/blog/coefficient-of-thermal-expansion/. Accessed April 13, 2025.",,,,,
10.1007/s11661-025-07911-4,10.1088/1742-6596/2057/1/012116,7911_CR41,YM Kozlovskii,2021.0,,J. Phys. Conf. Ser.,"Y.M. Kozlovskii and S.V. Stankus: J. Phys. Conf. Ser., 2021, vol. 2057, p. 012116. https://doi.org/10.1088/1742-6596/2057/1/012116.",,,,,
10.1007/s11661-025-07911-4,10.2172/7295243,7911_CR42,,,,,"S.R. Skaggs: Zero and Low Coefficient of Thermal Expansion Polycrystalline Oxides, Report LA-6918-MS, Los Alamos Scientific Laboratory of the University of California, Los Alamos, NM, USA, 1977. https://doi.org/10.2172/7295243",,,,,
10.1007/s11661-025-07911-4,10.1111/j.1151-2916.1978.tb09263.x,7911_CR43,CE Holcombe,1978.0,,J. Am. Ceram. Soc.,"C.E. Holcombe and D.D. Smith: J. Am. Ceram. Soc., 1978, vol. 61, pp. 163–69. https://doi.org/10.1111/j.1151-2916.1978.tb09263.x.",,,,,
10.1007/s11661-025-07911-4,10.1016/j.tca.2022.179298,7911_CR44,J Schukraft,2022.0,,Thermochim. Acta,"J. Schukraft, J. Roßdeutscher, F. Siegmund, and K.A. Weidenmann: Thermochim. Acta, 2022, vol. 715, p. 179298. https://doi.org/10.1016/j.tca.2022.179298.",,,,,
10.1007/s11661-025-07911-4,10.1038/s41467-024-49243-8,7911_CR45,B Gwalani,2024.0,,Nat. Commun.,"B. Gwalani, A. Martin, E. Kautz, B. Guo, S.V. Lambeets, M. Olszta, A.K. Battu, A. Malakar, F. Yang, J. Guo, S. Thevuthasan, R. Li, A. Amassian, M. Thuo, and A. Devaraj: Nat. Commun., 2024, vol. 15, p. 5026. https://doi.org/10.1038/s41467-024-49243-8.",,,,,
10.1007/s11661-025-07911-4,10.1038/s41467-025-57635-7,7911_CR46,C Li,2025.0,,Nat. Commun.,"C. Li, W. Zheng, H. Zhong, X. Liu, H. Zhu, H. Wang, Y. Wu, X. Zhang, Z. Yu, S. Jiang, and Z. Lu: Nat. Commun., 2025, vol. 16, p. 2291. https://doi.org/10.1038/s41467-025-57635-7.",,,,,
10.1007/s11661-025-07911-4,10.3390/coatings13111940,7911_CR47,FAP Fernandes,2023.0,,Coatings,"F.A.P. Fernandes, R. Baldan, and A.M. de Sousa Malafaia: Coatings, 2023, vol. 13, p. 1940. https://doi.org/10.3390/coatings13111940.",,,,,
10.1007/s11661-025-07911-4,10.1016/j.jallcom.2017.09.164,7911_CR48,TM Butler,2017.0,,J. Alloys Compd.,"T.M. Butler, K.J. Chaput, J.R. Dietrich, and O.N. Senkov: J. Alloys Compd., 2017, vol. 729, pp. 1004–19. https://doi.org/10.1016/j.jallcom.2017.09.164.",,,,,
10.1007/s11661-025-07911-4,10.1088/1757-899X/182/1/012005,7911_CR49,Q Ling,2017.0,,IOP Conf. Ser.: Mater. Sci. Eng.,"Q. Ling, T. Xu, L. Wu, W. Peng, Z. Zhu, S. Xie, H. Yang, J. Gao, L. Gao, and H. Yang: IOP Conf. Ser.: Mater. Sci. Eng., 2017, vol. 182, p. 012005. https://doi.org/10.1088/1757-899X/182/1/012005.",,,,,
10.1007/s11661-025-07911-4,10.1016/j.corsci.2022.110885,7911_CR50,S Schellert,2023.0,,Corros. Sci.,"S. Schellert, M. Weber, H.J. Christ, C. Wiktor, B. Butz, M.C. Galetz, S. Laube, A. Kauffmann, M. Heilmaier, and B. Gorr: Corros. Sci., 2023, vol. 211, p. 110885. https://doi.org/10.1016/j.corsci.2022.110885.",,,,,
10.1007/s11661-025-07911-4,10.1016/j.ijrmhm.2022.106033,7911_CR51,K Ramachandran,2023.0,,Int. J. Refract. Met. Hard Mater.,"K. Ramachandran, Y.C. Jayakody, and D.D. Jayaseelan: Int. J. Refract. Met. Hard Mater., 2023, vol. 110, p. 106033. https://doi.org/10.1016/j.ijrmhm.2022.106033.",,,,,
10.1007/s11661-025-07911-4,10.1111/j.1151-2916.1972.tb11306.x,7911_CR52,WR Manning,1972.0,,J. Am. Ceram. Soc.,"W.R. Manning, O. Hunter, F.W. Calderwood, and D.W. Stacy: J. Am. Ceram. Soc., 1972, vol. 55, pp. 342–47. https://doi.org/10.1111/j.1151-2916.1972.tb11306.x.",,,,,
10.1007/s11661-025-07911-4,10.1016/j.surfcoat.2023.129535,7911_CR53,Y Wang,2023.0,,Surf. Coat. Technol.,"Y. Wang, C. Wang, Y. You, W. Cheng, M. Dong, Z. Zhu, J. Liu, L. Wang, X. Zhang, and Y. Wang: Surf. Coat. Technol., 2023, vol. 463, p. 129535. https://doi.org/10.1016/j.surfcoat.2023.129535.",,,,,
10.1007/s11661-025-07911-4,,7911_CR54,,,,,"The Interactive Ellingham Diagram. Dissemination of IT for the Promotion of Materials Science (DoITPoMS), The University of Cambridge, UK, 2004. https://www.tpoms.ac.uk/tlplib/ellingham_diagrams/interactive.php. Accessed January 29, 2025.",,,,,
10.1007/s11661-025-07911-4,,7911_CR55,,,,,"Materials Project. Berkeley Lab Open-source Software, website version d7a6eb72, 2025. https://next-gen.materialsproject.org/materials. Accessed March 2, 2025.",,,,,
10.1007/s11661-025-07911-4,10.1063/1.4812323,7911_CR56,A Jain,2013.0,,APL Mater.,"A. Jain, S.P. Ong, G. Hautier, W. Chen, W.D. Richards, S. Dacek, S. Cholia, D. Gunter, D. Skinner, G. Ceder, and K.A. Persson: APL Mater., 2013, vol. 1, p. 011002. https://doi.org/10.1063/1.4812323.",,,,,
10.1007/s11661-025-07911-4,10.1016/j.ijrmhm.2023.106462,7911_CR57,ON Senkov,2024.0,,Int. J. Refract. Met. Hard Mater.,"O.N. Senkov, T.I. Daboiku, W.C. Voellmecke, E.J. Payton, S.J.M. Kuhr, and T.M. Butler: Int. J. Refract. Met. Hard Mater., 2024, vol. 118, p. 106462. https://doi.org/10.1016/j.ijrmhm.2023.106462.",,,,,
10.1007/s11837-025-07552-3,10.1016/j.addma.2022.103009,7552_CR1,A Talignani,2022.0,,Add. Manuf.,"A. Talignani, R. Seede, A. Whitt, S. Zheng, J. Ye, I. Karaman, M.M. Kirka, Y. Katoh, and Y.M. Wang, Add. Manuf. 58, 103009 https://doi.org/10.1016/j.addma.2022.103009 (2022).",,,,,
10.1007/s11837-025-07552-3,10.1557/jmr.2018.153,7552_CR2,ON Senkov,2018.0,,J. Mater. Res.,"O.N. Senkov, D.B. Miracle, K.J. Chaput, and J.-P. Couzinie, J. Mater. Res. 33, 3092 https://doi.org/10.1557/jmr.2018.153 (2018).",,,,,
10.1007/s11837-025-07552-3,10.1007/s00170-023-11112-x,7552_CR3,D Martinez,2023.0,,Int J Adv Manuf Technol,"D. Martinez, P. King, S.R. Sama, J. Sim, H. Toykoc, and G. Manogharan, Int J Adv Manuf Technol 126, 569 https://doi.org/10.1007/s00170-023-11112-x (2023).",,,,,
10.1007/s11837-025-07552-3,10.1016/j.actamat.2015.01.034,7552_CR4,S Kou,2015.0,,Acta Materialia,"S. Kou, Acta Materialia 88, 366 https://doi.org/10.1016/j.actamat.2015.01.034 (2015).",,,,,
10.1007/s11837-025-07552-3,,7552_CR5,TW Clyne,1975.0,,Brit. Foundryman,"T.W. Clyne, and G.J. Davies, Brit. Foundryman 68, 238 (1975).",,,,,
10.1007/s11837-025-07552-3,10.1016/j.matdes.2024.112726,7552_CR6,KM Mullin,2024.0,,Materials & Design,"K.M. Mullin, C. Frey, J. Lamb, S.K. Wu, M.P. Echlin, and T.M. Pollock, Materials & Design 238, 112726 https://doi.org/10.1016/j.matdes.2024.112726 (2024).",,,,,
10.1007/s11837-025-07552-3,10.1007/s11661-024-07486-6,7552_CR7,S Dasgupta,2024.0,,Metall Mater Trans A,"S. Dasgupta, and S. Kou, Metall Mater Trans A 55, 3450 https://doi.org/10.1007/s11661-024-07486-6 (2024).",,,,,
10.1007/s11837-025-07552-3,10.1016/j.mtla.2020.100689,7552_CR8,B Bocklund,2020.0,,Materialia.,"B. Bocklund, L.D. Bobbio, R.A. Otis, A.M. Beese, and Z.K. Liu, Materialia. 1(11), 100689 (2020).",,,,,
10.1007/s11837-025-07552-3,10.1007/s11661-023-06957-6,7552_CR9,EB Raeker,2023.0,,Metall Mater Trans A,"E.B. Raeker, K.M. Pusch, S.A.J. Forsik, N. Zhou, A.D. Dicus, Q.-Q. Ren, J.D. Poplawsky, M.M. Kirka, and T.M. Pollock, Metall Mater Trans A 54, 1744 https://doi.org/10.1007/s11661-023-06957-6 (2023).",,,,,
10.1007/s11837-025-07552-3,10.1007/BF02664583,7552_CR10,TW Clyne,1982.0,,Metall Trans B,"T.W. Clyne, M. Wolf, and W. Kurz, Metall Trans B 13, 259 https://doi.org/10.1007/BF02664583 (1982).",,,,,
10.1007/s11837-025-07552-3,10.1016/j.jmapro.2022.10.060,7552_CR11,M Armstrong,2022.0,,J. Manuf. Proc.,"M. Armstrong, H. Mehrabi, and N. Naveed, J. Manuf. Proc. 84, 1001 https://doi.org/10.1016/j.jmapro.2022.10.060 (2022).",,,,,
10.1007/s11837-025-07552-3,10.1016/j.jmatprotec.2023.118090,7552_CR12,A Wall,2023.0,,J. Mater. Proc. Technol.,"A. Wall, and M.J. Benoit, J. Mater. Proc. Technol. 320, 118090 https://doi.org/10.1016/j.jmatprotec.2023.118090 (2023).",,,,,
10.1007/s11837-025-07552-3,10.1007/s40964-021-00259-2,7552_CR13,J Elambasseril,2022.0,,Prog Addit Manuf,"J. Elambasseril, M.J. Benoit, S. Zhu, M.A. Easton, E. Lui, C.A. Brice, M. Qian, and M. Brandt, Prog Addit Manuf 7, 887 https://doi.org/10.1007/s40964-021-00259-2 (2022).",,,,,
10.1007/s11837-025-07552-3,10.1016/j.actamat.2021.116800,7552_CR14,Y-J Hu,2021.0,,Acta Materialia,"Y.-J. Hu, A. Sundar, S. Ogata, and L. Qi, Acta Materialia 210, 116800 https://doi.org/10.1016/j.actamat.2021.116800 (2021).",,,,,
10.1007/s11837-025-07552-3,10.1080/14786440808520496,7552_CR15,SFXCII Pugh,1954.0,,"London, Edinburgh, Dublin Philosophical Magazine J. Sci.","S.F. Pugh, London, Edinburgh, Dublin Philosophical Magazine J. Sci. 45(367), 823–43 https://doi.org/10.1080/14786440808520496 (1954).",,,,,
10.1007/s11837-025-07552-3,10.1038/s41598-021-83953-z,7552_CR16,ON Senkov,2021.0,,Sci Rep,"O.N. Senkov, and D.B. Miracle, Sci Rep 11, 4531 https://doi.org/10.1038/s41598-021-83953-z (2021).",,,,,
10.1007/s11837-025-07552-3,10.1016/j.commatsci.2023.112249,7552_CR17,W Mei,2023.0,,Comput Mater Sci,"W. Mei, G. Zhang, and K. Yu, Comput Mater Sci 226, 112249 https://doi.org/10.1016/j.commatsci.2023.112249 (2023).",,,,,
10.1007/s11837-025-07552-3,,7552_CR18,AT Oriola,2024.0,,,"A.T. Oriola, On the Hot Cracking Susceptibility of Refractory High Entropy Alloys (RHEAs) During Solidification: Toward a Crack Susceptibility Index for Additive Manufacturing (University of Cincinnati, Master of Science, 2024).",,,,,
10.1007/s11837-025-07552-3,10.1038/nmeth.2019,7552_CR19,J Schindelin,2012.0,,Nat Methods,"J. Schindelin, I. Arganda-Carreras, E. Frise, V. Kaynig, M. Longair, T. Pietzsch, S. Preibisch, C. Rueden, S. Saalfeld, B. Schmid, J.-Y. Tinevez, D.J. White, V. Hartenstein, K. Eliceiri, P. Tomancak, and A. Cardona, Nat Methods 9, 676 https://doi.org/10.1038/nmeth.2019 (2012).",,,,,
10.1007/s11837-025-07552-3,10.1016/j.jmatprotec.2021.117363,7552_CR20,H Wang,2022.0,,J Mater Proc Technol,"H. Wang, B. Gould, M. Moorehead, M. Haddad, A. Couet, and S.J. Wolff, J Mater Proc Technol 299, 117363 https://doi.org/10.1016/j.jmatprotec.2021.117363 (2022).",,,,,
10.1007/s11837-025-07552-3,10.1016/j.scriptamat.2016.10.028,7552_CR21,M Todai,2017.0,,Scripta Materialia,"M. Todai, T. Nagase, T. Hori, A. Matsugaki, A. Sekita, and T. Nakano, Scripta Materialia 129, 65 https://doi.org/10.1016/j.scriptamat.2016.10.028 (2017).",,,,,
10.1007/s11837-025-07552-3,10.1016/j.jallcom.2014.01.237,7552_CR22,F Tian,2014.0,,J Alloy Compd.,"F. Tian, L.K. Varga, N. Chen, J. Shen, and L. Vitos, J Alloy Compd. 599, 19 https://doi.org/10.1016/j.jallcom.2014.01.237 (2014).",,,,,
10.1007/s11837-025-07552-3,10.1007/s11837-012-0366-5,7552_CR23,Y Zhang,2012.0,,JOM,"Y. Zhang, X. Yang, and P.K. Liaw, JOM 64, 830 https://doi.org/10.1007/s11837-012-0366-5 (2012).",,,,,
10.1007/s11837-025-07552-3,10.4028/www.scientific.net/MSF.898.638,7552_CR24,DX Qiao,2017.0,,MSF,"D.X. Qiao, H. Jiang, X.X. Chang, Y.P. Lu, and T.J. Li, MSF 898, 638 https://doi.org/10.4028/www.scientific.net/MSF.898.638 (2017).",,,,,
10.1007/s11837-025-07552-3,10.1016/j.matlet.2014.05.134,7552_CR25,YD Wu,2014.0,,Mater Lett,"Y.D. Wu, Y.H. Cai, T. Wang, J.J. Si, J. Zhu, Y.D. Wang, and X.D. Hui, Mater Lett 130, 277 https://doi.org/10.1016/j.matlet.2014.05.134 (2014).",,,,,
10.1007/s11837-025-07552-3,10.1016/j.pmatsci.2023.101140,7552_CR26,CH Belcher,2023.0,,Prog Mater Sci,"C.H. Belcher, B.E. MacDonald, D. Apelian, and E.J. Lavernia, Prog Mater Sci 137, 101140 https://doi.org/10.1016/j.pmatsci.2023.101140 (2023).",,,,,
10.1007/s11837-025-07552-3,10.1016/j.mtla.2020.100611,7552_CR27,SI Rao,2020.0,,Materialia,"S.I. Rao, C. Woodward, B. Akdim, and O.N. Senkov, Materialia 9, 100611 https://doi.org/10.1016/j.mtla.2020.100611 (2020).",,,,,
10.1007/s11837-025-07552-3,,7552_CR28,,,,,"A.T. Oriola, J.D. Maile, A. Nguyen, H. Do, R. Kumar, and E. J. Payton, Accepted Pending Revisions to JOM (2025).",,,,,
10.1007/s11837-025-07620-8,10.1016/j.addma.2022.103009,7620_CR1,A Talignani,2022.0,,Addit. Manuf.,"A. Talignani, R. Seede, A. Whitt, S. Zheng, J. Ye, I. Karaman, M.M. Kirka, Y. Katoh, and Y.M. Wang, Addit. Manuf. 58, 103009 https://doi.org/10.1016/j.addma.2022.103009 (2022).",,,,,
10.1007/s11837-025-07620-8,10.1557/jmr.2018.153,7620_CR2,ON Senkov,2018.0,,J. Mater. Res.,"O.N. Senkov, D.B. Miracle, K.J. Chaput, and J.-P. Couzinié, J. Mater. Res. 33, 3092 https://doi.org/10.1557/jmr.2018.153 (2018).",,,,,
10.1007/s11837-025-07620-8,10.1016/j.addma.2024.104464,7620_CR3,CV Funch,2024.0,,Addit. Manuf.,"C.V. Funch and G. Proust, Addit. Manuf. 94, 104464 https://doi.org/10.1016/j.addma.2024.104464 (2024).",,,,,
10.1007/s11837-025-07620-8,10.1016/j.addma.2019.05.015,7620_CR4,NC Levkulich,2019.0,,Addit. Manuf.,"N.C. Levkulich, S.L. Semiatin, J.E. Gockel, J.R. Middendorf, A.T. DeWald, and N.W. Klingbeil, Addit. Manuf. 28, 475 https://doi.org/10.1016/j.addma.2019.05.015 (2019).",,,,,
10.1007/s11837-025-07620-8,10.1038/s41598-019-41415-7,7620_CR5,AR Nassar,2019.0,,Sci. Rep.,"A.R. Nassar, M.A. Gundermann, E.W. Reutzel, P. Guerrier, M.H. Krane, and M.J. Weldon, Sci. Rep. 9, 5038 https://doi.org/10.1038/s41598-019-41415-7 (2019).",,,,,
10.1007/s11837-025-07620-8,10.1016/j.addma.2022.103114,7620_CR6,MX Li,2022.0,,Addit. Manuf.,"M.X. Li, H.R. Leonard, S. Rommel, C. Hung, T.J. Watson, T. Policandriotes, R.J. Hebert, and M. Aindow, Addit. Manuf. 59, 103114 https://doi.org/10.1016/j.addma.2022.103114 (2022).",,,,,
10.1007/s11837-025-07620-8,10.1016/j.scriptamat.2022.115249,7620_CR7,B Yavas,2023.0,,Scr. Mater.,"B. Yavas, C.J. Hung, M. Li, R.J. Hebert, S.P. Alpay, and M. Aindow, Scr. Mater. 226, 115249 https://doi.org/10.1016/j.scriptamat.2022.115249 (2023).",,,,,
10.1007/s11837-025-07620-8,10.1007/BF02664583,7620_CR8,TW Clyne,1982.0,,Metall. Trans. B,"T.W. Clyne, M. Wolf, and W. Kurz, Metall. Trans. B 13, 259 https://doi.org/10.1007/BF02664583 (1982).",,,,,
10.1007/s11837-025-07620-8,10.1016/j.actamat.2015.01.034,7620_CR9,S Kou,2015.0,,Acta Mater.,"S. Kou, Acta Mater. 88, 366 https://doi.org/10.1016/j.actamat.2015.01.034 (2015).",,,,,
10.1007/s11837-025-07620-8,10.1007/s40962-021-00599-3,7620_CR10,Y Lu,2022.0,,Inter Metalcast,"Y. Lu, L.N. Bartlett, and R.J. O’Malley, Inter Metalcast 16, 45 https://doi.org/10.1007/s40962-021-00599-3 (2022).",,,,,
10.1007/s11837-025-07620-8,10.1007/s11661-024-07486-6,7620_CR11,S Dasgupta,2024.0,,Metall. Mater. Trans. A,"S. Dasgupta and S. Kou, Metall. Mater. Trans. A 55, 3450 https://doi.org/10.1007/s11661-024-07486-6 (2024).",,,,,
10.1007/s11837-025-07620-8,10.1016/j.mtla.2020.100689,7620_CR12,B Bocklund,2020.0,,Materialia,"B. Bocklund, L.D. Bobbio, R.A. Otis, A.M. Beese, and Z.-K. Liu, Materialia 11, 100689 https://doi.org/10.1016/j.mtla.2020.100689 (2020).",,,,,
10.1007/s11837-025-07620-8,10.1016/j.actamat.2016.03.030,7620_CR13,J Liu,2016.0,,Acta Mater.,"J. Liu and S. Kou, Acta Mater. 110, 84 https://doi.org/10.1016/j.actamat.2016.03.030 (2016).",,,,,
10.1007/s11837-025-07620-8,10.1016/j.actamat.2016.12.028,7620_CR14,J Liu,2017.0,,Acta Mater.,"J. Liu and S. Kou, Acta Mater. 125, 513 https://doi.org/10.1016/j.actamat.2016.12.028 (2017).",,,,,
10.1007/s11837-025-07620-8,10.1007/s11661-023-06957-6,7620_CR15,EB Raeker,2023.0,,Metall. Mater. Trans. A Phys. Metall. Mater. Sci.,"E.B. Raeker, K.M. Pusch, S.A.J. Forsik, N. Zhou, A.D. Dicus, Q.-Q. Ren, J.D. Poplawsky, M.M. Kirka, and T.M. Pollock, Metall. Mater. Trans. A Phys. Metall. Mater. Sci. 54, 1744 https://doi.org/10.1007/s11661-023-06957-6 (2023).",,,,,
10.1007/s11837-025-07620-8,10.1016/j.matdes.2024.112726,7620_CR16,KM Mullin,2024.0,,Mater. Des.,"K.M. Mullin, C. Frey, J. Lamb, S.K. Wu, M.P. Echlin, and T.M. Pollock, Mater. Des. 238, 112726 https://doi.org/10.1016/j.matdes.2024.112726 (2024).",,,,,
10.1007/s11837-025-07620-8,,7620_CR17,,,,,"A.T. Oriola, J.D. Maile, A. Nguyen, and E.J. Payton, JOM, in press (2025).",,,,,
10.1007/s11837-025-07620-8,10.1038/nmeth.2019,7620_CR18,J Schindelin,2012.0,,Nat. Methods,"J. Schindelin, I. Arganda-Carreras, E. Frise, V. Kaynig, M. Longair, T. Pietzsch, S. Preibisch, C. Rueden, S. Saalfeld, B. Schmid, J.-Y. Tinevez, D.J. White, V. Hartenstein, K. Eliceiri, P. Tomancak, and A. Cardona, Nat. Methods 9, 676 https://doi.org/10.1038/nmeth.2019 (2012).",,,,,
10.1007/s11837-025-07620-8,,7620_CR19,,,,,"A.T. Oriola, On the hot cracking susceptibility of refractory high entropy alloys (RHEAs) during solidification: toward a crack susceptibility index for additive manufacturing. MS Thesis, University of Cincinnati. http://rave.ohiolink.edu/etdc/view?acc_num=ucin1733351818521435 (2024).",,,,,
10.1007/s11837-025-07620-8,10.1016/j.jmatprotec.2021.117363,7620_CR20,H Wang,2022.0,,J. Mater. Process. Technol.,"H. Wang, B. Gould, M. Moorehead, M. Haddad, A. Couet, and S.J. Wolff, J. Mater. Process. Technol. 299, 117363 https://doi.org/10.1016/j.jmatprotec.2021.117363 (2022).",,,,,
10.1007/s11837-025-07620-8,10.1016/j.scriptamat.2016.10.028,7620_CR21,M Todai,2017.0,,Scripta Mater.,"M. Todai, T. Nagase, T. Hori, A. Matsugaki, A. Sekita, and T. Nakano, Scripta Mater. 129, 65 https://doi.org/10.1016/j.scriptamat.2016.10.028 (2017).",,,,,
10.1007/s11837-025-07620-8,10.1016/j.jallcom.2014.01.237,7620_CR22,F Tian,2014.0,,J. Alloy. Compd.,"F. Tian, L.K. Varga, N. Chen, J. Shen, and L. Vitos, J. Alloy. Compd. 599, 19 https://doi.org/10.1016/j.jallcom.2014.01.237 (2014).",,,,,
10.1007/s11837-025-07620-8,10.1007/s11837-012-0366-5,7620_CR23,Y Zhang,2012.0,,JOM,"Y. Zhang, X. Yang, and P.K. Liaw, JOM 64, 830 https://doi.org/10.1007/s11837-012-0366-5 (2012).",,,,,
10.1007/s11837-025-07620-8,10.4028/www.scientific.net/MSF.898.638,7620_CR24,DX Qiao,2017.0,,Mater. Sci. Forum,"D.X. Qiao, H. Jiang, X.X. Chang, Y.P. Lu, and T.J. Li, Mater. Sci. Forum 898, 638 https://doi.org/10.4028/www.scientific.net/MSF.898.638 (2017).",,,,,
10.1007/s11837-025-07620-8,10.1016/j.matlet.2014.05.134,7620_CR25,YD Wu,2014.0,,Mater. Lett.,"Y.D. Wu, Y.H. Cai, T. Wang, J.J. Si, J. Zhu, Y.D. Wang, and X.D. Hui, Mater. Lett. 130, 277 https://doi.org/10.1016/j.matlet.2014.05.134 (2014).",,,,,
10.1007/s11837-025-07620-8,10.1007/s00339-017-1004-4,7620_CR26,Y Zhang,2017.0,,Appl. Phys. A,"Y. Zhang, G. Chen, S. Mao, C. Zhou, and F. Chen, Appl. Phys. A 123, 389 https://doi.org/10.1007/s00339-017-1004-4 (2017).",,,,,
10.1007/s11837-025-07620-8,10.1115/MSEC2020-8345,7620_CR27,,,,,"S. Rauniyar and K. Chou, Transient Melt Pool Formation in Laser-Powder Bed Fusion Process. In ASME 2020 15th International Manufacturing Science and Engineering Conference, American Society of Mechanical Engineers Digital Collection. https://doi.org/10.1115/MSEC2020-8345 (2021).",,,,,
10.1007/s11837-025-07620-8,10.1007/s00170-023-12139-w,7620_CR28,TH Sibisi,2023.0,,Int. J. Adv. Manuf. Technol.,"T.H. Sibisi, M.B. Shongwe, L.C. Tshabalala, and I. Mathoho, Int. J. Adv. Manuf. Technol. 128, 2847 https://doi.org/10.1007/s00170-023-12139-w (2023).",,,,,
10.1007/s11837-025-07620-8,10.1007/s00170-022-10618-0,7620_CR29,J Ye,2023.0,,Int. J. Adv. Manuf. Technol.,"J. Ye, A. Bab-hadiashar, N. Alam, and I. Cole, Int. J. Adv. Manuf. Technol. 124, 1401 https://doi.org/10.1007/s00170-022-10618-0 (2023).",,,,,
10.1007/s11837-025-07620-8,,7620_CR30,,,,,"A.T. Oriola, R. Kumar, U.P. Ochieze, S. Josyula, G.H. Balbus, A.E.P.Y. Puente, and E.J. Payton, Additive manufacturing feasibility of MoNbTi Refractory Complex Concentrated Alloys. In: Presented at the TMS Fall Meeting at Materials Science & Technology 2023, Columbus, OH, USA, pp. 1–4 October 2023.",,,,,
10.1007/s11837-025-07620-8,10.1007/s11661-021-06244-2,7620_CR31,R Giorjao,2021.0,,Metall. Mater. Trans. A,"R. Giorjao, B. Sutton, and A. Ramirez, Metall. Mater. Trans. A 52, 2512 https://doi.org/10.1007/s11661-021-06244-2 (2021).",,,,,
10.1007/s11837-025-07620-8,10.1007/s40192-025-00403-8,7620_CR32,JD Maile,2025.0,,Integr. Mater. Manuf. Innov.,"J.D. Maile, A.T. Oriola, I.P. Giblin, A. Nguyen, and E.J. Payton, Integr. Mater. Manuf. Innov. 14, 212 https://doi.org/10.1007/s40192-025-00403-8 (2025).",,,,,
10.1007/s11837-025-07620-8,10.4028/www.scientific.net/MSF.537-538.489,7620_CR33,I Budai,2007.0,,MSF,"I. Budai, M.Z. Benkő, and G. Kaptay, MSF 537–538, 489 https://doi.org/10.4028/www.scientific.net/MSF.537-538.489 (2007).",,,,,
10.1007/s11837-025-07620-8,10.1088/0143-0807/25/1/014,7620_CR34,F Behroozi,2003.0,,Eur. J. Phys.,"F. Behroozi, Eur. J. Phys. 25, 115 https://doi.org/10.1088/0143-0807/25/1/014 (2003).",,,,,
10.1007/s11837-025-07620-8,10.3390/mi13081366,7620_CR35,Z Li,2022.0,,Micromachines,"Z. Li, H. Li, J. Yin, Y. Li, Z. Nie, X. Li, D. You, K. Guan, W. Duan, L. Cao, D. Wang, L. Ke, Y. Liu, P. Zhao, L. Wang, K. Zhu, Z. Zhang, L. Gao, and L. Hao, Micromachines 13, 1366 https://doi.org/10.3390/mi13081366 (2022).",,,,,
10.1007/s11837-025-07620-8,10.3390/met14121357,7620_CR36,CF Badini,2024.0,,Metals,"C.F. Badini, T. Santero, M. Rosito, and E. Padovano, Metals 14, 1357 https://doi.org/10.3390/met14121357 (2024).",,,,,
10.1007/s11837-025-07620-8,10.1007/s00170-021-06774-4,7620_CR37,M Alsaddah,2021.0,,Int. J. Adv. Manuf. Technol.,"M. Alsaddah, A. Khan, K. Groom, and K. Mumtaz, Int. J. Adv. Manuf. Technol. 113, 2461 https://doi.org/10.1007/s00170-021-06774-4 (2021).",,,,,
10.1007/s11837-025-07620-8,10.2320/matertrans.MT-M2023156,7620_CR38,H Honda,2024.0,,Mater. Trans.,"H. Honda and M. Watanabe, Mater. Trans. 65, 194 https://doi.org/10.2320/matertrans.MT-M2023156 (2024).",,,,,
10.1007/s11837-025-07620-8,10.1016/j.optlastec.2023.109247,7620_CR39,PS Cook,2023.0,,Opt. Laser Technol.,"P.S. Cook and D.J. Ritchie, Opt. Laser Technol. 162, 109247 https://doi.org/10.1016/j.optlastec.2023.109247 (2023).",,,,,
10.1007/s11837-025-07620-8,10.1016/j.matpr.2019.12.306,7620_CR40,S Saravanan,2020.0,,Mater. Today: Proc.,"S. Saravanan and K. Ramesh, Mater. Today: Proc. 28, 825 https://doi.org/10.1016/j.matpr.2019.12.306 (2020).",,,,,
10.1007/s11837-025-07620-8,10.1016/j.jmrt.2023.06.170,7620_CR41,Z Tian,2023.0,,J. Mater. Res. Technol.,"Z. Tian, S. Chen, Y. Wang, W. Tao, X. Ye, W. Ren, and S. Yang, J. Mater. Res. Technol. 25, 3022 https://doi.org/10.1016/j.jmrt.2023.06.170 (2023).",,,,,
10.1007/s11837-025-07620-8,10.1016/j.ijrmms.2013.08.031,7620_CR42,P Baud,2014.0,,Int. J. Rock Mech. Min. Sci.,"P. Baud, T. Wong, and W. Zhu, Int. J. Rock Mech. Min. Sci. 67, 202 https://doi.org/10.1016/j.ijrmms.2013.08.031 (2014).",,,,,
10.1007/s13632-023-01036-z,,1036_CR1,RC Reed,2008.0,,,"R.C. Reed, The Superalloys: Fundamentals and Applications (Cambridge University Press, Cambridge, 2008)",,,,,
10.1007/s13632-023-01036-z,10.1007/s11837-999-0005-y,1036_CR2,D Furrer,1999.0,,JOM,"D. Furrer, H. Fecht, JOM. 51(1), 14–17 (1999)",,,,,
10.1007/s13632-023-01036-z,10.1016/0749-6419(90)90042-D,1036_CR3,Y Combres,1990.0,,Int. J. Plast.,"Y. Combres, C. Levaillant, Int. J. Plast. 6(5), 505–519 (1990)",,,,,
10.1007/s13632-023-01036-z,10.1007/s11661-013-1675-1,1036_CR4,SL Semiatin,2013.0,,Metall. Mater. Trans. A,"S.L. Semiatin, K.E. McClary, A.D. Rollett, C.G. Roberts, E.J. Payton, F. Zhang, T.P. Gabb, Metall. Mater. Trans. A. 44A(5), 2778–2798 (2013)",,,,,
10.1007/s13632-023-01036-z,10.1007/s11661-004-0379-y,1036_CR5,SL Semiatin,2004.0,,Metall. Mater. Trans. A,"S.L. Semiatin, D.S. Weaver, R.C. Kramb, P.N. Fagin, M.G. Glavicic, R.L. Goetz, N.D. Frey, M.M. Antony, Metall. Mater. Trans. A. 35(2), 679–693 (2004)",,,,,
10.1007/s13632-023-01036-z,10.1007/BF02642331,1036_CR6,J-PA Immarigeon,1981.0,,Metall. Trans. A,"J.-P.A. Immarigeon, P.H. Floyd, Metall. Trans. A. 12(7), 1177–1186 (1981)",,,,,
10.1007/s13632-023-01036-z,10.1016/0001-6160(87)90125-8,1036_CR7,A Koul,1987.0,,Acta Metall.,"A. Koul, J.-P. Immarigeon, Acta Metall. 35(7), 1791–1805 (1987)",,,,,
10.1007/s13632-023-01036-z,10.7449/2000/Superalloys_2000_59_68,1036_CR8,,,,,"Lindsley and X. Pierron, in Superalloys 2000 (Ninth International Symposium), TMS, 2000 pp. 59–68",,,,,
10.1007/s13632-023-01036-z,10.1016/j.msea.2006.01.076,1036_CR9,P Poelt,2006.0,,"Mater. Sci. Eng., A","P. Poelt, C. Sommitsch, S. Mitsche, M. Walter, Mater. Sci. Eng., A. 420(1–2), 306–314 (2006)",,,,,
10.1007/s13632-023-01036-z,10.1016/j.jallcom.2019.01.334,1036_CR10,B Xie,2019.0,,J. Alloy. Compd.,"B. Xie, B. Zhang, Y. Ning, M.W. Fu, J. Alloy. Compd. 786, 636–647 (2019)",,,,,
10.1007/s13632-023-01036-z,10.1016/0001-6160(77)90109-2,1036_CR11,FJ Humphreys,1977.0,,Acta Metall.,"F.J. Humphreys, Acta Metall. 25(11), 1323–1344 (1977)",,,,,
10.1007/s13632-023-01036-z,,1036_CR12,FJ Humphreys,1979.0,,Metal Science,"F.J. Humphreys, Metal Science. 13(3–4), 3–4 (1979)",,,,,
10.1007/s13632-023-01036-z,10.1016/0001-6160(79)90071-3,1036_CR13,FJ Humphreys,1979.0,,Acta Metall.,"F.J. Humphreys, Acta Metall. 27(12), 1801–1814 (1979)",,,,,
10.1007/s13632-023-01036-z,10.1016/j.jallcom.2016.09.258,1036_CR14,F Li,2017.0,,J. Alloy. Compd.,"F. Li, R. Fu, F. Yin, D. Feng, H. Wang, G. Du, Y. Feng, J. Alloy. Compd. 693, 1076–1082 (2017)",,,,,
10.1007/s13632-023-01036-z,10.1016/j.matchar.2020.110285,1036_CR15,H-Z Li,2020.0,,Mater. Charact.,"H.-Z. Li, L. Yang, Y. Wang, G. Tan, S.-C. Qiao, Z.-Q. Huang, M.-X. Liu, Mater. Charact. 163, 110285 (2020)",,,,,
10.1007/s13632-023-01036-z,10.1016/j.jallcom.2016.07.240,1036_CR16,M-A Charpagne,2016.0,,J. Alloy. Compd.,"M.-A. Charpagne, T. Billot, J.-M. Franchet, N. Bozzolo, J. Alloy. Compd. 688, 685–694 (2016)",,,,,
10.1007/s13632-023-01036-z,,1036_CR17,,,,,"M.-A. Charpagne, T. Billot, J.-M. Franchet, and N. Bozzolo, in Superalloys 2016: Proceedings of the 13th International Symposium on Superalloys, 2016, pp. 417–426.",,,,,
10.1007/s13632-023-01036-z,10.1111/jmi.12380,1036_CR18,M-A Charpagne,2016.0,,J. Microsc.,"M.-A. Charpagne, P. Venne´gue`s, T. Billot, J.-M. Franchet, N. Bozzolo, J. Microsc. 263(1), 106–112 (2016)",,,,,
10.1007/s13632-023-01036-z,10.1016/j.scriptamat.2020.09.012,1036_CR19,S Katnagallu,2021.0,,Scripta Mater.,"S. Katnagallu, S. Vernier, M.-A. Charpagne, B. Gault, N. Bozzolo, P. Kontis, Scripta Mater. 191, 7–11 (2021)",,,,,
10.1007/s13632-023-01036-z,10.1016/j.scriptamat.2017.04.018,1036_CR20,V Miller,2017.0,,Scripta Mater.,"V. Miller, E. Payton, A. Pilchak, Scripta Mater. 136, 128–131 (2017)",,,,,
10.1007/s13632-023-01036-z,,1036_CR21,,,,,"T. Gabb: Comparison of [gamma-gamma] prime phase coarsening responses of three powder metal disk superalloys, NASA technical memorandum, National Aeronautics and Space Administration, Glenn Research Center, 2016.",,,,,
10.1007/s13632-023-01036-z,10.7449/2008/Superalloys_2008_923_932,1036_CR22,,,,,"G. Olson, H.-J. Jou, J. Jung, J. Sebastian, A. Misra, I. Locci, and D. Hull, in Superalloys 2008, TMS (The Minerals, Metals & Materials Society), 2008 pp. 923–932.",,,,,
10.1007/s13632-023-01036-z,10.1007/s11661-011-1035-y,1036_CR23,SL Semiatin,2012.0,,Metall. Mater. Trans. A,"S.L. Semiatin, K.E. McClary, A.D. Rollett, C.G. Roberts, E.J. Payton, F. Zhang, T.P. Gabb, Metall. Mater. Trans. A. 43(5), 1649–1661 (2012)",,,,,
10.1007/s13632-023-01036-z,,1036_CR24,,,,,"Thermo-Calc Software AB: TCNI9/Ni-Alloys database version 9.1, 2019.",,,,,
10.1007/s13632-023-01036-z,10.4028/www.scientific.net/SSP.160.63,1036_CR25,F Bachmann,2010.0,,Solid State Phenom.,"F. Bachmann, R. Hielscher, H. Schaeben, Solid State Phenom. 160, 63–68 (2010)",,,,,
10.1007/s13632-023-01036-z,10.1016/j.matchar.2018.06.015,1036_CR26,S Vernier,2018.0,,Mater. Charact.,"S. Vernier, J.-M. Franchet, M. Lesne, T. Douillard, J. Silvent, C. Langlois, N. Bozzolo, Mater. Charact. 142, 492–503 (2018)",,,,,
10.1007/s13632-023-01036-z,10.1007/s11661-018-4734-9,1036_CR27,S Vernier,2018.0,,Metall. Mater. Trans. A,"S. Vernier, J.-M. Franchet, C. Dumont, N. Bozzolo, Metall. Mater. Trans. A. 49(9), 4308–4323 (2018)",,,,,
10.1007/s13632-023-01036-z,10.1007/978-0-387-88136-2_18,1036_CR28,,,,,"L. N. Brewer, D. P. Field, and C. C. Merriman, in Electron Backscatter Diffraction in Materials Science, pp. 251–262, 2009.",,,,,
10.1007/s13632-023-01036-z,10.1016/j.commatsci.2021.110317,1036_CR29,MR O’Masta,2021.0,,Comput. Mater. Sci.,"M.R. O’Masta, E.C. Clough, J.H. Martin, Comput. Mater. Sci. 192, 110317 (2021)",,,,,
10.1007/s13632-023-01036-z,,1036_CR30,F Humphreys,2004.0,,,"F. Humphreys, M. Hatherly, Recrystallization and Related Annealing Phenomena (Pergamon, Oxford, 2004)",,,,,
10.1007/s13632-023-01036-z,10.1016/S0921-5093(00)01235-1,1036_CR31,LP Troeger,2000.0,,Mater. Sci. Eng. A,"L.P. Troeger, E.A. Starke Jr., Mater. Sci. Eng. A. 293(1), 19–29 (2000)",,,,,
10.1007/s13632-023-01036-z,10.1016/j.actamat.2017.04.008,1036_CR32,S Balachandran,2017.0,,Acta Mater.,"S. Balachandran, S. Kumar, D. Banerjee, Acta Mater. 131, 423–434 (2017)",,,,,
10.1007/s13632-023-01036-z,10.1016/j.scriptamat.2020.01.027,1036_CR33,Z Zou,2020.0,,Scripta Mater.,"Z. Zou, M. Simonelli, J. Katrib, G. Dimitrakis, R. Hague, Scripta Mater. 180, 66–70 (2020)",,,,,
10.1007/s13632-023-01036-z,10.1038/nature23894,1036_CR34,JH Martin,2017.0,,Nature,"J.H. Martin, B.D. Yahata, J.M. Hundley, J.A. Mayer, T.A. Schaedler, T.M. Pollock, Nature. 549(7672), 365–369 (2017)",,,,,
10.1007/s13632-024-01121-x,10.1016/j.scriptamat.2006.02.017,1121_CR1,A Brahme,2006.0,,Scr. Mater.,"A. Brahme, M.H. Alvi, D. Saylor, J. Fridy, A.D. Rollett, 3D reconstruction of microstructure in a commercial purity aluminum. Scr. Mater. 55, 75–80 (2006). https://doi.org/10.1016/j.scriptamat.2006.02.017",,,,,
10.1007/s13632-024-01121-x,10.1016/j.actamat.2006.11.035,1121_CR2,Z Zhao,2007.0,,Acta Mater.,"Z. Zhao, S. Kuchnicki, R. Radovitzky, A. Cuitiño, Influence of in-grain mesh resolution on the prediction of deformation textures in fcc polycrystals by crystal plasticity FEM. Acta Mater. 55, 2361–2373 (2007). https://doi.org/10.1016/j.actamat.2006.11.035",,,,,
10.1007/s13632-024-01121-x,10.1016/j.actamat.2006.11.018,1121_CR3,N Moelans,2007.0,,Acta Mater.,"N. Moelans, B. Blanpain, P. Wollants, Pinning effect of second-phase particles on grain growth in polycrystalline films studied by 3-D phase field simulations. Acta Mater. 55, 2173–2182 (2007). https://doi.org/10.1016/j.actamat.2006.11.018",,,,,
10.1007/s13632-024-01121-x,10.1016/j.actamat.2007.11.040,1121_CR4,M Groeber,2008.0,,Acta Mater.,"M. Groeber, S. Ghosh, M.D. Uchic, D.M. Dimiduk, A framework for automated analysis and simulation of 3D polycrystalline microstructures Part 2: synthetic structure generation. Acta Mater. 56, 1274–1287 (2008). https://doi.org/10.1016/j.actamat.2007.11.040",,,,,
10.1007/s13632-024-01121-x,10.1016/j.actamat.2008.09.010,1121_CR5,G Wang,2009.0,,Acta Mater.,"G. Wang, D.S. Xu, N. Ma, N. Zhou, E.J. Payton, R. Yang, M.J. Mills, Y. Wang, Simulation study of effects of initial particle size distribution on dissolution. Acta Mater. 57, 316–325 (2009). https://doi.org/10.1016/j.actamat.2008.09.010",,,,,
10.1007/s13632-024-01121-x,10.1016/j.scriptamat.2009.12.007,1121_CR6,P Sepehrband,2010.0,,Scr. Mater.,"P. Sepehrband, S. Esmaeili, A methodology for Monte Carlo simulation of recrystallization in an overaged and cold-rolled precipitation-hardenable aluminum alloy. Scr. Mater. 63, 4–7 (2010). https://doi.org/10.1016/j.scriptamat.2009.12.007",,,,,
10.1007/s13632-024-01121-x,10.1016/j.cma.2011.01.002,1121_CR7,R Quey,2011.0,,Comput. Methods Appl. Mech. Eng.,"R. Quey, P.R. Dawson, F. Barbe, Large-scale 3D random polycrystals for the finite element method: generation, meshing and remeshing. Comput. Methods Appl. Mech. Eng. 200, 1729–1745 (2011). https://doi.org/10.1016/j.cma.2011.01.002",,,,,
10.1007/s13632-024-01121-x,10.1063/1.3686605,1121_CR8,M Gonzales,2012.0,,AIP Conf. Proc.,"M. Gonzales, A. Gurumurthy, A. Gokhale, N. Thadhani, Meso-scale simulations of strain-induced reaction mechanisms in Ti/Al/B heterogeneous systems. AIP Conf. Proc. 1426, 1659–1662 (2012). https://doi.org/10.1063/1.3686605",,,,,
10.1007/s13632-024-01121-x,10.1007/s00466-014-1068-3,1121_CR9,S Falco,2014.0,,Comput. Mech.,"S. Falco, P. Siegkas, E. Barbieri, N. Petrinic, A new method for the generation of arbitrarily shaped 3D random polycrystalline domains. Comput. Mech. 54, 1447–1460 (2014). https://doi.org/10.1007/s00466-014-1068-3",,,,,
10.1007/s13632-024-01121-x,10.1016/j.actamat.2015.04.037,1121_CR10,P Sepehrband,2015.0,,Acta Mater.,"P. Sepehrband, X. Wang, H. Jin, S. Esmaeili, Microstructural evolution during non-isothermal annealing of a precipitation-hardenable aluminum alloy: Experiment and simulation. Acta Mater. 94, 111–123 (2015). https://doi.org/10.1016/j.actamat.2015.04.037",,,,,
10.1007/s13632-024-01121-x,10.1063/1.4971613,1121_CR11,,,,,"M. Gonzales, A. Gurumurthy, G.B. Kennedy, A.M. Gokhale, N.N. Thadhani, Meso-scale heterogeneity effects on the bulk shock response of Ti+2B reactive powder mixtures, in: Tampa Bay, Florida, USA, 2017:pp 080007. https://doi.org/10.1063/1.4971613.",,,,,
10.1007/s13632-024-01121-x,10.1016/j.scriptamat.2014.04.024,1121_CR12,A Gurumurthy,2014.0,,Scr. Mater.,"A. Gurumurthy, M. Gonzales, A.M. Gokhale, N.N. Thadhani, Bulk orientational anisotropy without spatial anisotropy due to powder compaction in Al–Ti–B compacts. Scr. Mater. 86, 28–31 (2014). https://doi.org/10.1016/j.scriptamat.2014.04.024",,,,,
10.1007/s13632-024-01121-x,10.1016/j.scriptamat.2005.12.042,1121_CR13,D Zöllner,2006.0,,Scr. Mater.,"D. Zöllner, P. Streitenberger, Three-dimensional normal grain growth: Monte Carlo Potts model simulation and analytical mean field theory. Scr. Mater. 54, 1697–1702 (2006). https://doi.org/10.1016/j.scriptamat.2005.12.042",,,,,
10.1007/s13632-024-01121-x,10.2172/966942,1121_CR14,,,,,"C. Garcia Cardona, E.B. Webb III, G.J. Wagner, V. Tikare, E.A. Holm, S.J. Plimpton, A.P. Thompson, A. Slepoy, X.W. Zhou, C.C. Battaile, M.E. Chandross, Crossing the mesoscale no-mans land via parallel kinetic Monte Carlo., 2009. https://doi.org/10.2172/966942.",,,,,
10.1007/s13632-024-01121-x,10.1016/S1359-6454(02)00084-8,1121_CR15,CE Krill III,2002.0,,Acta Mater.,"C.E. Krill III., L.-Q. Chen, Computer simulation of 3-D grain growth using a phase-field model. Acta Mater. 50, 3059–3075 (2002). https://doi.org/10.1016/S1359-6454(02)00084-8",,,,,
10.1007/s13632-024-01121-x,10.1016/j.actamat.2012.01.037,1121_CR16,R Darvishi Kamachali,2012.0,,Acta Mater.,"R. Darvishi Kamachali, I. Steinbach, 3-D phase-field simulation of grain growth: Topological analysis versus mean-field approximations. Acta Mater. 60, 2719–2728 (2012). https://doi.org/10.1016/j.actamat.2012.01.037",,,,,
10.1007/s13632-024-01121-x,10.1557/opl.2013.361,1121_CR17,M Gonzales,2013.0,,MRS Online Proc. Libr. Arch.,"M. Gonzales, A. Gurumurthy, G.B. Kennedy, A.M. Gokhale, N.N. Thadhani, Microstructure-based simulations of the high-strain-rate response of heterogeneous Ti/Al/B reactive powder mixtures. MRS Online Proc. Libr. Arch. (2013). https://doi.org/10.1557/opl.2013.361",,,,,
10.1007/s13632-024-01121-x,10.1007/s13632-013-0100-x,1121_CR18,A Gurumurthy,2013.0,,Metallogr. Microstruct. Anal.,"A. Gurumurthy, A.M. Gokhale, A. Godha, M. Gonzales, Montage serial sectioning: some finer aspects of practice. Metallogr. Microstruct. Anal. 2, 364–371 (2013). https://doi.org/10.1007/s13632-013-0100-x",,,,,
10.1007/s13632-024-01121-x,10.1080/10586458.1992.10504253,1121_CR19,KA Brakke,1992.0,,Exp. Math.,"K.A. Brakke, The surface evolver. Exp. Math. 1, 141–165 (1992). https://doi.org/10.1080/10586458.1992.10504253",,,,,
10.1007/s13632-024-01121-x,10.1007/s11661-017-4031-z,1121_CR20,YA Coutinho,2017.0,,Metall. Mater. Trans. A,"Y.A. Coutinho, S.C.K. Rooney, E.J. Payton, Analysis of EBSD grain size measurements using microstructure simulations and a customizable pattern matching library for grain perimeter estimation. Metall. Mater. Trans. A. 48, 2375–2395 (2017). https://doi.org/10.1007/s11661-017-4031-z",,,,,
10.1007/s13632-024-01121-x,10.1016/S0921-5093(97)00716-8,1121_CR21,K Mehnert,1998.0,,Mater. Sci. Eng. A,"K. Mehnert, J. Ohser, P. Klimanek, Testing stereological methods for the estimation of spatial size distributions by means of computer-simulated grain structures. Mater. Sci. Eng. A. 246, 207–212 (1998). https://doi.org/10.1016/S0921-5093(97)00716-8",,,,,
10.1007/s13632-024-01121-x,10.1007/s11661-018-4808-8,1121_CR22,ARC Gerlt,2018.0,,Metall. Mater. Trans. A,"A.R.C. Gerlt, R.S. Picard, A.E. Saurber, A.K. Criner, S.L. Semiatin, E.J. Payton, A transfer function for relating mean 2D cross-section measurements to mean 3D particle sizes. Metall. Mater. Trans. A. 49, 4424–4428 (2018). https://doi.org/10.1007/s11661-018-4808-8",,,,,
10.1007/s13632-024-01121-x,10.1111/jace.15950,1121_CR23,ARC Gerlt,2019.0,,J. Am. Ceram. Soc.,"A.R.C. Gerlt, A.K. Criner, L. Semiatin, E.J. Payton, On the grain size proportionality constants calculated in M.I. Mendelson’s “Average Grain Size in Polycrystalline Ceramics.” J. Am. Ceram. Soc. 102, 37–41 (2019). https://doi.org/10.1111/jace.15950",,,,,
10.1007/s13632-024-01121-x,10.1088/1742-6596/500/5/052013,1121_CR24,M Gonzales,2014.0,,J. Phys. Conf. Ser.,"M. Gonzales, A. Gurumurthy, G.B. Kennedy, A.M. Gokhale, N.N. Thadhani, Shock compression response of Ti+B reactive powder mixtures. J. Phys. Conf. Ser. 500, 052013 (2014). https://doi.org/10.1088/1742-6596/500/5/052013",,,,,
10.1007/s13632-024-01121-x,10.1007/978-3-319-44677-6_13,1121_CR25,,,,,"S. Ghosh, M.A. Groeber, Developing Virtual Microstructures and Statistically Equivalent Representative Volume Elements for Polycrystalline Materials, in: W. Andreoni, S. Yip (Eds.), Handb. Mater. Model. Methods Theory Model., Springer International Publishing, Cham, 2020: pp. 1631–1656. https://doi.org/10.1007/978-3-319-44677-6_13.",,,,,
10.1007/s13632-024-01121-x,,1121_CR26,,,,,"Anaconda Python, Anaconda (Continuum Analytics), 2017. http://www.anaconda.com.",,,,,
10.1007/s13632-024-01121-x,10.1109/MCSE.2011.37,1121_CR27,S van der Walt,2011.0,,Comput. Sci. Eng.,"S. van der Walt, S.C. Colbert, G. Varoquaux, The NumPy Array: A Structure for Efficient Numerical Computation. Comput. Sci. Eng. 13, 22–30 (2011). https://doi.org/10.1109/MCSE.2011.37",,,,,
10.1007/s13632-024-01121-x,10.25080/Majora-92bf1922-011,1121_CR28,,,,,"S. Seabold, J. Perktold, Statsmodels: Econometric and Statistical Modeling with Python, in: Austin, Texas, 2010: pp. 92–96. https://doi.org/10.25080/Majora-92bf1922-011.",,,,,
10.1007/s13632-024-01121-x,10.1145/2001576.2001688,1121_CR29,,,,,"S. Finck, H.-G. Beyer, A. Melkozerov, Noisy optimization: a theoretical strategy comparison of ES, EGS, SPSA & IF on the noisy sphere, in: Proc. 13th Annu. Conf. Genet. Evol. Comput. - GECCO 11, ACM Press, Dublin, Ireland, 2011: p. 813. https://doi.org/10.1145/2001576.2001688.",,,,,
10.1007/s13632-024-01121-x,,1121_CR30,,,,,"E. Jones, T. Oliphant, P. Peterson, SciPy: Open source scientific tools for Python, 2001. http://www.scipy.org.",,,,,
10.1007/s13632-024-01121-x,10.1109/MCSE.2007.55,1121_CR31,JD Hunter,2007.0,,Comput. Sci. Eng.,"J.D. Hunter, Matplotlib: A 2D Graphics Environment. Comput. Sci. Eng. 9, 90–95 (2007). https://doi.org/10.1109/MCSE.2007.55",,,,,
10.1007/s13632-024-01121-x,,1121_CR32,,,,,"S.A.F. Lund, ndarray_plot, 2015. https://github.com/safl/ndarray_plot (accessed June 28, 2017).",,,,,
10.1007/s13632-024-01121-x,10.1016/B978-012387582-2/50038-1,1121_CR33,JP Ahrens,2005.0,,Vis. Handb.,"J.P. Ahrens, B. Geveci, C.C.W. Law, ParaView: an end-user tool for large-data visualization. Vis. Handb. (2005). https://doi.org/10.1016/B978-012387582-2/50038-1",,,,,
10.1007/s13632-024-01121-x,10.1016/0022-3697(61)90054-3,1121_CR34,IM Lifshitz,1961.0,,J. Phys. Chem. Solids,"I.M. Lifshitz, V.V. Slyozov, The kinetics of precipitation from supersaturated solid solutions. J. Phys. Chem. Solids. 19, 35–50 (1961)",,,,,
10.1007/s13632-024-01121-x,10.1007/s10589-010-9329-3,1121_CR35,F Gao,2012.0,,Comput. Optim. Appl.,"F. Gao, L. Han, Implementing the Nelder-Mead simplex algorithm with adaptive parameters. Comput. Optim. Appl. 51, 259–277 (2012). https://doi.org/10.1007/s10589-010-9329-3",,,,,
10.1007/s13632-024-01121-x,10.1109/9.119632,1121_CR36,JC Spall,1992.0,,IEEE Trans. Autom. Control,"J.C. Spall, Multivariate stochastic approximation using a simultaneous perturbation gradient approximation. IEEE Trans. Autom. Control. 37, 332–341 (1992). https://doi.org/10.1109/9.119632",,,,,
10.1007/s13632-024-01121-x,10.1103/PhysRevA.43.2662,1121_CR37,EA Holm,1991.0,,Phys. Rev. A,"E.A. Holm, J.A. Glazier, D.J. Srolovitz, G.S. Grest, Effects of lattice anisotropy and temperature on domain growth in the two-dimensional Potts model. Phys. Rev. A. 43, 2662–2668 (1991). https://doi.org/10.1103/PhysRevA.43.2662",,,,,
10.1007/s13632-024-01121-x,10.4086/toc.2012.v008a019,1121_CR38,PF Felzenszwalb,2012.0,,Theory Comput.,"P.F. Felzenszwalb, D.P. Huttenlocher, Distance transforms of sampled functions. Theory Comput. 8, 415–428 (2012). https://doi.org/10.4086/toc.2012.v008a019",,,,,
10.1007/s13632-024-01121-x,10.1016/j.actamat.2014.08.063,1121_CR39,JK Mason,2015.0,,Acta Mater.,"J.K. Mason, J. Lind, S.F. Li, B.W. Reed, M. Kumar, Kinetics and anisotropy of the Monte Carlo model of grain growth. Acta Mater. 82, 155–166 (2015). https://doi.org/10.1016/j.actamat.2014.08.063",,,,,
10.1007/s13632-024-01121-x,10.1038/srep14634,1121_CR40,C Ionescu-Tirgoviste,2015.0,,Sci. Rep.,"C. Ionescu-Tirgoviste, P.A. Gagniuc, E. Gubceac, L. Mardare, I. Popescu, S. Dima, M. Militaru, A 3D map of the islet routes throughout the healthy human pancreas. Sci. Rep. 5, 1–14 (2015). https://doi.org/10.1038/srep14634",,,,,
10.1007/s13632-024-01121-x,10.1007/s11661-004-0228-z,1121_CR41,SL Semiatin,2004.0,,Metall. Mater. Trans. A,"S.L. Semiatin, B.C. Kirby, G.A. Salishchev, Coarsening behavior of an alpha-beta titanium alloy. Metall. Mater. Trans. A. 35, 2809–2819 (2004). https://doi.org/10.1007/s11661-004-0228-z",,,,,
10.1007/s13632-024-01121-x,10.1007/s11661-006-1091-x,1121_CR42,SL Semiatin,2006.0,,Metall. Mater. Trans. A,"S.L. Semiatin, M.W. Corbett, P.N. Fagin, G.A. Salishchev, C.S. Lee, Dynamic-coarsening behavior of an α/β titanium alloy. Metall. Mater. Trans. A. 37, 1125–1136 (2006). https://doi.org/10.1007/s11661-006-1091-x",,,,,
10.1007/s13632-024-01121-x,10.1007/s11661-016-3625-1,1121_CR43,SL Semiatin,2016.0,,Metall. Mater. Trans. A,"S.L. Semiatin, F. Sun, E.M. Crist, K.O. Yu, G.A. Sargent, D.G. Sanders, Coarsening behavior and plastic flow of Ti-6Al-2Sn-4Zr-2Mo-0.1Si with an ultrafine microstructure. Metall. Mater. Trans. A. 47, 4374–4377 (2016). https://doi.org/10.1007/s11661-016-3625-1",,,,,
10.1007/s13632-024-01121-x,10.1007/s11661-008-9650-y,1121_CR44,GA Sargent,2008.0,,Metall. Mater. Trans. A,"G.A. Sargent, A.P. Zane, P.N. Fagin, A.K. Ghosh, S.L. Semiatin, Low-temperature coarsening and plastic flow behavior of an alpha/beta titanium billet material with an ultrafine microstructure. Metall. Mater. Trans. A. 39, 2949 (2008). https://doi.org/10.1007/s11661-008-9650-y",,,,,
10.1007/s13632-024-01121-x,10.1016/j.commatsci.2017.03.053,1121_CR45,TM Rodgers,2017.0,,Comput. Mater. Sci.,"T.M. Rodgers, J.D. Madison, V. Tikare, Simulation of metal additive manufacturing microstructures using kinetic Monte Carlo. Comput. Mater. Sci. 135, 78–89 (2017). https://doi.org/10.1016/j.commatsci.2017.03.053",,,,,
10.1007/s13632-024-01121-x,10.1016/j.commatsci.2019.03.012,1121_CR46,MR Rolchigo,2019.0,,Comput. Mater. Sci.,"M.R. Rolchigo, R. LeSar, Application of alloy solidification theory to cellular automata modeling of near-rapid constrained solidification. Comput. Mater. Sci. 163, 148–161 (2019). https://doi.org/10.1016/j.commatsci.2019.03.012",,,,,
10.1007/s13632-024-01121-x,10.1016/j.actamat.2021.116930,1121_CR47,K Teferra,2021.0,,Acta Mater.,"K. Teferra, D.J. Rowenhorst, Optimizing the cellular automata finite element model for additive manufacturing to simulate large microstructures. Acta Mater. 213, 116930 (2021). https://doi.org/10.1016/j.actamat.2021.116930",,,,,
10.1007/s13632-024-01121-x,10.1007/s11665-021-06110-7,1121_CR48,J Pauza,2021.0,,J. Mater. Eng. Perform.,"J. Pauza, A. Rollett, Simulation study of hatch spacing and layer thickness effects on microstructure in laser powder bed fusion additive manufacturing using a texture-aware solidification potts model. J. Mater. Eng. Perform. 30, 7007–7018 (2021). https://doi.org/10.1007/s11665-021-06110-7",,,,,
10.1007/s13632-024-01124-8,10.1046/j.1365-2818.1999.00571.x,1124_CR1,AP Day,1999.0,,J. Microsc.,"A.P. Day, T.E. Quested, A comparison of grain imaging and measurement using horizontal orientation and colour orientation contrast imaging, electron backscatter pattern and optical methods. J. Microsc. 195, 186–196 (1999). https://doi.org/10.1046/j.1365-2818.1999.00571.x",,,,,
10.1007/s13632-024-01124-8,10.1080/00202967.2000.11871309,1124_CR2,T Weiss,2000.0,,Trans. IMF,"T. Weiss, P. Davies, Grain size measurement of aluminium wire using light microscopy and crystal orientation mapping in the SEM. Trans. IMF. 78, 65–66 (2000). https://doi.org/10.1080/00202967.2000.11871309",,,,,
10.1007/s13632-024-01124-8,10.1007/s10853-005-3867-6,1124_CR3,N Gao,2005.0,,J. Mater. Sci.,"N. Gao, S.C. Wang, H.S. Ubhi, M.J. Starink, A comparison of grain size determination by light microscopy and EBSD analysis. J. Mater. Sci. 40, 4971–4974 (2005). https://doi.org/10.1007/s10853-005-3867-6",,,,,
10.1007/s13632-024-01124-8,10.4028/www.scientific.net/MSF.495-497.213,1124_CR4,S Piazolo,2005.0,,Mater. Sci. Forum,"S. Piazolo, V.G. Sursaeva, D.J. Prior, Optical grain size measurements: What is being measured? comparative study of optical and EBSD grain sizes determination in 2D Al foil. Mater. Sci. Forum. 495–497, 213–218 (2005). https://doi.org/10.4028/www.scientific.net/MSF.495-497.213",,,,,
10.1007/s13632-024-01124-8,10.1111/j.1365-2818.2007.01814.x,1124_CR5,KP Mingard,2007.0,,J. Microsc.,"K.P. Mingard, B. Roebuck, E.G. Bennett, M. Thomas, B.P. Wynne, E.J. Palmiere, Grain size measurement by EBSD in complex hot deformed metal alloy microstructures. J. Microsc. 227, 298–308 (2007). https://doi.org/10.1111/j.1365-2818.2007.01814.x",,,,,
10.1007/s13632-024-01124-8,10.1016/j.ijrmhm.2008.06.009,1124_CR6,KP Mingard,2009.0,,Int. J. Refract. Met. Hard Mater.,"K.P. Mingard, B. Roebuck, E.G. Bennett, M.G. Gee, H. Nordenstrom, G. Sweetman, P. Chan, Comparison of EBSD and conventional methods of grain size measurement of hardmetals. Int. J. Refract. Met. Hard Mater. 27, 213–223 (2009). https://doi.org/10.1016/j.ijrmhm.2008.06.009",,,,,
10.1007/s13632-024-01124-8,,1124_CR7,,,,,"K.P. Mingard, P.N. Quested, M.S. Peck, Determination of grain size by EBSD—Report on a round robin measurement of equiaxed titanium. in National Physical Laboratory Report NPL REPORT MAT 56, Teddington, UK (2012)",,,,,
10.1007/s13632-024-01124-8,10.1016/j.micron.2017.06.001,1124_CR8,H Chen,2017.0,,Micron,"H. Chen, Y. Yao, J.A. Warner, J. Qu, F. Yun, Z. Ye, S.P. Ringer, R. Zheng, Grain size quantification by optical microscopy, electron backscatter diffraction, and magnetic force microscopy. Micron. 101, 41–47 (2017). https://doi.org/10.1016/j.micron.2017.06.001",,,,,
10.1007/s13632-024-01124-8,10.1016/j.matchar.2019.109835,1124_CR9,V Sinha,2020.0,,Mater Charact,"V. Sinha, M. Gonzales, R.A. Abrahams, B.S. Song, E.J. Payton, Correlative microscopy for quantification of prior austenite grain size in AF9628 steel. Mater Charact. 159, 109835 (2020). https://doi.org/10.1016/j.matchar.2019.109835",,,,,
10.1007/s13632-024-01124-8,10.1016/j.matchar.2021.110977,1124_CR10,B Flipon,2021.0,,Mater Charact,"B. Flipon, V. Grand, B. Murgas, A. Gaillac, A. Nicolaÿ, N. Bozzolo, M. Bernacki, Grain size characterization in metallic alloys using different microscopy and post-processing techniques. Mater Charact. 174, 110977 (2021). https://doi.org/10.1016/j.matchar.2021.110977",,,,,
10.1007/s13632-024-01124-8,,1124_CR11,GF Vander Voort,1999.0,,,"G.F. Vander Voort, Metallography, Principles and Practice (ASM International, Ohio, 1999)",,,,,
10.1007/s13632-024-01124-8,,1124_CR12,,,,,"G.F. Vander Voort, Grain Size Measurement: The Jeffries Planimetric Method, Vac Aero Int. (2012), https://vacaero.com/information-resources/metallography-with-george-vander-voort/1269-grain-size-measurement-the-jeffries-planimetric-method.html. Accessed 11 March 2024",,,,,
10.1007/s13632-024-01124-8,10.1520/E0112-13R21,1124_CR13,E04 Committee,2021.0,,Test Methods for Determining Average Grain Size,"E04 Committee, Test Methods for Determining Average Grain Size. (2021). https://doi.org/10.1520/E0112-13R21",,,,,
10.1007/s13632-024-01124-8,10.1017/S143192761100506X,1124_CR14,J Friel,2011.0,,Microsc. Microanal.,"J. Friel, S. Wright, S. Sitzman, ASTM grain size by EBSD—A new standard. Microsc. Microanal. 17, 838–839 (2011). https://doi.org/10.1017/S143192761100506X",,,,,
10.1007/s13632-024-01124-8,10.1520/E2627-13R19,1124_CR15,,,,,"Practice for Determining Average Grain Size Using Electron Backscatter Diffraction (EBSD) in Fully Recrystallized Polycrystalline Materials, (2019), https://doi.org/10.1520/E2627-13R19",,,,,
10.1007/s13632-024-01124-8,,1124_CR16,,,,,"A. Deal, E2627-Practice for Determining Average Grain Size Using Electron Backscatter Diffraction (EBSD) in Fully Recrystallized Polycrystalline Materials, ASTM International, West Conshohocken, (2013), https://www.astm.org/rr-e04-1008.html. Accessed 11 March 2024",,,,,
10.1007/s13632-024-01124-8,10.6028/NIST.IR.7814,1124_CR17,A Creuziger,2011.0,,,"A. Creuziger, M. Vaudin, Report on VAMAS Round Robin of ISO 13067: Microbeam Analysis—Electron Backscatter Diffraction—Measurement of Average Grain Size (National Institute of Standards and Technology, Gaithersburg, 2011) https://doi.org/10.6028/NIST.IR.7814",,,,,
10.1007/s13632-024-01124-8,10.1088/1757-899X/55/1/012011,1124_CR18,KP Mingard,2014.0,,IOP Conf. Ser. Mater. Sci. Eng.,"K.P. Mingard, A.P. Day, P.N. Quested, Recent developments in two fundamental aspects of electron backscatter diffraction—IOPscience. IOP Conf. Ser. Mater. Sci. Eng. 55, 012011 (2014). https://doi.org/10.1088/1757-899X/55/1/012011",,,,,
10.1007/s13632-024-01124-8,10.1007/s11661-017-4031-z,1124_CR19,YA Coutinho,2017.0,,Metall. Mater. Trans. A,"Y.A. Coutinho, S.C.K. Rooney, E.J. Payton, Analysis of EBSD Grain size measurements using microstructure simulations and a customizable pattern matching library for grain perimeter estimation. Metall. Mater. Trans. A. 48, 2375–2395 (2017). https://doi.org/10.1007/s11661-017-4031-z",,,,,
10.1007/s13632-024-01124-8,,1124_CR20,GF Vander Voort,1992.0,,,"G.F. Vander Voort, Interlaboratory Study to Establish Precision Statements for ASTM E112 Tests for Determining the Average Grain Size (ASTM International, West Conshohocken, 1992)",,,,,
10.1007/s13632-024-01124-8,10.1007/s13632-017-0403-4,1124_CR21,V Sinha,2017.0,,Metallogr. Microstruct. Anal.,"V. Sinha, E.J. Payton, M. Gonzales, R.A. Abrahams, B.S. Song, Delineation of prior austenite grain boundaries in a low-alloy high-performance steel. Metallogr. Microstruct. Anal. 6, 610–618 (2017). https://doi.org/10.1007/s13632-017-0403-4",,,,,
10.1007/s13632-024-01124-8,10.1186/2193-9772-3-5,1124_CR22,MA Groeber,2014.0,,Integr. Mater. Manuf. Innov.,"M.A. Groeber, M.A. Jackson, DREAM.3D: A digital representation environment for the analysis of microstructure in 3D. Integr. Mater. Manuf. Innov. 3, 56–72 (2014). https://doi.org/10.1186/2193-9772-3-5",,,,,
10.1007/s13632-024-01124-8,10.4028/www.scientific.net/SSP.160.63,1124_CR23,F Bachmann,2010.0,,Solid State Phenom.,"F. Bachmann, R. Hielscher, H. Schaeben, Texture analysis with MTEX—Free and open source software toolbox. Solid State Phenom. 160, 63–68 (2010). https://doi.org/10.4028/www.scientific.net/SSP.160.63",,,,,
10.1007/s13632-024-01124-8,10.1179/174328406X130876,1124_CR24,SI Wright,2006.0,,Mater. Sci. Technol.,"S.I. Wright, Random thoughts on non-random misorientation distributions. Mater. Sci. Technol. 22, 1287–1296 (2006). https://doi.org/10.1179/174328406X130876",,,,,
10.1007/s13632-024-01124-8,10.1016/j.ultramic.2015.08.001,1124_CR25,SI Wright,2015.0,,Ultramicroscopy,"S.I. Wright, M.M. Nowell, S.P. Lindeman, P.P. Camus, M. De Graef, M.A. Jackson, Introduction and comparison of new EBSD post-processing methodologies. Ultramicroscopy. 159, 81–94 (2015). https://doi.org/10.1016/j.ultramic.2015.08.001",,,,,
10.1007/s13632-024-01124-8,10.1016/j.ultramic.2011.08.002,1124_CR26,F Bachmann,2011.0,,Ultramicroscopy,"F. Bachmann, R. Hielscher, H. Schaeben, Grain detection from 2D and 3D EBSD data—Specification of the MTEX algorithm. Ultramicroscopy. 111, 1720–1733 (2011). https://doi.org/10.1016/j.ultramic.2011.08.002",,,,,
10.1007/s13632-024-01162-2,10.1007/BF02662639,1162_CR1,RA Grange,1971.0,,Metall. Trans.,"R.A. Grange, The rapid heat treatment of steel. Metall. Trans. 2, 65–78 (1971)",,,,,
10.1007/s13632-024-01162-2,10.1007/s11661-016-3525-4,1162_CR2,J Hidalgo,2016.0,,Metall. Mater. Trans. A.,"J. Hidalgo, M.J. Santofimia, Effect of prior austenite grain size refinement by thermal cycling on the microstructural features of As-Quenched Lath Martensite. Metall. Mater. Trans. A. 47A, 5288–5301 (2016)",,,,,
10.1007/s13632-024-01162-2,10.2320/matertrans.M2013079,1162_CR3,S Takebayashi,2013.0,,Mater. Trans.,"S. Takebayashi, K. Ushioda, N. Yoshinaga, S. Ogata, Effect of carbide size distribution on the impact toughness of tempered martensitic steels with two different prior austenite grain sizes evaluated by instrumented charpy test. Mater. Trans. 54(7), 1110–1119 (2013). https://doi.org/10.2320/matertrans.M2013079",,,,,
10.1007/s13632-024-01162-2,10.1016/j.msea.2018.04.005,1162_CR4,SL Gibbons,2018.0,,Mater. Sci. Eng. A,"S.L. Gibbons, R.A. Abrahams, M.W. Vaughan, R.E. Barber, R.C. Harris, R. Arroyave, I. Karaman, Microstructural refinement in an ultra-high strength martensitic steel via equal channel angular pressing. Mater. Sci. Eng. A. 725, 57–64 (2018). https://doi.org/10.1016/j.msea.2018.04.005",,,,,
10.1007/s13632-024-01162-2,10.2355/isijinternational.48.1038,1162_CR5,T Furuhara,2008.0,,ISIJ Int.,"T. Furuhara, K. Kikumoto, H. Saito, T. Sekine, T. Ogawa, S. Morito, T. Maki, Phase transformation from fine-grained austenite. ISIJ Int. 48(8), 1038–1045 (2008)",,,,,
10.1007/s13632-024-01162-2,10.1007/s12540-020-00700-1,1162_CR6,Z Nasiri,2021.0,,Met. Mater. Int.,"Z. Nasiri, S. Ghaemifar, M. Naghizadeh, H. Mirzadeh, Thermal mechanisms of grain refinement in steels: a review. Met. Mater. Int. 27, 2078–2094 (2021). https://doi.org/10.1007/s12540-020-00700-1",,,,,
10.1007/s13632-024-01162-2,10.1007/s13632-017-0403-4,1162_CR7,V Sinha,2017.0,,Metall. Microstruct. Anal.,"V. Sinha, E.J. Payton, M. Gonzales, R.A. Abrahams, B.S. Song, Delineation of prior austenite grain boundaries in a low-alloy high-performance steel. Metall. Microstruct. Anal. 6(6), 610–618 (2017). https://doi.org/10.1007/s13632-017-0403-4",,,,,
10.1007/s13632-024-01162-2,10.1016/j.matchar.2013.05.002,1162_CR8,F Christien,2013.0,,Mater Charact.,"F. Christien, M.T.F. Telling, K.S. Knight, A comparison of dilatometry and in-situ neutron diffraction in tracking bulk phase transformations in a martensitic stainless steel. Mater Charact. 82, 50–57 (2013). https://doi.org/10.1016/j.matchar.2013.05.002",,,,,
10.1007/s13632-024-01162-2,10.1111/j.1365-2818.2011.03524.x,1162_CR9,AR Shiveley,2011.0,,J. Microsc.,"A.R. Shiveley, P.A. Shade, A.L. Pilchak, J.S. Tiley, R. Kerns, A novel method for acquiring large-scale automated scanning electron microscope data. J. Microsc. 244(2), 181–186 (2011). https://doi.org/10.1111/j.1365-2818.2011.03524.x",,,,,
10.1007/s13632-024-01162-2,10.1111/j.1365-2818.2011.03496.x,1162_CR10,AL Pilchak,2011.0,,J. Microsc.,"A.L. Pilchak, A.R. Shiveley, J.S. Tiley, D.L. Ballard, AnyStitch: a tool for combining electron backscatter diffraction data sets. J. Microsc. 244(1), 38–44 (2011). https://doi.org/10.1111/j.1365-2818.2011.03496.x",,,,,
10.1007/s13632-024-01162-2,10.1016/j.matchar.2019.109835,1162_CR11,V Sinha,2020.0,,Mater. Charact.,"V. Sinha, M. Gonzales, R.A. Abrahams, B.S. Song, E.J. Payton, Correlative microscopy for quantification of prior austenite grain size in AF9628 steel. Mater. Charact. 159, 109835 (2020). https://doi.org/10.1016/j.matchar.2019.109835",,,,,
10.1007/s13632-024-01162-2,10.1016/j.dib.2019.104471,1162_CR12,V Sinha,2019.0,,Data Brief,"V. Sinha, M. Gonzales, E.J. Payton, Datasets acquired with correlative microscopy method for delineation of prior austenite grain boundaries and characterization of prior austenite grain size in a low-alloy high-performance steel. Data Brief. 27, 104471 (2019). https://doi.org/10.1016/j.dib.2019.104471",,,,,
10.1007/s13632-024-01162-2,10.1520/E0112-13,1162_CR13,,,,,"ASTM E112 – 13, Standard test methods for determining average grain size, developed by subcommittee E04.08 on Grain Size (ASTM International, West Conshohocken, PA, USA, 2013). https://doi.org/10.1520/E0112-13.",,,,,
10.1007/s13632-024-01162-2,,1162_CR14,,,,,"https://imagej.net/software/fiji/ (Accessed June 12, 2022).",,,,,
10.1007/s13632-024-01162-2,10.1520/E0092-17,1162_CR15,,,,,"ASTM E92 − 17, Standard test methods for Vickers hardness and Knoop hardness of metallic materials, developed by subcommittee E28.06 on Indentation Hardness Testing (ASTM International, West Conshohocken, PA, USA, 2017). https://doi.org/10.1520/E0092-17.",,,,,
10.1007/s13632-024-01162-2,,1162_CR16,,,,,"Ethan Buchner and Emmanuel De Moor, Colorado School of Mines, Unpublished Results.",,,,,
10.1007/s13632-024-01162-2,10.1088/0370-1301/64/9/303,1162_CR17,EO Hall,1951.0,,Proc. Phys. Soc. B,"E.O. Hall, The deformation and ageing of mild steel: III. discussion of results. Proc. Phys. Soc. B. 64, 747–753 (1951). https://doi.org/10.1088/0370-1301/64/9/303",,,,,
10.1007/s13632-024-01162-2,,1162_CR18,NJ Petch,1953.0,,J. Iron Steel Inst.,"N.J. Petch, The cleavage strength of polycrystals. J. Iron Steel Inst. 174, 25–28 (1953)",,,,,
10.1007/s13632-024-01162-2,10.1016/j.actamat.2013.12.038,1162_CR19,J Han,2014.0,,Acta Mater.,"J. Han, Y.-K. Lee, The effects of the heating rate on the reverse transformation mechanism and the phase stability of reverted austenite in medium Mn steels. Acta Mater. 67, 354–361 (2014). https://doi.org/10.1016/j.actamat.2013.12.038",,,,,
10.1007/s13632-024-01162-2,10.2355/isijinternational.31.1431,1162_CR20,K Tomimura,1991.0,,ISIJ Int.,"K. Tomimura, S. Takaki, Y. Tokunaga, Reversion mechanism from deformation induced martensite to austenite in metastable austenitic stainless steels. ISIJ Int. 31(12), 1431–1437 (1991)",,,,,
10.1007/s13632-024-01162-2,10.1007/s11661-001-0240-5,1162_CR21,J Wang,2001.0,,Metall. Mater. Trans. A.,"J. Wang, S. Van Der Zwaag, Stabilization mechanisms of retained austenite in transformation-induced plasticity steel. Metall. Mater. Trans. A. 32A, 1527–1539 (2001)",,,,,
10.1007/s13632-024-01162-2,10.1016/j.matdes.2019.107847,1162_CR22,C Celada-Casero,2019.0,,Mater. Des.,"C. Celada-Casero, C. Kwakernaak, J. Sietsma, Maria Jesus Santofimia, “The influence of the austenite grain size on the microstructural development during quenching and partitioning processing of a low-carbon steel.” Mater. Des. 178, 107847 (2019). https://doi.org/10.1016/j.matdes.2019.107847",,,,,
10.1007/s13632-024-01162-2,,1162_CR23,TE Swarr,1975.0,,,"T.E. Swarr, G. Krauss, Boundaries and the strength of low carbon ferrous martensites, in Grain Boundaries in Engineering Materials. ed. by J.L. Walter, J.H. Westbrook, D.A. Woodford (Claitors Publishing Division, 1975)",,,,,
10.1007/s13632-024-01162-2,10.2355/isijinternational.52.710,1162_CR24,S Takaki,2012.0,,ISIJ Int.,"S. Takaki, K.-L. Ngo-Huynh, N. Nakada, T. Tsuchiyama, Strengthening mechanism in ultra low carbon martensitic steel. ISIJ Int. 52(4), 710–716 (2012)",,,,,
10.1007/s13632-024-01162-2,10.1016/j.msea.2013.12.062,1162_CR25,T Hao,2014.0,,Mater. Sci. Eng. A,"T. Hao, Z.Q. Fan, S.X. Zhao, G.N. Luo, C.S. Liu, Q.F. Fang, Strengthening mechanism and thermal stability of severely deformed ferritic/martensitic steel. Mater. Sci. Eng. A. 596, 244–249 (2014)",,,,,
10.1007/s13632-024-01162-2,10.1007/s11665-011-0043-9,1162_CR26,LD Barlow,2012.0,,J. Mater. Eng. Perform.,"L.D. Barlow, M. Du Toit, Effect of austenitizing heat treatment on the microstructure and hardness of martensitic stainless steel AISI 420. J. Mater. Eng. Perform. 21, 1327–1336 (2012). https://doi.org/10.1007/s11665-011-0043-9",,,,,
10.1007/s13632-024-01162-2,10.1016/j.msea.2021.141687,1162_CR27,J Mola,2021.0,,Mater. Sci. Eng. A,"J. Mola, E.J. Seo, L. Cho, Correlation between mechanical stability and hardness of austenite in martensite/austenite mixtures. Mater. Sci. Eng. A. 822, 141687 (2021). https://doi.org/10.1016/j.msea.2021.141687",,,,,
10.1007/s13632-026-01317-3,10.1520/STP1165-EB,1317_CR1,,,,,"G.F. Vander Voort, The History of ASTM Committee E4 on Metallography. In: Vander Voort, G.F., Warmuth, F.J., Purdy, S. M., and Szirmae, A. (eds.) Metallography: Past, Present, and Future (75th Anniversary Volume). p. 0. ASTM International (1993)",,,,,
10.1007/s13632-026-01317-3,10.6028/NIST.IR.7814,1317_CR2,,,,,"A. Creuziger, M. Vaudin, Report on VAMAS round robin of ISO 13067 : microbeam analysis - electron backscatter diffraction - measurement of average grain size. National Institute of Standards and Technology, Gaithersburg, MD (2011)",,,,,
10.1007/s13632-026-01317-3,10.1016/S1369-7021(12)70163-3,1317_CR3,AJ Wilkinson,2012.0,,Mater. Today,"A.J. Wilkinson, T.B. Britton, Strains, planes, and EBSD in materials science. Mater. Today. 15, 366–376 (2012). https://doi.org/10.1016/S1369-7021(12)70163-3",,,,,
10.1007/s13632-026-01317-3,,1317_CR4,,2009.0,,,"A.J. Schwartz, M. Kumar, B.L. Adams, D.P. Field (eds.), Electron Backscatter Diffraction in Materials Science. (Springer, US, Boston, MA, 2009)",,,,,
10.1007/s13632-026-01317-3,10.1016/j.matchar.2019.01.033,1317_CR5,M Charpagne,2019.0,,Mater Charact,"M. Charpagne, F. Strub, T.M. Pollock, Accurate reconstruction of EBSD datasets by a multimodal data approach using an evolutionary algorithm. Mater Charact. 150, 184–198 (2019). https://doi.org/10.1016/j.matchar.2019.01.033",,,,,
10.1007/s13632-026-01317-3,,1317_CR6,,,,,"M.T. Snella, Drift correction for scanning-electron microscopy, https://dspace.mit.edu/handle/1721.1/62605, (2010)",,,,,
10.1007/s13632-026-01317-3,10.1016/j.ultramic.2020.113130,1317_CR7,VS Tong,2021.0,,Ultramicroscopy,"V.S. Tong, T. Ben Britton, TrueEBSD: correcting spatial distortions in electron backscatter diffraction maps. Ultramicroscopy. 221, 113130 (2021). https://doi.org/10.1016/j.ultramic.2020.113130",,,,,
10.1007/s13632-026-01317-3,10.1016/j.ultramic.2006.07.003,1317_CR8,G Nolze,2007.0,,Ultramicroscopy,"G. Nolze, Image distortions in SEM and their influences on EBSD measurements. Ultramicroscopy. 107, 172–183 (2007). https://doi.org/10.1016/j.ultramic.2006.07.003",,,,,
10.1007/s13632-026-01317-3,10.1016/j.ultramic.2011.06.007,1317_CR9,D Chen,2011.0,,Ultramicroscopy,"D. Chen, J. Kuo, W. Wu, Effect of microscopic parameters on EBSD spatial resolution. Ultramicroscopy. 111, 1488–1494 (2011). https://doi.org/10.1016/j.ultramic.2011.06.007",,,,,
10.1007/s13632-026-01317-3,,1317_CR10,,,,,"E04 Committee: ASTM E112 - Test Methods for Determining Average Grain Size, http://www.astm.org/cgi-bin/resolver.cgi?E112-10",,,,,
10.1007/s13632-026-01317-3,,1317_CR11,,,,,"E04 Committee: ASTM E2627 - Practice for Determining Average Grain Size Using Electron Backscatter Diffraction (EBSD) in Fully Recrystallized Polycrystalline Materials, https://store.astm.org/rr-e04-1008.html",,,,,
10.1007/s13632-026-01317-3,10.1007/s13632-024-01124-8,1317_CR12,KS Evans,2024.0,,Metallogr. Microstruct. Anal.,"K.S. Evans, D.M. Timberlake, P. Tyagi, V.M. Miller, E.J. Payton, On the sources of discrepancies between grain size measurements. Metallogr. Microstruct. Anal. 13, 966–982 (2024). https://doi.org/10.1007/s13632-024-01124-8",,,,,
10.1007/s13632-026-01317-3,,1317_CR13,,,,,"K.P. Mingard, P.N. Quested, M.S. Peck, Determination of grain size by EBSD - Report on a round robin measurement of equiaxed titanium., https://eprintspublications.npl.co.uk/5412/",,,,,
10.1007/s13632-026-01317-3,10.1007/s10851-012-0342-2,1317_CR14,F Bukhari,2013.0,,J. Math. Imaging Vis.,"F. Bukhari, M.N. Dailey, Automatic radial distortion estimation from a single image. J. Math. Imaging Vis. 45, 31–45 (2013). https://doi.org/10.1007/s10851-012-0342-2",,,,,
10.1007/s13632-026-01317-3,10.1088/0022-3735/6/4/020,1317_CR15,S Murray,1973.0,,J. Phys. E Sci. Instrum.,"S. Murray, C.J. Gillham, A.H. Windle, Characterization and correction of distortions encountered in scanning electron micrographs. J. Phys. E Sci. Instrum. 6, 381 (1973). https://doi.org/10.1088/0022-3735/6/4/020",,,,,
10.1007/s13632-026-01317-3,10.1007/978-3-540-38967-5,1317_CR16,L Reimer,1998.0,,,"L. Reimer, Scanning Electron Microscopy: Physics of Image Formation and Microanalysis (Springer, Berlin, 1998)",,,,,
10.1007/s13632-026-01317-3,10.1046/j.1365-2818.1999.00478.x,1317_CR17,L Minnich,1999.0,,J. Microsc.,"L. Minnich, Bernroider, Lametschwandtner: three-dimensional morphometry in scanning electron microscopy: a technique for accurate dimensional and angular measurements of microstructures using stereopaired digitized images and digital image analysis. J. Microsc. 195, 23–33 (1999). https://doi.org/10.1046/j.1365-2818.1999.00478.x",,,,,
10.1007/s13632-026-01317-3,10.1111/jmi.12293,1317_CR18,P Jin,2015.0,,J. Microsc.,"P. Jin, X. Li, Correction of image drift and distortion in a scanning electron microscopy. J. Microsc. 260, 268–280 (2015). https://doi.org/10.1111/jmi.12293",,,,,
10.1007/s13632-026-01317-3,10.1007/s11340-018-00469-w,1317_CR19,S Maraghechi,2019.0,,Exp. Mech.,"S. Maraghechi, J.P.M. Hoefnagels, R.H.J. Peerlings, O. Rokoš, M.G.D. Geers, Correction of scanning electron microscope imaging artifacts in a novel digital image correlation framework. Exp. Mech. 59, 489–516 (2019). https://doi.org/10.1007/s11340-018-00469-w",,,,,
10.1007/s13632-026-01317-3,,1317_CR20,,,,,"I.B. Montenegro, K. Prikoszovich, S. Lee, K. Quiring, J. Zimmerman, C. Kirchlechner, Redundant Cross-Correlation for Drift Correction in SEM Nanoparticle Imaging, http://arxiv.org/abs/2410.23390 (2024)",,,,,
10.1007/s13632-026-01317-3,10.1186/2193-9772-3-5,1317_CR21,MA Groeber,2014.0,,Integr. Mater. Manuf. Innov.,"M.A. Groeber, M.A. Jackson, DREAM.3D: a digital representation environment for the analysis of microstructure in 3D. Integr. Mater. Manuf. Innov. 3, 56–72 (2014). https://doi.org/10.1186/2193-9772-3-5",,,,,
10.1007/s13632-026-01317-3,10.4028/www.scientific.net/SSP.160.63,1317_CR22,F Bachmann,2010.0,,Solid State Phenom.,"F. Bachmann, R. Hielscher, H. Schaeben, Texture analysis with MTEX – free and open source software toolbox. Solid State Phenom. 160, 63–68 (2010). https://doi.org/10.4028/www.scientific.net/SSP.160.63",,,,,
10.1007/s13632-026-01317-3,10.3139/147.110291,1317_CR23,GF Vander Voort,2014.0,,Pract. Metallogr.,"G.F. Vander Voort, Grain size measurements by the triple point count method. Pract. Metallogr. 51, 201–207 (2014). https://doi.org/10.3139/147.110291",,,,,
10.1007/s40192-025-00403-8,10.1007/s40194-022-01310-8,403_CR1,EM Westin,2022.0,,Weld World,Westin EM (2022) Hot cracking in duplex stainless steel weldments—a review. Weld World 66:1483–1499. https://doi.org/10.1007/s40194-022-01310-8,,,,,
10.1007/s40192-025-00403-8,10.1016/j.actamat.2004.03.047,403_CR2,N Wang,2004.0,,Acta Mater,"Wang N, Mokadem S, Rappaz M, Kurz W (2004) Solidification cracking of superalloy single- and bi-crystals. Acta Mater 52:3173–3182. https://doi.org/10.1016/j.actamat.2004.03.047",,,,,
10.1007/s40192-025-00403-8,10.1016/j.msea.2005.10.050,403_CR3,G Cao,2006.0,,"Mater Sci Eng, A","Cao G, Kou S (2006) Hot cracking of binary Mg–Al alloy castings. Mater Sci Eng, A 417:230–238. https://doi.org/10.1016/j.msea.2005.10.050",,,,,
10.1007/s40192-025-00403-8,10.1016/j.jmatprotec.2023.118090,403_CR4,A Wall,2023.0,,J Mater Process Technol,"Wall A, Benoit MJ (2023) A review of existing solidification crack tests and analysis of their transferability to additive manufacturing. J Mater Process Technol 320:118090. https://doi.org/10.1016/j.jmatprotec.2023.118090",,,,,
10.1007/s40192-025-00403-8,10.1016/S0043-1648(03)00281-3,403_CR5,A Srivastava,2004.0,,Wear,"Srivastava A, Joshi V, Shivpuri R (2004) Computer modeling and prediction of thermal fatigue cracking in die-casting tooling. Wear 256:38–43. https://doi.org/10.1016/S0043-1648(03)00281-3",,,,,
10.1007/s40192-025-00403-8,10.1007/s00170-017-1157-5,403_CR6,Q He,2018.0,,Int J Adv Manuf Technol,"He Q, Wei H, Chen J-S, Wang H-P, Carlson BE (2018) Analysis of hot cracking during lap joint laser welding processes using the melting state-based thermomechanical modeling approach. Int J Adv Manuf Technol 94:4373–4386. https://doi.org/10.1007/s00170-017-1157-5",,,,,
10.1007/s40192-025-00403-8,10.1016/j.jmps.2022.105169,403_CR7,H Ruan,2023.0,,J Mech Phys Solids,"Ruan H, Rezaei S, Yang Y, Gross D, Xu B-X (2023) A thermo-mechanical phase-field fracture model: application to hot cracking simulations in additive manufacturing. J Mech Phys Solids 172:105169. https://doi.org/10.1016/j.jmps.2022.105169",,,,,
10.1007/s40192-025-00403-8,10.1007/s11661-020-05699-z,403_CR8,V Khalajzadeh,2020.0,,Metall Mater Trans A,"Khalajzadeh V, Beckermann C (2020) Simulation of shrinkage porosity formation during alloy solidification. Metall Mater Trans A 51:2239–2254. https://doi.org/10.1007/s11661-020-05699-z",,,,,
10.1007/s40192-025-00403-8,10.1007/s11661-001-0050-9,403_CR9,T Magnusson,2001.0,,Metall Mater Trans A,"Magnusson T, Arnberg L (2001) Density and solidification shrinkage of hypoeutectic aluminum-silicon alloys. Metall Mater Trans A 32:2605–2613. https://doi.org/10.1007/s11661-001-0050-9",,,,,
10.1007/s40192-025-00403-8,10.1016/j.mspro.2014.06.175,403_CR10,M Perelmuter,2014.0,,Proc Mater Sci,Perelmuter M (2014) Modeling formation and growth of cracks on the material interface. Proc Mater Sci 3:1075–1080. https://doi.org/10.1016/j.mspro.2014.06.175,,,,,
10.1007/s40192-025-00403-8,10.1023/A:1018382321949,403_CR11,,,,,"Goldstein R, Perelmuter M (1999) Modeling of bonding at an interface crack. Int J Fract 99:53–79. https://doi.org/10.1023/A:1018382321949",,,,,
10.1007/s40192-025-00403-8,10.1016/j.actamat.2022.118307,403_CR12,J Xu,2022.0,,Acta Mater,"Xu J, Kontis P, Peng RL, Moverare J (2022) Modelling of additive manufacturability of nickel-based superalloys for laser powder bed fusion. Acta Mater 240:118307. https://doi.org/10.1016/j.actamat.2022.118307",,,,,
10.1007/s40192-025-00403-8,10.1007/s11661-021-06244-2,403_CR13,R Giorjao,2021.0,,Metall Mater Trans A,"Giorjao R, Sutton B, Ramirez A (2021) New composition based technique for solidification cracking resistance evaluation. Metall Mater Trans A 52:2512–2521. https://doi.org/10.1007/s11661-021-06244-2",,,,,
10.1007/s40192-025-00403-8,10.1016/j.actamat.2015.01.034,403_CR14,S Kou,2015.0,,Acta Mater,Kou S (2015) A criterion for cracking during solidification. Acta Mater 88:366–374. https://doi.org/10.1016/j.actamat.2015.01.034,,,,,
10.1007/s40192-025-00403-8,10.1007/BF02664583,403_CR15,TW Clyne,1982.0,,Metall Trans B,"Clyne TW, Wolf M, Kurz W (1982) The effect of melt composition on solidification cracking of steel, with particular reference to continuous casting. Metall Trans B 13:259–266. https://doi.org/10.1007/BF02664583",,,,,
10.1007/s40192-025-00403-8,10.1515/ijmr-1942-340303,403_CR16,,,,,Scheil E (1942) Bemerkungen zur Schichtkristallbildung 34: 70–72. https://doi.org/10.1515/ijmr-1942-340303.,,,,,
10.1007/s40192-025-00403-8,,403_CR17,,,,,"Lauga E, Brenner MP, Stone HA (2024) Microfluidics: The no-slip boundary condition, (2005). http://arxiv.org/abs/cond-mat/0501557 (accessed November 17, 2024).",,,,,
10.1007/s40192-025-00403-8,10.1007/BF00717588,403_CR18,MA Day,1990.0,,Erkenntnis,Day MA (1990) The no-slip condition of fluid dynamics. Erkenntnis 33:285–296. https://doi.org/10.1007/BF00717588,,,,,
10.1007/s40192-025-00403-8,,403_CR19,,,,,"Pedregosa F, Varoquaux G, Gramfort A, Michel V, Thirion B, Grisel O, Blondel M, Prettenhofer P, Weiss R, Dubourg V, Vanderplas J, Passos A, Cournapeau D (2011) Scikit-learn: machine learning in python. J Mach Learn Res 12(85):2825–2830. http://jmlr.org/papers/v12/pedregosa11a.html",,,,,
10.1007/s40192-025-00403-8,,403_CR20,,,,,"Oriola AT (2024) On the hot cracking susceptibility of refractory high entropy alloys (RHEAs) during solidification: toward a crack susceptibility index for additive manufacturing. MS Thesis, University of Cincinnati. http://rave.ohiolink.edu/etdc/view?acc_num=ucin1733351818521435",,,,,
10.1007/s40192-025-00403-8,10.18910/3695,403_CR21,,,,,"Arata Y, Matsuda F, Saruwatari S (1974) Varestraint test for solidification crack susceptibility in weld metal of austenitic stainless steels. Trans JWRI https://doi.org/10.18910/3695.",,,,,
10.1007/s40192-025-00403-8,,403_CR22,T Senda,1971.0,,Trans Japan Welding Soc,"Senda T, Matsuda F, Takano G, Watanabe K, Kobayashi T, Matsuzaka T (1971) Fundamental investigations on solidi-fication crack susceptibility for weld metals with Trans-Varestraint test. Trans Japan Welding Soc 2(2):141–162",,,,,
10.1007/s40192-025-00403-8,,403_CR23,,,,,"Braccini M, Martin CL, Suéry M, Bréchet Y (2000) Relation between mushy zone rheology and hot tearing phenomena in Al-Cu alloys. Proceedings of the Ninth International Conference on Modeling of Casting, Welding and Advanced Solidification Processes held in Aachen, Germany, on August 20 to 25, 2000. Sahm, Peter R. (Editor). Aachen: Shaker, pp. 18–24.",,,,,
10.1007/s40192-025-00403-8,10.1007/s11661-999-0334-z,403_CR24,M Rappaz,1999.0,,Metall Mater Trans A,"Rappaz M, Drezet J-M, Gremaud M (1999) A new hot-tearing criterion. Metall Mater Trans A 30:449–455. https://doi.org/10.1007/s11661-999-0334-z",,,,,
10.1007/s40192-025-00403-8,10.1016/j.addma.2018.12.005,403_CR25,D Liu,2019.0,,Addit Manuf,"Liu D, Wang Y (2019) Mesoscale multi-physics simulation of rapid solidification of Ti-6Al-4V alloy. Addit Manuf 25:551–562. https://doi.org/10.1016/j.addma.2018.12.005",,,,,
10.1007/s40192-025-00403-8,10.1016/j.apm.2023.06.021,403_CR26,R Darabi,2023.0,,Appl Math Model,"Darabi R, Azinpour E, Reis A, De Sa JC (2023) Multi-scale Multi-physics Phase-field coupled Thermo-mechanical approach for modeling of powder bed fusion process. Appl Math Model 122:572–597. https://doi.org/10.1016/j.apm.2023.06.021",,,,,
10.1007/s40192-025-00403-8,10.1017/jfm.2024.848,403_CR27,KD Housiadas,2024.0,,J Fluid Mech,"Housiadas KD, Beris AN (2024) Pressure-driven viscoelastic flow in axisymmetric geometries with application to the hyperbolic pipe. J Fluid Mech 999:A7. https://doi.org/10.1017/jfm.2024.848",,,,,
10.1007/s40192-025-00403-8,10.1063/1.1399289,403_CR28,S Sisavath,2001.0,,Phys Fluids,"Sisavath S, Jing X, Zimmerman RW (2001) Creeping flow through a pipe of varying radius. Phys Fluids 13:2762–2772. https://doi.org/10.1063/1.1399289",,,,,
10.1007/s40192-025-00403-8,10.1080/13621718.2019.1608406,403_CR29,GA Faria,2019.0,,Sci Technol Welding Join,"Faria GA, Kadirvel K, Hinojos A, Zhang W, Wang Y, Ramirez AJ (2019) On the use of metastable interface equilibrium assumptions on prediction of solidification micro-segregation in laser powder bed fusion. Sci Technol Welding Join 24(5):446–456. https://doi.org/10.1080/13621718.2019.1608406",,,,,
10.1007/s40192-025-00403-8,10.1016/0001-6160(81)90082-1,403_CR30,W Kurz,1981.0,,Acta Metall,"Kurz W, Fisher DJ (1981) Dendrite growth at the limit of stability: tip radius and spacing. Acta Metall 29:11–20. https://doi.org/10.1016/0001-6160(81)90082-1",,,,,
10.1016/j.actamat.2023.119401,10.1557/jmr.2018.153,10.1016/j.actamat.2023.119401_bib0001,Senkov,2018.0,Development and exploration of refractory high entropy alloys - A review,J. Mater. Res.,,,,,,
10.1016/j.actamat.2023.119401,10.1557/s43577-022-00306-5,10.1016/j.actamat.2023.119401_bib0002,Curtin,2022.0,Progress and challenges in the theory and modeling of complex concentrated alloys,MRS Bull.,,,,,,
10.1016/j.actamat.2023.119401,,10.1016/j.actamat.2023.119401_bib0003,Caillard,2003.0,,,,,,,,
10.1016/j.actamat.2023.119401,10.1016/0079-6425(92)90004-Q,10.1016/j.actamat.2023.119401_bib0004,Taylor,1992.0,Thermally-activated deformation of BCC metals and alloys,Prog. Mater. Sci.,,,,,,
10.1016/j.actamat.2023.119401,10.1016/0001-6160(66)90003-4,10.1016/j.actamat.2023.119401_bib0005,Arsenault,1966.0,An investigation of the mechanism of thermally activated deformation in tantalum and tantalum-base alloys,Acta Metall.,,,,,,
10.1016/j.actamat.2023.119401,10.1080/14786437208227366,10.1016/j.actamat.2023.119401_bib0006,Statham,1972.0,The thermally activated deformation of niobium-molybdenum and niobium-rhenium alloy single crystals,Philos. Mag.,,,,,,
10.1016/j.actamat.2023.119401,10.1080/14786436908228040,10.1016/j.actamat.2023.119401_bib0007,Duesbery,1969.0,A detailed study of the deformation of high purity niobium single crystals,Philos. Mag.,,,,,,
10.1016/j.actamat.2023.119401,10.1016/0001-6160(83)90061-5,10.1016/j.actamat.2023.119401_bib0008,Chang,1983.0,Stress asymmetries in the deformation behaviour of niobium single crystals,Acta Metall.,,,,,,
10.1016/j.actamat.2023.119401,10.1016/0022-5088(68)90115-X,10.1016/j.actamat.2023.119401_bib0009,Byron,1968.0,Plastic deformation of tantalum single crystals. II. The orientation dependence of yield,J. Less Common Met.,,,,,,
10.1016/j.actamat.2023.119401,10.1007/BF02664806,10.1016/j.actamat.2023.119401_bib0010,Christian,1983.0,Some surprising features of the plastic deformation of body-centered cubic metals and alloys,Metall. Trans. A,,,,,,
10.1016/j.actamat.2023.119401,10.1080/01418610110033885,10.1016/j.actamat.2023.119401_bib0011,Vitek,2001.0,Atomistic study of non-Schmid effects in the plastic yielding of bcc metals,Philos. Mag. A,,,,,,
10.1016/j.actamat.2023.119401,10.1016/S1572-4859(07)00007-1,10.1016/j.actamat.2023.119401_bib0012,Vitek,2008.0,Non-planar dislocation cores: a ubiquitous phenomenon affecting mechanical properties of crystalline materials,,,,,,,
10.1016/j.actamat.2023.119401,10.1016/S1359-6454(97)00367-4,10.1016/j.actamat.2023.119401_bib0013,Duesbery,1998.0,Plastic anisotropy in b.c.c. transition metals,Acta Mater.,,,,,,
10.1016/j.actamat.2023.119401,10.1179/1743280412Y.0000000015,10.1016/j.actamat.2023.119401_bib0014,Weinberger,2013.0,Slip planes in bcc transition metals,Int. Mater. Rev.,,,,,,
10.1016/j.actamat.2023.119401,10.1016/j.actamat.2010.02.023,10.1016/j.actamat.2023.119401_bib0015,Caillard,2010.0,Kinetics of dislocations in pure Fe. Part I. In situ straining experiments at room temperature,Acta Mater.,,,,,,
10.1016/j.actamat.2023.119401,10.1016/j.actamat.2010.02.024,10.1016/j.actamat.2023.119401_bib0016,Caillard,2010.0,Kinetics of dislocations in pure Fe. Part II. In situ straining experiments at low temperature,Acta Mater.,,,,,,
10.1016/j.actamat.2023.119401,10.1016/j.actamat.2018.09.009,10.1016/j.actamat.2023.119401_bib0017,Caillard,2018.0,Geometry and kinetics of glide of screw dislocations in tungsten between 95K and 573K,Acta Mater.,,,,,,
10.1016/j.actamat.2023.119401,10.1016/j.actamat.2021.117440,10.1016/j.actamat.2023.119401_bib0018,Hachet,2022.0,Mobility of screw dislocation in BCC tungsten at high temperature in presence of carbon,Acta Mater.,,,,,,
10.1016/j.actamat.2023.119401,10.1016/j.scriptamat.2021.113834,10.1016/j.actamat.2023.119401_bib0019,Akdim,2021.0,Predicting core structure variations and spontaneous partial kink formation for ½<111>screw dislocations in three BCC NbTiZr alloys,Scr. Mater.,,,,,,
10.1016/j.actamat.2023.119401,10.1016/j.actamat.2019.02.013,10.1016/j.actamat.2023.119401_bib0020,Rao,2019.0,"Modeling solution hardening in BCC refractory complex concentrated alloys: NbTiZr, Nb1.5TiZr0.5 and Nb0.5TiZr1.5",Acta Mater.,,,,,,
10.1016/j.actamat.2023.119401,10.1016/j.actamat.2021.117078,10.1016/j.actamat.2023.119401_bib0021,Ghafarollahi,2021.0,Theory of kink migration in dilute BCC alloys,Acta Mater.,,,,,,
10.1016/j.actamat.2023.119401,10.1016/j.actamat.2019.10.007,10.1016/j.actamat.2023.119401_bib0022,Maresca,2020.0,Theory of screw dislocation strengthening in random BCC alloys from dilute to “High-Entropy” alloys,Acta Mater.,,,,,,
10.1016/j.actamat.2023.119401,10.1103/PhysRevMaterials.6.013605,10.1016/j.actamat.2023.119401_bib0023,Fey,2022.0,Transitions in the morphology and critical stresses of gliding dislocations in multiprincipal element alloys,Phys. Rev. Mater.,,,,,,
10.1016/j.actamat.2023.119401,10.1016/j.actamat.2021.116875,10.1016/j.actamat.2023.119401_bib0024,Zhou,2021.0,Cross-kinks control screw dislocation strength in equiatomic bcc refractory alloys,Acta Mater.,,,,,,
10.1016/j.actamat.2023.119401,,10.1016/j.actamat.2023.119401_bib0025,Lee,2021.0,Strength can be controlled by edge dislocations in refractory high-entropy alloys,Nat. Commun.,,,,,,
10.1016/j.actamat.2023.119401,10.1126/science.aba3722,10.1016/j.actamat.2023.119401_bib0026,Wang,2020.0,Multiplicity of dislocation pathways in a refractory multiprincipal element alloy,Science,,,,,,
10.1016/j.actamat.2023.119401,10.1016/j.actamat.2020.10.042,10.1016/j.actamat.2023.119401_bib0027,Xu,2021.0,Local slip resistances in equal-molar MoNbTi multi-principal element alloy,Acta Mater.,,,,,,
10.1016/j.actamat.2023.119401,10.1016/j.actamat.2019.06.032,10.1016/j.actamat.2023.119401_bib0028,Senkov,2019.0,High temperature strength of refractory complex concentrated alloys,Acta Mater.,,,,,,
10.1016/j.actamat.2023.119401,10.1016/j.dib.2018.10.071,10.1016/j.actamat.2023.119401_bib0029,Couzinié,2018.0,Comprehensive data compilation on the mechanical properties of refractory high-entropy alloys,Data Br.,,,,,,
10.1016/j.actamat.2023.119401,10.1016/j.jallcom.2019.151685,10.1016/j.actamat.2023.119401_bib0030,Senkov,2019.0,Ductile Nb alloys with reduced density and cost,J. Alloy. Compd.,,,,,,
10.1016/j.actamat.2023.119401,10.1016/j.ijrmhm.2020.105221,10.1016/j.actamat.2023.119401_bib0031,Senkov,2020.0,Effect of Fe additions on the microstructure and properties of Nb-Mo-Ti alloys,Int. J. Refract. Met. Hard Mater.,,,,,,
10.1016/j.actamat.2023.119401,10.1016/j.msea.2005.03.082,10.1016/j.actamat.2023.119401_bib0032,Uchic,2005.0,A methodology to investigate size scale effects in crystalline plasticity using uniaxial compression testing,Mater. Sci. Eng. A,,,,,,
10.1016/j.actamat.2023.119401,10.1126/science.1098993,10.1016/j.actamat.2023.119401_bib0033,Uchic,2004.0,Sample dimensions influence strength and crystal plasticity,Science,,,,,,
10.1016/j.actamat.2023.119401,10.1146/annurev-matsci-082908-145422,10.1016/j.actamat.2023.119401_bib0034,Uchic,2009.0,Plasticity of micrometer-scale single crystals in compression,Annu. Rev. Mater. Res.,,,,,,
10.1016/j.actamat.2023.119401,10.1016/j.actamat.2008.02.046,10.1016/j.actamat.2023.119401_bib0035,Norfleet,2008.0,Dislocation structures and their relationship to strength in deformed nickel microcrystals,Acta Mater.,,,,,,
10.1016/j.actamat.2023.119401,10.4028/www.scientific.net/SSP.160.63,10.1016/j.actamat.2023.119401_bib0036,Bachmann,2010.0,Texture analysis with MTEX – free and open source software toolbox,Solid State Phenom.,,,,,,
10.1016/j.actamat.2023.119401,10.1107/S1600576716012942,10.1016/j.actamat.2023.119401_bib0037,Nolze,2016.0,Orientations – perfectly colored,J. Appl. Crystallogr.,,,,,,
10.1016/j.actamat.2023.119401,10.1111/jmi.12982,10.1016/j.actamat.2023.119401_bib0038,Mompiou,2021.0,pycotem: an open source toolbox for online crystal defect characterization from TEM imaging and diffraction,J. Microsc.,,,,,,
10.1016/j.actamat.2023.119401,10.1063/1.1699870,10.1016/j.actamat.2023.119401_bib0039,Opinsky,1951.0,The crystallographic aspect of slip in body-centered cubic single crystals. I. Theoretical considerations,J. Appl. Phys.,,,,,,
10.1016/j.actamat.2023.119401,10.1016/j.actamat.2018.06.046,10.1016/j.actamat.2023.119401_bib0040,Weaver,2018.0,Slip transmission of high angle grain boundaries in body-centered cubic metals: micropillar compression of pure Ta single and bi-crystals,Acta Mater.,,,,,,
10.1016/j.actamat.2023.119401,10.1016/j.mtla.2020.100983,10.1016/j.actamat.2023.119401_bib0041,Tian,2021.0,"Influence of strain rate on the activation of {110}, {112}, {123} slip in ferrite of DP800",Materialia,,,,,,
10.1016/j.actamat.2023.119401,10.1016/j.actamat.2019.11.002,10.1016/j.actamat.2023.119401_bib0042,Tian,2020.0,On the mechanical heterogeneity in dual phase steel grades: activation of slip systems and deformation of martensite in DP800,Acta Mater.,,,,,,
10.1016/j.actamat.2023.119401,10.1016/j.actamat.2017.12.054,10.1016/j.actamat.2023.119401_bib0043,Du,2018.0,Ferrite slip system activation investigated by uniaxial micro-tensile tests and simulations,Acta Mater.,,,,,,
10.1016/j.actamat.2023.119401,10.1016/j.scriptamat.2020.03.026,10.1016/j.actamat.2023.119401_bib0044,Douat,2020.0,Low temperature atomic-scale observations of slip traces in niobium,Scr. Mater.,,,,,,
10.1016/j.actamat.2023.119401,,10.1016/j.actamat.2023.119401_bib0045,Sparks,2019.0,Avalanche statistics and the intermittent-to-smooth transition in microplasticity,Phys. Rev. Mater.,,,,,,
10.1016/j.actamat.2023.119401,10.1103/PhysRevB.95.064103,10.1016/j.actamat.2023.119401_bib0046,Cui,2017.0,Influence of loading control on strain bursts and dislocation avalanches at the nanometer and micrometer scale,Phys. Rev. B,,,,,,
10.1016/j.actamat.2023.119401,10.1016/j.ijplas.2020.102854,10.1016/j.actamat.2023.119401_bib0047,Srivastava,2021.0,The influence of nano/micro sample size on the strain-rate sensitivity of plastic flow in tungsten,Int. J. Plast.,,,,,,
10.1016/j.actamat.2023.119401,10.1016/j.actamat.2015.10.016,10.1016/j.actamat.2023.119401_bib0048,Torrents Abad,2016.0,Temperature-dependent size effects on the strength of Ta and W micropillars,Acta Mater.,,,,,,
10.1016/j.actamat.2023.119401,10.1016/j.msea.2010.10.073,10.1016/j.actamat.2023.119401_bib0049,Schneider,2011.0,Influence of orientation on the size effect in bcc pillars with different critical temperatures,Mater. Sci. Eng. A,,,,,,
10.1016/j.actamat.2023.119401,10.1016/j.scriptamat.2006.09.016,10.1016/j.actamat.2023.119401_bib0050,Parthasarathy,2007.0,Contribution to size effect of yield strength from the stochastics of dislocation source lengths in finite samples,Scr. Mater.,,,,,,
10.1016/j.actamat.2023.119401,10.1080/14786430802132522,10.1016/j.actamat.2023.119401_bib0051,Zaiser,2008.0,Strain bursts in plastically deforming molybdenum micro- and nanopillars,Philos. Mag.,,,,,,
10.1016/j.actamat.2023.119401,10.1063/1.1662365,10.1016/j.actamat.2023.119401_bib0052,Reid,1973.0,Elastic constants of Ti –40 at .% Nb at 298° K,J. Appl. Phys.,,,,,,
10.1016/j.actamat.2023.119401,,10.1016/j.actamat.2023.119401_bib0053,Duesbery,1966.0,The plasticity of pure niobium single crystals,Le J. Phys. Colloq.,,,,,,
10.1016/j.actamat.2023.119401,10.1007/BF03037811,10.1016/j.actamat.2023.119401_bib0054,Spitzig,1970.0,Orientation and temperature dependence of slip in iron single crystals,Metall. Trans.,,,,,,
10.1016/j.actamat.2023.119401,,10.1016/j.actamat.2023.119401_bib0055,Wang,2020.0,Anti-twinning in nanoscale tungsten,Sci. Adv.,,,,,,
10.1016/j.actamat.2023.119401,10.2320/matertrans1989.41.141,10.1016/j.actamat.2023.119401_bib0056,Seeger,2000.0,The flow-stress asymmetry of ultra-pure molybdenum single crystals,Mater. Trans. JIM,,,,,,
10.1016/j.actamat.2023.119401,10.1016/j.actamat.2009.12.022,10.1016/j.actamat.2023.119401_bib0057,Kim,2010.0,"Tensile and compressive behavior of tungsten, molybdenum, tantalum and niobium at the nanoscale",Acta Mater.,,,,,,
10.1016/j.actamat.2023.119401,10.1016/j.actamat.2022.117617,10.1016/j.actamat.2023.119401_bib0058,Ghafarollahi,2022.0,Screw-controlled strength of BCC non-dilute and high-entropy alloys,Acta Mater.,,,,,,
10.1016/j.actamat.2023.119401,10.1016/j.scriptamat.2021.114367,10.1016/j.actamat.2023.119401_bib0059,Eleti,2022.0,Cross-kink unpinning controls the medium- to high-temperature strength of body-centered cubic NbTiZr medium-entropy alloy,Scr. Mater.,,,,,,
10.1016/j.actamat.2023.119401,10.1016/j.scriptamat.2021.113927,10.1016/j.actamat.2023.119401_bib0060,Eleti,2021.0,Plastic deformation of solid-solution strengthened Hf-Nb-Ta-Ti-Zr body-centered cubic medium /high-entropy alloys,Scr. Mater.,,,,,,
10.1016/j.actamat.2023.119401,10.1073/pnas.0806118105,10.1016/j.actamat.2023.119401_bib0061,Weinberger,2008.0,Surface-controlled dislocation multiplication in metal micropillars,Proc. Natl. Acad. Sci. U. S. A.,,,,,,
10.1016/j.actamat.2023.119401,10.1016/j.actamat.2013.11.049,10.1016/j.actamat.2023.119401_bib0062,Zou,2014.0,Size-dependent plasticity in an Nb25Mo25Ta 25W25 refractory high-entropy alloy,Acta Mater.,,,,,,
10.1016/j.actamat.2023.119401,10.1002/pssb.19640050218,10.1016/j.actamat.2023.119401_bib0063,Votava,1964.0,Eine neue methode zur herstellung verformungsfreier Einkristall-Zugproben hochschmelzender Metalle und einige Ergebnisse über de plastische Deformation von Niob-Einkristallen,Phys. Status Solidi,,,,,,
10.1016/j.actamat.2023.119401,10.1016/0001-6160(65)90054-4,10.1016/j.actamat.2023.119401_bib0064,Mitchell,1965.0,Three-stage hardening in tantalum single crystals,Acta Metall.,,,,,,
10.1016/j.actamat.2023.119401,10.1007/BF01342203,10.1016/j.actamat.2023.119401_bib0065,Fahrenhorst,1932.0,Über die plastische dehnung von α-Eisenkristallen,Z. Phys.,,,,,,
10.1016/j.actamat.2023.119401,10.1016/0001-6160(70)90090-8,10.1016/j.actamat.2023.119401_bib0066,Spitzig,1970.0,The effect of orientation and temperature on the plastic flow properties of iron single crystals,Acta Metall.,,,,,,
10.1016/j.actamat.2023.119401,10.1063/5.0080849,10.1016/j.actamat.2023.119401_bib0067,Xu,2022.0,Line-length-dependent dislocation glide in refractory multi-principal element alloys,Appl. Phys. Lett.,,,,,,
10.1016/j.actamat.2023.119401,10.1016/j.actamat.2021.116758,10.1016/j.actamat.2023.119401_bib0068,Rao,2021.0,Theory of solid solution strengthening of BCC chemically complex alloys,Acta Mater.,,,,,,
10.1016/j.actamat.2023.119401,10.1016/j.actamat.2019.10.015,10.1016/j.actamat.2023.119401_bib0069,Maresca,2020.0,Mechanistic origin of high strength in refractory BCC high entropy alloys up to 1900K,Acta Mater.,,,,,,
10.1016/j.actamat.2023.119401,10.1016/S1359-6454(01)00287-7,10.1016/j.actamat.2023.119401_bib0070,Zhou,2001.0,Atomic scale structure of sputtered metal multilayers,Acta Mater.,,,,,,
10.1016/j.actamat.2023.119401,10.1016/j.mtla.2020.100611,10.1016/j.actamat.2023.119401_bib0071,Rao,2020.0,A model for interstitial solid solution strengthening of body centered cubic metals,Materialia,,,,,,
10.1016/j.actamat.2023.119401,10.1088/0953-8984/21/38/385402,10.1016/j.actamat.2023.119401_bib0072,Dai,2009.0,Long-range empirical potential model: extension to hexagonal close-packed metals,J. Phys. Condens. Matter,,,,,,
10.1016/j.actamat.2023.119401,10.1016/j.msea.2007.01.046,10.1016/j.actamat.2023.119401_bib0073,Kiener,2007.0,FIB damage of Cu and possible consequences for miniaturized mechanical tests,Mater. Sci. Eng. A,,,,,,
10.1016/j.actamat.2023.119401,10.1016/j.actamat.2021.117012,10.1016/j.actamat.2023.119401_bib0074,Antillon,2021.0,Chemical short range order strengthening in BCC complex concentrated alloys,Acta Mater.,,,,,,
10.1016/j.actamat.2023.119401,10.1038/srep02547,10.1016/j.actamat.2023.119401_bib0075,Marichal,2013.0,{110} Slip with {112} slip traces in bcc Tungsten,Sci. Rep.,,,,,,
10.1016/j.actamat.2023.119401,10.1002/pssb.19680260212,10.1016/j.actamat.2023.119401_bib0076,Kaun,1968.0,Slip line pattern and active slip systems of tungsten and molybdenum single crystals weakly deformed in tension at room temperature,Phys. Status Solidi,,,,,,
10.1016/j.actamat.2023.119401,10.1016/0001-6160(66)90165-9,10.1016/j.actamat.2023.119401_bib0077,Argon,1966.0,Plastic Deformation of Tungsten Single Crystals at Low Temperatures,Acta Metall.,,,,,,
10.1016/j.actamat.2023.119401,10.1080/14786430500531769,10.1016/j.actamat.2023.119401_bib0078,Seeger,2006.0,Slip planes and kink properties of screw dislocations in high-purity niobium,Philos. Mag.,,,,,,
10.1016/j.actamat.2023.119401,10.1080/09500830310001628239,10.1016/j.actamat.2023.119401_bib0079,Seeger,2004.0,Dislocation relaxation processes in bcc metals: β versus γ relaxation,Philos. Mag. Lett.,,,,,,
10.1016/j.actamat.2023.119401,,10.1016/j.actamat.2023.119401_bib0080,San Juan,1983.0,Frottement intérieur à basse température dans le fer de haute pureté,Le J. Phys. Colloq.,,,,,,
10.1016/j.actamat.2023.119401,10.1002/pssa.2211240210,10.1016/j.actamat.2023.119401_bib0081,Brunner,1991.0,Temperature and strain-rate dependence of the tensile flow stress of high-purity α-iron below 250K. I. Stress/temperature regime III,Phys. Status Solidi,,,,,,
10.1016/j.actamat.2023.119401,10.1016/S0921-5093(01)01002-4,10.1016/j.actamat.2023.119401_bib0082,Hollang,2001.0,Work hardening and flow stress of ultrapure molybdenum single crystals,Mater. Sci. Eng. A,,,,,,
10.1016/j.actamat.2023.119401,10.1002/1521-396X(199704)160:2<329::AID-PSSA329>3.0.CO;2-O,10.1016/j.actamat.2023.119401_bib0083,Hollang,1997.0,The flow stress of ultra-high-purity mo single crystals,Phys. Status Solidi,,,,,,
10.1016/j.actamat.2023.119401,10.1016/j.msea.2003.08.072,10.1016/j.actamat.2023.119401_bib0084,Seeger,2004.0,Progress and problems in the understanding of the dislocation relaxation processes in metals,Mater. Sci. Eng. A,,,,,,
10.1016/j.actamat.2023.119401,10.1016/j.actamat.2020.04.039,10.1016/j.actamat.2023.119401_bib0085,Caillard,2020.0,A TEM in situ study of the softening of tungsten by Rhenium,Acta Mater.,,,,,,
10.1016/j.actamat.2023.119401,10.1103/PhysRevLett.104.195503,10.1016/j.actamat.2023.119401_bib0086,Romaner,2010.0,Effect of rhenium on the dislocation core structure in tungsten,Phys. Rev. Lett.,,,,,,
10.1016/j.actamat.2023.119401,10.1016/j.scriptamat.2008.09.024,10.1016/j.actamat.2023.119401_bib0087,Kiener,2009.0,On the importance of sample compliance in uniaxial microtesting,Scr. Mater.,,,,,,
10.1016/j.actamat.2023.119401,10.1016/j.msea.2009.01.005,10.1016/j.actamat.2023.119401_bib0088,Kiener,2009.0,Micro-compression testing: a critical discussion of experimental constraints,Mater. Sci. Eng. A,,,,,,
10.1016/j.actamat.2023.119401,10.1016/j.actamat.2016.08.016,10.1016/j.actamat.2023.119401_bib0089,Po,2016.0,A phenomenological dislocation mobility law for bcc metals,Acta Mater.,,,,,,
10.1016/j.actamat.2023.119401,10.1016/j.actamat.2008.07.018,10.1016/j.actamat.2023.119401_bib0090,Gröger,2008.0,Multiscale modeling of plastic deformation of molybdenum and tungsten: I. Atomistic studies of the core structure and glide of 1/2〈1 1 1〉 screw dislocations at 0K,Acta Mater.,,,,,,
10.1016/j.actamat.2023.119401,10.1038/s41524-019-0247-3,10.1016/j.actamat.2023.119401_bib0091,Kraych,2019.0,Non-glide effects and dislocation core fields in BCC metals,npj Comput. Mater.,,,,,,
10.1016/j.actamat.2023.119401,10.1016/j.commatsci.2018.12.021,10.1016/j.actamat.2023.119401_bib0092,Gröger,2019.0,Impact of non-Schmid stress components present in the yield criterion for bcc metals on the activity of {110}〈111〉 slip systems,Comput. Mater. Sci.,,,,,,
10.1016/j.actamat.2023.119401,10.1016/j.msea.2011.12.041,10.1016/j.actamat.2023.119401_bib0093,Shade,2012.0,Size-affected single-slip behavior of René N5 microcrystals,Mater. Sci. Eng. A,,,,,,
10.1016/j.actamat.2023.119401,10.1016/j.scriptamat.2008.06.019,10.1016/j.actamat.2023.119401_bib0094,Ng,2008.0,Breakdown of Schmid's law in micropillars,Scr. Mater.,,,,,,
10.1016/j.actamat.2023.119401,10.1016/0022-5088(65)90094-9,10.1016/j.actamat.2023.119401_bib0095,Beardmore,1965.0,Deformation and fracture of tungsten single crystals,J. Less Common Met.,,,,,,
10.1016/j.actamat.2023.119401,10.1038/ncomms11695,10.1016/j.actamat.2023.119401_bib0096,Dezerald,2016.0,Plastic anisotropy and dislocation trajectory in BCC metals,Nat. Commun.,,,,,,
10.1016/j.actamat.2023.119401,10.1016/j.actamat.2022.118098,10.1016/j.actamat.2023.119401_bib0097,Bienvenu,2022.0,Ab initio informed yield criterion across body-centered cubic transition metals,Acta Mater.,,,,,,
10.1016/j.actamat.2023.119401,10.5802/crphys.75,10.1016/j.actamat.2023.119401_bib0098,Clouet,2021.0,Screw dislocations in BCC transition metals: from ab initio modeling to yield criterion,C. R. Phys.,,,,,,
10.1016/j.actamat.2023.119401,10.1016/j.actamat.2020.07.008,10.1016/j.actamat.2023.119401_bib0099,Ghafarollahi,2020.0,Theory of double-kink nucleation in dilute BCC alloys,Acta Mater.,,,,,,
10.1016/j.actamat.2023.119401,10.1016/j.msea.2022.143291,10.1016/j.actamat.2023.119401_bib0100,Charpagne,2022.0,Orientation dependent plastic localization in the refractory high entropy alloy HfNbTaTiZr at room temperature,Mater. Sci. Eng. A,,,,,,
10.1016/j.actamat.2023.119401,,10.1016/j.actamat.2023.119401_bib0101,,,,,"De Graef, M. et al. EMsoft-org/EMsoft: eMsoft Release 5.0.0 (v5.0.0). (2019) doi:10.5281/zenodo.3489720.",,,,,
10.1016/j.calphad.2025.102851,,10.1016/j.calphad.2025.102851_bib1,Kaufman,1970.0,,,,,,,,
10.1016/j.calphad.2025.102851,10.1016/S0364-5916(02)00034-2,10.1016/j.calphad.2025.102851_bib2,Chen,2002.0,The PANDAT software package and its applications,Calphad,,,,,,
10.1016/j.calphad.2025.102851,10.1016/j.calphad.2008.08.004,10.1016/j.calphad.2025.102851_bib3,Cao,2009.0,"PANDAT software with PanEngine, PanOptimizer and PanPrecipitation for multi-component phase diagram calculation and materials property simulation",Calphad,,,,,,
10.1016/j.calphad.2025.102851,10.1016/j.calphad.2024.102723,10.1016/j.calphad.2025.102851_bib4,Kadirvel,2024.0,An integrated modeling framework with open architecture for phase field simulation of multi-component alloys,Calphad,,,,,,
10.1016/j.calphad.2025.102851,10.1016/S0364-5916(02)00037-8,10.1016/j.calphad.2025.102851_bib5,Andersson,2002.0,"Thermo-Calc & DICTRA, computational tools for materials science",Calphad,,,,,,
10.1016/j.calphad.2025.102851,10.1016/j.calphad.2008.09.009,10.1016/j.calphad.2025.102851_bib6,Bale,2009.0,FactSage thermochemical software and databases — recent developments,Calphad,,,,,,
10.1016/j.calphad.2025.102851,,10.1016/j.calphad.2025.102851_bib7,Liu,2024.0,,,,,,,,
10.1016/j.calphad.2025.102851,10.1007/s11837-011-0106-2,10.1016/j.calphad.2025.102851_bib8,Cao,2011.0,An integrated computational tool for precipitation simulation,JOM,,,,,,
10.1016/j.calphad.2025.102851,10.1007/s11665-014-1255-6,10.1016/j.calphad.2025.102851_bib9,Chen,2014.0,Modeling precipitation kinetics during heat treatment with calphad-based tools,J. Mater. Eng. Perform.,,,,,,
10.1016/j.calphad.2025.102851,10.3390/met1010016,10.1016/j.calphad.2025.102851_bib10,Hallberg,2011.0,Approaches to modeling of recrystallization,Metals,,,,,,
10.1016/j.calphad.2025.102851,,10.1016/j.calphad.2025.102851_bib11,Kolmogorov,1937.0,Statistical theory of crystallization of metals,Bull. Acad. Sci. USSR Ser. Math.,,,,,,
10.1016/j.calphad.2025.102851,,10.1016/j.calphad.2025.102851_bib12,Johnson,1935.0,,,,,,,,
10.1016/j.calphad.2025.102851,10.1063/1.1750380,10.1016/j.calphad.2025.102851_bib13,Avrami,1939.0,Kinetics of phase change. I. General theory,J. Chem. Phys.,,,,,,
10.1016/j.calphad.2025.102851,10.1063/1.1750631,10.1016/j.calphad.2025.102851_bib14,Avrami,1940.0,Kinetics of phase change. II transformation-time relations for random distribution of nuclei,J. Chem. Phys.,,,,,,
10.1016/j.calphad.2025.102851,10.1016/S1359-6454(97)00070-0,10.1016/j.calphad.2025.102851_bib15,Humphreys,1997.0,"A unified theory of recovery, recrystallization and grain growth, based on the stability and growth of cellular microstructures—I. The basic model",Acta Mater.,,,,,,
10.1016/j.calphad.2025.102851,10.1179/mst.1992.8.2.135,10.1016/j.calphad.2025.102851_bib16,Humphreys,1992.0,Modelling mechanisms and microstructures of recrystallisation,Mater. Sci. Technol.,,,,,,
10.1016/j.calphad.2025.102851,10.1016/S0079-6425(97)00008-X,10.1016/j.calphad.2025.102851_bib17,Rollett,1997.0,Overview of modeling and simulation of recrystallization,Prog. Mater. Sci.,,,,,,
10.1016/j.calphad.2025.102851,10.1016/j.ijplas.2020.102773,10.1016/j.calphad.2025.102851_bib18,Cai,2020.0,Phase field modeling of discontinuous dynamic recrystallization in hot deformation of magnesium alloys,Int. J. Plast.,,,,,,
10.1016/j.calphad.2025.102851,10.1016/S0079-6425(02)00003-8,10.1016/j.calphad.2025.102851_bib19,Kocks,2003.0,Physics and phenomenology of strain hardening: the FCC case,Prog. Mater. Sci.,,,,,,
10.1016/j.calphad.2025.102851,10.1007/s00339-016-0333-z,10.1016/j.calphad.2025.102851_bib20,Lin,2016.0,A novel unified dislocation density-based model for hot deformation behavior of a nickel-based superalloy under dynamic recrystallization conditions,Appl. Phys. A,,,,,,
10.1016/j.calphad.2025.102851,10.1179/msc.1979.13.3-4.187,10.1016/j.calphad.2025.102851_bib21,Sellars,1979.0,Recrystallization and grain growth in hot rolling,Met. Sci.,,,,,,
10.1016/j.calphad.2025.102851,10.1080/13642819308215285,10.1016/j.calphad.2025.102851_bib22,Peczak,1993.0,The effect of nucleation models on dynamic recrystallization I. Homogeneous stored energy distribution,Philos. Mag. B,,,,,,
10.1016/j.calphad.2025.102851,10.1016/j.msea.2006.06.115,10.1016/j.calphad.2025.102851_bib23,Ivasishin,2006.0,A 3-D Monte-Carlo (Potts) model for recrystallization and grain growth in polycrystalline materials,"Mater. Sci. Eng., A",,,,,,
10.1016/j.calphad.2025.102851,,10.1016/j.calphad.2025.102851_bib24,Payton,,,,,,,,,
10.1016/j.calphad.2025.102851,10.1016/0001-6160(85)90214-7,10.1016/j.calphad.2025.102851_bib25,Nes,1985.0,On the Zener drag,Acta Metall.,,,,,,
10.1016/j.calphad.2025.102851,,10.1016/j.calphad.2025.102851_bib26,Goeken,1999.0,Fifth-order Runge-Kutta with higher order derivative approximations,Electronic Journal of Differential Equations (EJDE) [Electronic Only],,,,,,
10.1016/j.calphad.2025.102851,10.1103/PhysRevA.21.948,10.1016/j.calphad.2025.102851_bib27,Langer,1980.0,Kinetics of nucleation in near-critical fluids,Phys. Rev. A,,,,,,
10.1016/j.calphad.2025.102851,,10.1016/j.calphad.2025.102851_bib28,Kampmann,1984.0,,,,,,,,
10.1016/j.calphad.2025.102851,,10.1016/j.calphad.2025.102851_bib31,Group,,,,,,,,,
10.1016/j.calphad.2025.102851,,10.1016/j.calphad.2025.102851_bib34,,2020.0,MOOSE: enabling massively parallel multiphysics simulation,SoftwareX,,,,,,
10.1016/j.calphad.2025.102851,10.3390/met11121921,10.1016/j.calphad.2025.102851_bib35,Alvarado,2021.0,Dissolution of the primary γ′ precipitates and grain growth during solution treatment of three nickel base superalloys,Metals,,,,,,
10.1016/j.commatsci.2025.114297,10.1016/0001-6160(88)90291-X,10.1016/j.commatsci.2025.114297_bb0005,Ortin,1988.0,Thermodynamic analysis of thermal measurements in thermoelastic martensitic transformations,Acta Metall.,,,,,,
10.1016/j.commatsci.2025.114297,10.1016/j.actamat.2023.119362,10.1016/j.commatsci.2025.114297_bb0010,Wu,2023.0,Predicting the martensitic transition temperatures in ternary shape memory alloys Ni0. 5Ti0. 5− xHfx from first principles,Acta Mater.,,,,,,
10.1016/j.commatsci.2025.114297,10.1080/21663831.2021.1893233,10.1016/j.commatsci.2025.114297_bb0015,Li,2021.0,A high-entropy high-temperature shape memory alloy with large and complete superelastic recovery,Materials Research Letters,,,,,,
10.1016/j.commatsci.2025.114297,10.1179/095066010X12646898728363,10.1016/j.commatsci.2025.114297_bb0020,Ma,2010.0,High temperature shape memory alloys,Int. Mater. Rev.,,,,,,
10.1016/j.commatsci.2025.114297,10.1016/j.actamat.2015.02.029,10.1016/j.commatsci.2025.114297_bb0025,Frenzel,2015.0,On the effect of alloy composition on martensite start temperatures and latent heats in Ni–Ti-based shape memory alloys,Acta Mater.,,,,,,
10.1016/j.commatsci.2025.114297,10.1016/j.msea.2003.10.324,10.1016/j.commatsci.2025.114297_bb0030,Firstov,2004.0,High-temperature shape memory alloys,Mater. Sci. Eng. A,,,,,,
10.1016/j.commatsci.2025.114297,10.1007/s40830-020-00290-2,10.1016/j.commatsci.2025.114297_bb0035,Peltier,2020.0,Investigation and composition characterization of a ‘NiTi-like’ alloy combining high temperature shape memory and high entropy,Shap. Mem. Superelasticity,,,,,,
10.1016/j.commatsci.2025.114297,10.1016/j.intermet.2020.106792,10.1016/j.commatsci.2025.114297_bb0040,Piorunek,2020.0,"Chemical complexity, microstructure and martensitic transformation in high entropy shape memory alloys",Intermetallics,,,,,,
10.1016/j.commatsci.2025.114297,,10.1016/j.commatsci.2025.114297_bb0045,Giovannelli,2024.0,The limitation of neural nets for approximation and optimization,J. Glob. Optim.,,,,,,
10.1016/j.commatsci.2025.114297,,10.1016/j.commatsci.2025.114297_bb0050,Messner,2019.0,Convolutional neural network surrogate models for the mechanical properties of periodic structures,J. Mech. Des.,,,,,,
10.1016/j.commatsci.2025.114297,10.1016/j.egypro.2014.11.377,10.1016/j.commatsci.2025.114297_bb0055,Pan,2014.0,Artificial neural network based surrogate modelling for multi- objective optimisation of geological CO2 storage operations,Energy Procedia,,,,,,
10.1016/j.commatsci.2025.114297,10.1007/s10729-024-09678-3,10.1016/j.commatsci.2025.114297_bb0060,Boresta,2024.0,Managing low–acuity patients in an emergency department through simulation–based multiobjective optimization using a neural network metamodel,Health Care Manag. Sci.,,,,,,
10.1016/j.commatsci.2025.114297,10.1016/j.cma.2017.09.010,10.1016/j.commatsci.2025.114297_bb0065,Papadopoulos,2018.0,A neural network-based surrogate model for carbon nanotubes with geometric nonlinearities,Comput. Methods Appl. Mech. Eng.,,,,,,
10.1016/j.commatsci.2025.114297,10.1007/s12289-023-01744-5,10.1016/j.commatsci.2025.114297_bb0070,Slimani,2023.0,Accurate surrogate models for the flat rolling process,Int. J. Mater. Form.,,,,,,
10.1016/j.commatsci.2025.114297,,10.1016/j.commatsci.2025.114297_bb0075,Zhan,2021.0,Optimized neural network prediction model of shape memory alloy and its application for structural vibration control,Materials,,,,,,
10.1016/j.commatsci.2025.114297,,10.1016/j.commatsci.2025.114297_bb0080,Hmede,2022.0,Review of neural network modeling of shape memory alloys,Sensors,,,,,,
10.1016/j.commatsci.2025.114297,,10.1016/j.commatsci.2025.114297_bb0085,Miettinen,1998.0,,,,,,,,
10.1016/j.commatsci.2025.114297,,10.1016/j.commatsci.2025.114297_bb0090,Ehrgott,2005.0,,,,,,,,
10.1016/j.commatsci.2025.114297,,10.1016/j.commatsci.2025.114297_bb0095,Audet,2017.0,,,,,,,,
10.1016/j.commatsci.2025.114297,,10.1016/j.commatsci.2025.114297_bb0100,Conn,2009.0,Introduction to derivative-free optimization. In MOS-SIAM series on optimization,Society for Industrial and Applied Mathematics,,,,,,
10.1016/j.commatsci.2025.114297,10.1017/S0962492919000060,10.1016/j.commatsci.2025.114297_bb0105,Larson,2019.0,Derivative-free optimization methods,Acta Numerica,,,,,,
10.1016/j.commatsci.2025.114297,,10.1016/j.commatsci.2025.114297_bb0110,Nocedal,2006.0,,,,,,,,
10.1016/j.commatsci.2025.114297,,10.1016/j.commatsci.2025.114297_bb0115,Powell,1994.0,A direct search optimization method that models the objective and constraint functions by linear interpolation,,,,,,,
10.1016/j.commatsci.2025.114297,,10.1016/j.commatsci.2025.114297_bb0120,Conn,2000.0,,,,,,,,
10.1016/j.commatsci.2025.114297,10.1016/j.trc.2023.104144,10.1016/j.commatsci.2025.114297_bb0125,Giovannelli,2023.0,"An integrated assignment, routing, and speed model for roadway mobility and transportation with environmental, efficiency, and service goals",Transportation Research Part C: Emerging Technologies,,,,,,
10.1016/j.commatsci.2025.114297,10.1007/s40830-022-00405-x,10.1016/j.commatsci.2025.114297_bb0130,Honrao,2023.0,Data-driven study of shape memory behavior of multi-component Ni–Ti alloys in large compositional and processing space,Shape Memory and Superelasticity,,,,,,
10.1016/j.commatsci.2025.114297,10.1016/j.commatsci.2023.112578,10.1016/j.commatsci.2025.114297_bb0135,Thiercelin,2024.0,Physics-informed machine learning prediction of the martensitic transformation temperature for the design of ‘NiTi-like’ high entropy shape memory alloys,Comput. Mater. Sci.,,,,,,
10.1016/j.commatsci.2025.114297,,10.1016/j.commatsci.2025.114297_bb0140,MERAGHNI,2023.0,Database providing Ms Temperature for NiTi-Like alloys _UPDATE_Oct.2023,Mendeley Data,,,,,,
10.1016/j.commatsci.2025.114297,,10.1016/j.commatsci.2025.114297_bb0145,Jolliffe,2016.0,Principal component analysis: a review and recent developments,Phil. Trans. R. Soc. A,,,,,,
10.1016/j.commatsci.2025.114297,10.1038/s41592-019-0686-2,10.1016/j.commatsci.2025.114297_bb0150,Virtanen,2020.0,SciPy 1.0: fundamental algorithms for scientific computing in Python,Nat. Methods,,,,,,
10.1016/j.commatsci.2025.114297,10.1016/0378-4363(80)90054-6,10.1016/j.commatsci.2025.114297_bb0155,Miedema,1980.0,Cohesion in alloys — fundamentals of a semi-empirical model,Physica B+C,,,,,,
10.1016/j.commatsci.2025.114297,10.1016/S0921-4526(01)00964-4,10.1016/j.commatsci.2025.114297_bb0160,Zhang,2002.0,Formation energy of ternary alloy systems calculated by an extended Miedema model,Phys. B Condens. Matter,,,,,,
10.1016/j.commatsci.2025.114297,10.1063/1.3587228,10.1016/j.commatsci.2025.114297_bb0165,Guo,2011.0,Effect of valence electron concentration on stability of fcc or bcc phase in high entropy alloys,J. Appl. Phys.,,,,,,
10.1016/j.commatsci.2025.114297,10.1016/j.actamat.2025.120908,10.1016/j.commatsci.2025.114297_bb0170,Alvi,2025.0,Hierarchical Gaussian process-based Bayesian optimization for materials discovery in high entropy alloy spaces,Acta Mater.,,,,,,
10.1016/j.ijrmhm.2023.106462,10.1016/j.ijrmhm.2022.105836,10.1016/j.ijrmhm.2023.106462_bb0005,Zhou,2022.0,Composition design and preparation process of refractory high-entropy alloys: a review,Int. J. Refract. Met. Hard Mater.,,,,,,
10.1016/j.ijrmhm.2023.106462,10.1557/jmr.2018.153,10.1016/j.ijrmhm.2023.106462_bb0010,Senkov,2018.0,Development and exploration of refractory high entropy alloys - a review,J. Mater. Res.,,,,,,
10.1016/j.ijrmhm.2023.106462,10.1016/j.actamat.2016.08.081,10.1016/j.ijrmhm.2023.106462_bb0015,Miracle,2017.0,A critical review of high entropy alloys and related concepts,Acta Mater.,,,,,,
10.1016/j.ijrmhm.2023.106462,10.1002/adem.202001047,10.1016/j.ijrmhm.2023.106462_bb0020,Gorr,2021.0,Current status of research on the oxidation behavior of refractory high entropy alloys,Adv. Eng. Mater.,,,,,,
10.1016/j.ijrmhm.2023.106462,10.1016/j.jallcom.2018.05.067,10.1016/j.ijrmhm.2023.106462_bb0025,Chen,2018.0,A review on fundamental of high entropy alloys with promising high–temperature properties,J. Alloys Compd.,,,,,,
10.1016/j.ijrmhm.2023.106462,,10.1016/j.ijrmhm.2023.106462_bb0030,Chen,2022.0,"Latest progress on refractory high entropy alloys: composition, fabrication, post processing, performance, simulation and prospect",Int. J. Refract. Met. Hard Mater.,,,,,,
10.1016/j.ijrmhm.2023.106462,10.3390/cryst11060612,10.1016/j.ijrmhm.2023.106462_bb0035,Srikanth,2021.0,A review of the latest developments in the field of refractory high-entropy alloys,Crystals,,,,,,
10.1016/j.ijrmhm.2023.106462,,10.1016/j.ijrmhm.2023.106462_bb0040,Marnoch,1965.0,High-temperature oxidation-resistant hafnium-tantalum alloys,J. Metals,,,,,,
10.1016/j.ijrmhm.2023.106462,,10.1016/j.ijrmhm.2023.106462_bb0045,Marnoch,1968.0,Some properties and applications of the hafnium- tantalum alloys,,,,,,,
10.1016/j.ijrmhm.2023.106462,,10.1016/j.ijrmhm.2023.106462_bb0050,Perepezko,2017.0,,,,,,,,
10.1016/j.ijrmhm.2023.106462,10.1016/j.matchemphys.2017.04.055,10.1016/j.ijrmhm.2023.106462_bb0055,Yang,2017.0,Oxidation synthesis of Hf6Ta2O17 superstructures,Mater. Chem. Phys.,,,,,,
10.1016/j.ijrmhm.2023.106462,10.1016/j.ijrmhm.2020.105467,10.1016/j.ijrmhm.2023.106462_bb0060,Senkov,2021.0,"High-temperature mechanical properties and oxidation behavior of Hf-27Ta and Hf-21Ta-21X (X is Nb, Mo or W) alloys",Int. J. Refract. Met. Hard Mater.,,,,,,
10.1016/j.ijrmhm.2023.106462,10.1016/j.ijrmhm.2022.105968,10.1016/j.ijrmhm.2023.106462_bb0065,Senkov,2022.0,"Microstructure, compression properties, and oxidation behavior of Hf-25Ta-5Me alloys (Me is Mo, Nb, W, 0.5Mo + 0.5 W, Cr, or Zr)",Int. J. Refract. Met. Hard Mater.,,,,,,
10.1016/j.ijrmhm.2023.106462,,10.1016/j.ijrmhm.2023.106462_bb0070,Ware,2021.0,,,,,,,,
10.1016/j.ijrmhm.2023.106462,10.1007/BF02648500,10.1016/j.ijrmhm.2023.106462_bb0075,Okamoto,1996.0,Hf-Ta (Hafnium-Tantalum),J. Phase Equilibria,,,,,,
10.1016/j.ijrmhm.2023.106462,,10.1016/j.ijrmhm.2023.106462_bb0080,Oden,1964.0,Hafnium--tantalum equilibrium diagram,,,,,,,
10.1016/j.ijrmhm.2023.106462,,10.1016/j.ijrmhm.2023.106462_bb0085,Kadhim,2013.0,Calculation of phase diagram of hafnium-tantalum system by using the theoretical method,J. Babylon University/Eng. Sci.,,,,,,
10.1016/j.ijrmhm.2023.106462,,10.1016/j.ijrmhm.2023.106462_bb0090,Carpenter,1971.0,Phase relations in concentrated Ta-Hf and Nb-Hf alloys,Metal. Trans.,,,,,,
10.1016/j.ijrmhm.2023.106462,,10.1016/j.ijrmhm.2023.106462_bb0095,Deval,2017.0,"Hf-Ta binary phase diagram evaluation, document ID: 20.16048.1.2",,,,,,,
10.1016/j.ijrmhm.2023.106462,10.1007/BF02661352,10.1016/j.ijrmhm.2023.106462_bb0100,Krug,1975.0,The solid state portion of the Hf-Ta phase diagram,Metall. Trans. A,,,,,,
10.1016/j.ijrmhm.2023.106462,,10.1016/j.ijrmhm.2023.106462_bb0105,Guillermet,1995.0,Gibbs energy modelling of the phase diagram and thermochemical properties in the Hf-Ta system,Z. Metallkd.,,,,,,
10.1016/j.ijrmhm.2023.106462,,10.1016/j.ijrmhm.2023.106462_bb0110,Okamoto,2010.0,,,,,,,,
10.1016/j.ijrmhm.2023.106462,10.1016/j.jallcom.2019.151685,10.1016/j.ijrmhm.2023.106462_bb0115,Senkov,2019.0,Ductile Nb alloys with reduced density and cost,J. Alloys Cmpds.,,,,,,
10.1016/j.ijrmhm.2023.106462,10.1007/BF02648537,10.1016/j.ijrmhm.2023.106462_bb0120,Yoo,1981.0,"Slip, twinning, and fracture in hexagonal close-packed metals",Metall. Trans. A.,,,,,,
10.1016/j.ijrmhm.2023.106462,10.1080/01418619108213931,10.1016/j.ijrmhm.2023.106462_bb0125,Yoo,1991.0,Deformation twinning in h.c.p. metals and alloys,Phil. Mag. A,,,,,,
10.1016/j.ijrmhm.2023.106462,,10.1016/j.ijrmhm.2023.106462_bb0130,Young,2016.0,,,,,,,,
10.1016/j.ijrmhm.2023.106462,10.1007/BF02655202,10.1016/j.ijrmhm.2023.106462_bb0135,Khaled,1981.0,"The effect of interstitials on phase equilibria in P[Ti, Zr, Hf]-X[Beta-stabilizer(s)] alloy systems",Metal. Trans. A,,,,,,
10.1016/j.ijrmhm.2023.106462,10.1016/S0025-5408(01)00715-2,10.1016/j.ijrmhm.2023.106462_bb0140,Senkov,2001.0,Effect of the atomic size distribution on glass forming ability of amorphous metallic alloys,Mater. Res. Bull.,,,,,,
10.1016/j.ijrmhm.2023.106462,10.1007/BF02656561,10.1016/j.ijrmhm.2023.106462_bb0145,Bhadeshia,1990.0,Bainite in steels,Met. Trans. A,,,,,,
10.1016/j.ijrmhm.2023.106462,10.1080/09506608.2016.1191808,10.1016/j.ijrmhm.2023.106462_bb0150,Cordero,2016.0,Six decades of the Hall-Petch effect – a survey of grain size strengthening studies on pure metals,Int. Mater. Rev.,,,,,,
10.1016/j.ijrmhm.2023.106462,10.1557/PROC-362-67,10.1016/j.ijrmhm.2023.106462_bb0155,Rao,1995.0,Interfacial strengthening in semi-coherent metallic multilayers,MRS Online Proc. Libr.,,,,,,
10.1016/j.ijrmhm.2023.106462,10.1080/01418610008212148,10.1016/j.ijrmhm.2023.106462_bb0160,Rao,2000.0,Atomistic simulations of dislocation-interface interactions in the Cu-Ni multilayer system,Phil. Mag. A,,,,,,
10.1016/j.ijrmhm.2023.106462,10.2320/matertrans.MA201309,10.1016/j.ijrmhm.2023.106462_bb0165,Schneibel,2014.0,Hall-Petch breakdown at elevated temperatures,Mater. Trans.,,,,,,
10.1016/j.ijrmhm.2023.106462,10.1016/j.msea.2020.139452,10.1016/j.ijrmhm.2023.106462_bb0170,Seils,2020.0,Temperature dependent strengthening contributions in austenitic and ferritic ODS steels,Mater. Sci. Eng. A,,,,,,
10.1016/j.ijrmhm.2023.106462,10.1134/S0020168506060070,10.1016/j.ijrmhm.2023.106462_bb0175,Pilipenko,2006.0,Mechanical properties of hafnium,Inorg. Mater.,,,,,,
10.1016/j.ijrmhm.2023.106462,10.1007/BF02647587,10.1016/j.ijrmhm.2023.106462_bb0180,Bhaskaran,1995.0,On the decomposition of β phase in some rapidly quenched titanium-eutectoid alloys,Met. Mater. Trans. A,,,,,,
10.1016/j.ijrmhm.2023.106462,10.3139/146.111207,10.1016/j.ijrmhm.2023.106462_bb0185,Savaşkan,2015.0,Effect of quench–ageing treatment on the microstructure and properties of Zn-15Al-3Cu alloy,Int. J. Mater. Res.,,,,,,
10.1016/j.ijrmhm.2023.106462,10.1557/jmr.2017.47,10.1016/j.ijrmhm.2023.106462_bb0190,Lara-Guevara,2017.0,"Thermal, structural, and microstructural characterization of eutectoid steel at different heat treatments",J. Mater. Res.,,,,,,
10.1016/j.ijrmhm.2023.106462,10.1007/BF02644214,10.1016/j.ijrmhm.2023.106462_bb0195,Chen,1983.0,Thermomechanical treatments of a 1050 pearlite steel,Met. Trans. A,,,,,,
10.1016/j.ijrmhm.2023.106462,10.1149/1.2425799,10.1016/j.ijrmhm.2023.106462_bb0200,Kofstad,1963.0,The oxidation behavior of tantalum at 700-1000°C,J. Electrochem. Soc.,,,,,,
10.1016/j.ijrmhm.2023.106462,,10.1016/j.ijrmhm.2023.106462_bb0205,Daboiku,2022.0,"Influence of ternary additions (Nb, Mo, W) on the oxidation behavior of Hf-Ta-based alloys",JANNAF J. Propulsion Energ.,,,,,,
10.1016/j.ijrmhm.2023.106462,,10.1016/j.ijrmhm.2023.106462_bb0210,McCormack,2019.0,"Crystal structure solution for the A6B2O17 (A = Zr, Hf; B = Nb, Ta) superstructure. Acta Cryst.",,,,,,,
10.1016/j.ijrmhm.2023.106462,,10.1016/j.ijrmhm.2023.106462_bb0215,McCormack,2019.0,In-situ determination of the HfO2–Ta2O5-temperature phase diagram up to 3000°C. J. Amer. Ceram. Soc.,,,,,,,
10.1016/j.jpcs.2025.113218,10.1016/j.nxener.2024.100202,10.1016/j.jpcs.2025.113218_b1,Waseem,2025.0,Energy storage technology and its impact in electric vehicle: Current progress and future outlook,Next Energy,,,,,,
10.1016/j.jpcs.2025.113218,10.3390/en16031415,10.1016/j.jpcs.2025.113218_b2,Sayed,2023.0,Renewable Energy and Energy Storage Systems,Energies,,,,,,
10.1016/j.jpcs.2025.113218,10.1016/j.isci.2021.102332,10.1016/j.jpcs.2025.113218_b3,Liu,2021.0,Current and future lithium-ion battery manufacturing,IScience,,,,,,
10.1016/j.jpcs.2025.113218,,10.1016/j.jpcs.2025.113218_b4,Vinayak,2024.0,Circular economies for lithium-ion batteries and challenges to their implementation,Next Mater.,,,,,,
10.1016/j.jpcs.2025.113218,10.1016/j.est.2024.113497,10.1016/j.jpcs.2025.113218_b5,Wanison,2024.0,Engineering aspects of sodium-ion battery: An alternative energy device for Lithium-ion batteries,J. Energy Storage,,,,,,
10.1016/j.jpcs.2025.113218,10.1021/acsenergylett.0c02181,10.1016/j.jpcs.2025.113218_b6,Abraham,2020.0,How Comparable Are Sodium-Ion Batteries to Lithium-Ion Counterparts?,ACS Energy Lett.,,,,,,
10.1016/j.jpcs.2025.113218,10.1038/s41560-023-01215-w,10.1016/j.jpcs.2025.113218_b7,Rudola,2023.0,Opportunities for moderate-range electric vehicles using sustainable sodium-ion batteries,Nat. Energy,,,,,,
10.1016/j.jpcs.2025.113218,10.1002/adfm.201910251,10.1016/j.jpcs.2025.113218_b8,Kaliyappan,2020.0,Constructing Safe and Durable High-Voltage P2 Layered Cathodes for Sodium Ion Batteries Enabled by Molecular Layer Deposition of Alucone,Adv. Funct. Mater.,,,,,,
10.1016/j.jpcs.2025.113218,,10.1016/j.jpcs.2025.113218_b9,Fan,2024.0,Research progress on hard carbon materials in advanced sodium-ion batteries,Energy Storage Mater.,,,,,,
10.1016/j.jpcs.2025.113218,10.1007/s40820-023-01162-x,10.1016/j.jpcs.2025.113218_b10,Ding,2023.0,Advances in Mn-Based Electrode Materials for Aqueous Sodium-Ion Batteries,Nano-Micro Lett.,,,,,,
10.1016/j.jpcs.2025.113218,10.1016/j.ensm.2021.10.032,10.1016/j.jpcs.2025.113218_b11,Meng,2022.0,Strategies for improving electrochemical reaction kinetics of cathode materials for subzero-temperature Li-ion batteries: A review,Energy Storage Mater.,,,,,,
10.1016/j.jpcs.2025.113218,10.1039/D1TA05998J,10.1016/j.jpcs.2025.113218_b12,Sun,2021.0,Long-life Na-rich nickel hexacyanoferrate capable of working under stringent conditions,J. Mater. Chem. A,,,,,,
10.1016/j.jpcs.2025.113218,10.1002/adma.202405989,10.1016/j.jpcs.2025.113218_b13,Gao,2024.0,The Enormous Potential of Sodium/Potassium-Ion Batteries as the Mainstream Energy Storage Technology for Large-Scale Commercial Applications,Adv. Mater.,,,,,,
10.1016/j.jpcs.2025.113218,,10.1016/j.jpcs.2025.113218_b14,Tian,2023.0,A heterogeneous structured C/SnO2/SnSe2@C hybrid: Exploring the superior rate performance in sodium ion batteries,Mater. Today Chem.,,,,,,
10.1016/j.jpcs.2025.113218,10.1016/j.jcis.2023.12.065,10.1016/j.jpcs.2025.113218_b15,Li,2024.0,MXene-based anode materials for high performance sodium-ion batteries,J. Colloid Interface Sci.,,,,,,
10.1016/j.jpcs.2025.113218,10.1039/D4RA08061K,10.1016/j.jpcs.2025.113218_b16,Zhang,2025.0,Research progress in the preparation of sodium-ion battery anode materials using ball milling,RSC Adv.,,,,,,
10.1016/j.jpcs.2025.113218,10.1039/D4NR02797C,10.1016/j.jpcs.2025.113218_b17,Dandigunta,2024.0,α-Graphyne with ultra-low diffusion barriers as a promising sodium-ion battery anode and a computational scheme for accurate estimation of theoretical specific capacity,Nanoscale,,,,,,
10.1016/j.jpcs.2025.113218,10.1002/adma.202404574,10.1016/j.jpcs.2025.113218_b18,Wan,2024.0,Fast-Charging Anode Materials for Sodium-Ion Batteries,Adv. Mater.,,,,,,
10.1016/j.jpcs.2025.113218,10.1002/cssc.202400958,10.1016/j.jpcs.2025.113218_b19,Kumar,2025.0,High-Performance Sodium-Ion Batteries with Graphene: An Overview of Recent Developments and Design,ChemSusChem,,,,,,
10.1016/j.jpcs.2025.113218,10.1038/ncomms5033,10.1016/j.jpcs.2025.113218_b20,Wen,2014.0,Expanded graphite as superior anode for sodium-ion batteries,Nat. Commun.,,,,,,
10.1016/j.jpcs.2025.113218,10.1002/adma.201905923,10.1016/j.jpcs.2025.113218_b21,Zhang,2020.0,Defect Engineering on Electrode Materials for Rechargeable Batteries,Adv. Mater.,,,,,,
10.1016/j.jpcs.2025.113218,10.1021/acscentsci.3c00301,10.1016/j.jpcs.2025.113218_b22,Liu,2023.0,Toward High Performance Anodes for Sodium-Ion Batteries: From Hard Carbons to Anode-Free Systems,ACS Central Sci.,,,,,,
10.1016/j.jpcs.2025.113218,10.1016/S1872-5805(24)60886-3,10.1016/j.jpcs.2025.113218_b23,Riza,2024.0,A review of anode materials for sodium ion batteries,New Carbon Mater.,,,,,,
10.1016/j.jpcs.2025.113218,10.1002/aenm.201902485,10.1016/j.jpcs.2025.113218_b24,Fang,2020.0,Transition Metal Oxide Anodes for Electrochemical Energy Storage in Lithium- and Sodium-Ion Batteries,Adv. Energy Mater.,,,,,,
10.1016/j.jpcs.2025.113218,,10.1016/j.jpcs.2025.113218_b25,Zhu,2022.0,Recent advances in MXene-based anode materials for alkali metal-ion capacitors,Mater. Today Sustain.,,,,,,
10.1016/j.jpcs.2025.113218,10.1038/natrevmats.2016.98,10.1016/j.jpcs.2025.113218_b26,Anasori,2017.0,2D metal carbides and nitrides (MXenes) for energy storage,Nat. Rev. Mater.,,,,,,
10.1016/j.jpcs.2025.113218,10.1016/j.chemosphere.2022.134225,10.1016/j.jpcs.2025.113218_b27,Lokhande,2022.0,Prospects of MXenes in energy storage applications,Chemosphere,,,,,,
10.1016/j.jpcs.2025.113218,10.1016/j.jcis.2025.137799,10.1016/j.jpcs.2025.113218_b28,Yu,2025.0,Oxygen-transfer from N2O to CO via Y-doped Ti2CO2 (MXene) monolayer at room temperature: Density functional theory and ab initio molecular simulation studies,J. Colloid Interface Sci.,,,,,,
10.1016/j.jpcs.2025.113218,10.1016/j.matdes.2017.05.052,10.1016/j.jpcs.2025.113218_b29,Xin,2017.0,Possibility of bare and functionalized niobium carbide MXenes for electrode materials of supercapacitors and field emitters,Mater. Des.,,,,,,
10.1016/j.jpcs.2025.113218,10.1021/acs.jpcc.5b10366,10.1016/j.jpcs.2025.113218_b30,Yu,2016.0,"Prediction of Mobility, Enhanced Storage Capacity, and Volume Change during Sodiation on Interlayer-Expanded Functionalized Ti3C2 MXene Anode Materials for Sodium-Ion Batteries",J. Phys. Chem. C,,,,,,
10.1016/j.jpcs.2025.113218,10.3390/nano11123412,10.1016/j.jpcs.2025.113218_b31,Pogorielov,2021.0,"MXenes—A New Class of Two-Dimensional Materials: Structure, Properties and Potential Applications",Nanomaterials,,,,,,
10.1016/j.jpcs.2025.113218,10.1002/celc.202200555,10.1016/j.jpcs.2025.113218_b32,Johnson,2022.0,Elucidating the Charge Storage Mechanism on Ti3C2 MXene through In Situ Raman Spectroelectrochemistry,ChemElectroChem,,,,,,
10.1016/j.jpcs.2025.113218,10.1016/j.pmatsci.2024.101308,10.1016/j.jpcs.2025.113218_b33,Ponnalagar,2024.0,Recent advances and future prospects of low-dimensional Mo2C MXene-based electrode for flexible electrochemical energy storage devices,Prog. Mater. Sci.,,,,,,
10.1016/j.jpcs.2025.113218,10.1016/j.matdes.2023.112046,10.1016/j.jpcs.2025.113218_b34,Ponnalagar,2023.0,Recent progress in two-dimensional Nb2C MXene for applications in energy storage and conversion,Mater. Des.,,,,,,
10.1016/j.jpcs.2025.113218,10.1016/j.est.2024.112176,10.1016/j.jpcs.2025.113218_b35,Behl,2024.0,"Recent developments in V2C MXene as energy storage materials: Promises, challenges and future prospects",J. Energy Storage,,,,,,
10.1016/j.jpcs.2025.113218,10.1021/ja405735d,10.1016/j.jpcs.2025.113218_b36,Naguib,2013.0,New Two-Dimensional Niobium and Vanadium Carbides as Promising Materials for Li-Ion Batteries,J. Am. Chem. Soc.,,,,,,
10.1016/j.jpcs.2025.113218,10.1007/s10853-019-03867-0,10.1016/j.jpcs.2025.113218_b37,Sultana,2019.0,"Unveiling the structures and electronic properties of CH3NH3PbI3 interfaces with TiO2, ZnO, and SnO2: a first-principles study",J. Mater. Sci.,,,,,,
10.1016/j.jpcs.2025.113218,10.1039/D0CP04295A,10.1016/j.jpcs.2025.113218_b38,Li,2020.0,Exploring the hydrogen bond kinetics of Methanol–Water solutions using Raman scattering,Phys. Chem. Chem. Phys.,,,,,,
10.1016/j.jpcs.2025.113218,10.1063/5.0272588,10.1016/j.jpcs.2025.113218_b39,Hiraoka,2025.0,Advanced Raman spectroscopy for battery applications: Materials characterization and operando measurements,APL Energy,,,,,,
10.1016/j.jpcs.2025.113218,10.1021/acsnano.2c08776,10.1016/j.jpcs.2025.113218_b40,Said,2023.0,Black Phosphorus Degradation during Intercalation and Alloying in Batteries,ACS Nano,,,,,,
10.1016/j.jpcs.2025.113218,10.1039/D5EB00094G,10.1016/j.jpcs.2025.113218_b41,Laurenti,2025.0,Unraveling nanoscale interfacial kinetics in battery cathodes through operando tip-enhanced Raman spectroscopy,EES Batter.,,,,,,
10.1016/j.jpcs.2025.113218,10.1103/PhysRevB.54.11169,10.1016/j.jpcs.2025.113218_b42,Kresse,1996.0,Efficient iterative schemes for Ab Initio total-energy calculations using a plane-wave basis set,Phys. Rev. B,,,,,,
10.1016/j.jpcs.2025.113218,10.1103/PhysRevB.50.17953,10.1016/j.jpcs.2025.113218_b43,Blöchl,1994.0,Projector augmented-wave method,Phys. Rev. B,,,,,,
10.1016/j.jpcs.2025.113218,10.1103/PhysRevB.13.5188,10.1016/j.jpcs.2025.113218_b44,Monkhorst,1976.0,Special points for Brillouin-zone integrations,Phys. Rev. B,,,,,,
10.1016/j.jpcs.2025.113218,10.1103/PhysRevLett.77.3865,10.1016/j.jpcs.2025.113218_b45,Perdew,1996.0,Generalized Gradient Approximation Made Simple,Phys. Rev. Lett.,,,,,,
10.1016/j.jpcs.2025.113218,10.1063/1.3382344,10.1016/j.jpcs.2025.113218_b46,Grimme,2010.0,A consistent and accurate ab initio parametrization of density functional dispersion correction DFT-D for the 94 elements H-Pu,J. Chem. Phys.,,,,,,
10.1016/j.jpcs.2025.113218,10.1002/jcc.20575,10.1016/j.jpcs.2025.113218_b47,Sanville,2007.0,Improved grid-based algorithm for Bader charge allocation,J. Comput. Chem.,,,,,,
10.1016/j.jpcs.2025.113218,10.1063/1.1329672,10.1016/j.jpcs.2025.113218_b48,Henkelman,2000.0,A climbing image nudged elastic band method for finding saddle points and minimum energy paths,J. Chem. Phys.,,,,,,
10.1016/j.jpcs.2025.113218,,10.1016/j.jpcs.2025.113218_b49,,2025.0,,,,,,,,
10.1016/j.jpcs.2025.113218,10.1016/j.ijhydene.2020.11.278,10.1016/j.jpcs.2025.113218_b50,Zhang,2021.0,Regulation of CO oxidation with Pd additives on Nb2CO2 MXene,Int. J. Hydrog. Energy,,,,,,
10.1016/j.jpcs.2025.113218,10.1016/j.ceramint.2024.01.126,10.1016/j.jpcs.2025.113218_b51,Hou,2024.0,Nb2CO2 as a promising sensor and adsorbent to capture H2CO gas,Ceram. Int.,,,,,,
10.1016/j.jpcs.2025.113218,10.1016/j.infrared.2021.103647,10.1016/j.jpcs.2025.113218_b52,Ahmad,2021.0,Performance of Nb2C MXene coated on tapered fiber as saturable absorber for the generation of Mode-Locked Erbium-Doped fiber laser,Infrared Phys. Technol.,,,,,,
10.1016/j.jpcs.2025.113218,10.1021/jacs.7b07818,10.1016/j.jpcs.2025.113218_b53,Lin,2017.0,A Two-Dimensional Biodegradable Niobium Carbide (MXene) for Photothermal Tumor Eradication in NIR-I and NIR-II Biowindows,J. Am. Chem. Soc.,,,,,,
10.1016/j.jpcs.2025.113218,10.1021/acs.jpcc.8b04427,10.1016/j.jpcs.2025.113218_b54,Hu,2018.0,Screening Surface Structure of MXenes by High-Throughput Computation and Vibrational Spectroscopic Confirmation,J. Phys. Chem. C,,,,,,
10.1016/j.jpcs.2025.113218,10.1021/acsmaterialslett.4c00922,10.1016/j.jpcs.2025.113218_b55,Giordano,2024.0,Raman Spectroscopy and Laser-Induced Surface Modification of Nb2 CTx MXene,ACS Mater. Lett.,,,,,,
10.1016/j.jpcs.2025.113218,10.1088/1361-6463/aba21b,10.1016/j.jpcs.2025.113218_b56,Yang,2020.0,Electronic structures and electron–phonon superconductivity of Nb2C-based MXenes,J. Phys. D: Appl. Phys.,,,,,,
10.1016/j.jpcs.2025.113218,10.1021/acsnano.4c02150,10.1016/j.jpcs.2025.113218_b57,Adomaviciute-Grabusove,2024.0,Monitoring Ti3 C2 Tx MXene Degradation Pathways Using Raman Spectroscopy,ACS Nano,,,,,,
10.1016/j.jpcs.2025.113218,10.3390/chemosensors9090262,10.1016/j.jpcs.2025.113218_b58,Orlando,2021.0,A comprehensive review on Raman spectroscopy applications,Chemosensors,,,,,,
10.1016/j.jpcs.2025.113218,10.1021/acsaem.3c01623,10.1016/j.jpcs.2025.113218_b59,Yu,2023.0,Sodium/Potassium Intercalation on the Cu4S4 Nanosheet Accompanied by a Surface Phase Transition and Their Competition with Protons,ACS Appl. Energy Mater.,,,,,,
10.1016/j.jpcs.2025.113218,10.1039/D3CP05423C,10.1016/j.jpcs.2025.113218_b60,Yu,2024.0,Theoretical insights into surface-phase transition and ion competition during alkali ion intercalation on the Cu4Se4 nanosheet,Phys. Chem. Chem. Phys.,,,,,,
10.1016/j.jpcs.2025.113218,10.1016/j.jpowsour.2014.06.049,10.1016/j.jpcs.2025.113218_b61,Mortazavi,2014.0,Ab initio characterization of layered MoS2 as anode for sodium-ion batteries,J. Power Sources,,,,,,
10.1016/j.jpcs.2025.113218,10.1016/j.est.2024.111500,10.1016/j.jpcs.2025.113218_b62,Li,2024.0,Theoretical investigation of Mo2C and Mo2CO2 as anodes for sodium/magnesium-ion batteries,J. Energy Storage,,,,,,
10.1016/j.jpcs.2025.113218,,10.1016/j.jpcs.2025.113218_b63,Fan,2023.0,Computational design of promising 2D electrode materials for Li-ion and Li–S battery applications,Mater. Rep.: Energy,,,,,,
10.1016/j.jpcs.2025.113218,10.1021/acsomega.4c03603,10.1016/j.jpcs.2025.113218_b64,Santoy-Flores,2024.0,Nb2 C and Nb2 CO2 MXenes as Anodes in Li-Ion Batteries: A Comparative Study by First-Principles Calculations,ACS Omega,,,,,,
10.1016/j.jpcs.2025.113218,10.1016/j.cap.2019.11.025,10.1016/j.jpcs.2025.113218_b65,Li,2020.0,The effect of S-functionalized and vacancies on V2C MXenes as anode materials for Na-ion and Li-ion batteries,Curr. Appl. Phys.,,,,,,
10.1016/j.jpcs.2025.113218,10.1021/jp504493a,10.1016/j.jpcs.2025.113218_b66,Zhao,2014.0,Role of Strain and Concentration on the Li Adsorption and Diffusion Properties on Ti2C Layer,J. Phys. Chem. C,,,,,,
10.1016/j.jpcs.2025.113218,10.1016/j.apsusc.2022.154173,10.1016/j.jpcs.2025.113218_b67,Das,2022.0,A novel silicon-doped 2D Ti2C MXene monolayer as high capacity stable anode material for lithium ion batteries: Insight from density functional theory study,Appl. Surf. Sci.,,,,,,
10.1016/j.jpcs.2025.113218,10.1016/j.commatsci.2019.03.039,10.1016/j.jpcs.2025.113218_b68,Xiao,2019.0,"The potential application of 2D Ti2CT2 (T=C, O and S) monolayer MXenes as anodes for Na-ion batteries: A theoretical study",Comput. Mater. Sci.,,,,,,
10.1016/j.jpcs.2025.113218,10.1002/advs.202003185,10.1016/j.jpcs.2025.113218_b69,Ma,2021.0,MXene-Based Materials for Electrochemical Sodium-Ion Storage,Adv. Sci.,,,,,,
10.1016/j.jpcs.2025.113218,10.2477/jccj.2018-0050,10.1016/j.jpcs.2025.113218_b70,Kurahashi,2019.0,Li and Na Interaction with Ti2C-MXene: A First-Principles Calculation,J. Comput. Chem. Jpn.,,,,,,
10.1016/j.jpcs.2025.113218,10.1063/1.4939745,10.1016/j.jpcs.2025.113218_b71,Ashton,2016.0,Computational characterization of lightweight multilayer MXene Li-ion battery anodes,Appl. Phys. Lett.,,,,,,
10.1016/j.jpcs.2025.113218,10.1039/D4RA03618B,10.1016/j.jpcs.2025.113218_b72,Wang,2024.0,Theoretical study on lithium storage performance of V-doped Ti2CO2 MXene,RSC Adv.,,,,,,
10.1016/j.jpcs.2025.113218,10.1007/s00214-024-03136-7,10.1016/j.jpcs.2025.113218_b73,Liu,2024.0,Properties of Ti2CO2 and Ti2CO2/G heterostructures as anodes of sodium-ion batteries by first-principles study,Theor. Chem. Accounts,,,,,,
10.1016/j.jpcs.2025.113218,10.1021/jp507336x,10.1016/j.jpcs.2025.113218_b74,Hu,2014.0,"Investigations on V2C and V2CX2 (X=F, OH) Monolayer as a Promising Anode Material for Li Ion Batteries from First-Principles Calculations",J. Phys. Chem. C,,,,,,
10.1016/j.jpcs.2025.113218,10.1021/ja501520b,10.1016/j.jpcs.2025.113218_b75,Xie,2014.0,Role of Surface Structure on Li-Ion Energy Storage Capacity of Two-Dimensional Transition-Metal Carbides,J. Am. Chem. Soc.,,,,,,
10.1016/j.jpcs.2025.113218,10.1039/C6TA01918H,10.1016/j.jpcs.2025.113218_b76,Çakır,2016.0,Mo2C as a high capacity anode material: A first-principles study,J. Mater. Chem. A,,,,,,
10.1016/j.jpcs.2025.113218,10.1021/acs.jpclett.6b00171,10.1016/j.jpcs.2025.113218_b77,Sun,2016.0,Ab Initio Prediction and Characterization of Mo2C Monolayer as Anodes for Lithium-Ion and Sodium-Ion Batteries,J. Phys. Chem. Lett.,,,,,,
10.1016/j.jpcs.2025.113218,10.1039/D3CP01608K,10.1016/j.jpcs.2025.113218_b78,Khammuang,2023.0,First-principles study of 2H-Mo2C-based MXenes under biaxial strain as Li-battery anodes,Phys. Chem. Chem. Phys. (Incorporating Faraday Transactions),,,,,,
10.1016/j.jpcs.2025.113218,,10.1016/j.jpcs.2025.113218_b79,Wang,2013.0,Van der Waals density functional study of the energetics of alkali metal intercalation in graphite,RSC Adv.,,,,,,
10.1016/j.jpcs.2025.113218,10.1021/jp910134u,10.1016/j.jpcs.2025.113218_b80,Toyoura,2010.0,Effects of Off-Stoichiometry of LiC6 on the Lithium Diffusion Mechanism and Diffusivity by First Principles Calculations,J. Phys. Chem. C,,,,,,
10.1016/j.jpcs.2025.113218,10.1021/acs.chemmater.3c00860,10.1016/j.jpcs.2025.113218_b81,Insinna,2023.0,Graphite Anodes for Li-Ion Batteries: An Electron Paramagnetic Resonance Investigation,Chem. Mater.,,,,,,
10.1016/j.jpcs.2025.113218,10.1039/C7RA06777A,10.1016/j.jpcs.2025.113218_b82,Moriwake,2017.0,Why is sodium-intercalated graphite unstable?,RSC Adv.,,,,,,
10.2139/ssrn.6141445,,ref1,,2025.0,,"Cold Dwell Fatigue of Titanium Alloys: History, Current State, and Aviation Industry Perspective -Google Search",,,,,,
10.2139/ssrn.6141445,10.1007/s11661-021-06158-z,ref2,N C Levkulich,2021.0,An Investigation of the Development of Coarse Grains During ? Annealing of Hot-Forged Ti-6Al-4V,Metall Mater Trans A,,,,,,
10.2139/ssrn.6141445,10.1007/s11661-020-05625-3,ref3,S L Semiatin,2020.0,An Overview of the Thermomechanical Processing of ?/? Titanium Alloys: Current Status and Future Research Opportunities,Metall Mater Trans A,,,,,,
10.2139/ssrn.6141445,10.1016/j.jmatprotec.2020.116689,ref4,M Bambach,2020.0,Hybrid manufacturing of components from Ti-6Al-4V by metal forming and wire-arc additive manufacturing,Journal of Materials Processing Technology,,,,,,
10.2139/ssrn.6141445,,ref5,H Gao,2024.0,Microstructure homogenization and strength-ductility synergy improvement of the hybrid additive manufactured dual-phase titanium alloy by sub-critical annealing,Virtual and Physical Prototyping,,,,,,
10.2139/ssrn.6141445,,ref6,J M Weaver,2021.0,,Interface Joint Strength between SS316L Wrought Substrate and Powder Bed Fusion Built Parts,,,,,,
10.2139/ssrn.6141445,10.1016/j.addma.2020.101657,ref7,O Dolev,2021.0,Ti-6Al-4V hybrid structure mechanical properties-Wrought and additive manufactured powder-bed material,Additive Manufacturing,,,,,,
10.2139/ssrn.6141445,10.3390/met13040668,ref8,X Zong,2023.0,Microstructure and Tensile Property of Hybrid Fabricated Ti-6Al-4V Alloy by Investment Casting and Laser Additive Manufacturing,Metals,,,,,,
10.2139/ssrn.6141445,10.1007/BF02704777,ref9,W Huiqiang,2004.0,Microstructure evolution and fracture behaviour for electron beam welding of Ti-6Al-4V,Bull Mater Sci,,,,,,
10.2139/ssrn.6141445,10.1134/S0031918X21020034,ref10,E N Boyangin,2021.0,The Effect of Electron Beam Welding on the Microstructure and Microhardness of 3D-Printed Products from Titanium Alloy Ti-6Al-4V,Phys. Metals Metallogr,,,,,,
10.2139/ssrn.6141445,10.1016/j.msea.2016.11.084,ref11,G.-C Li,2017.0,Microstructure and properties of a novel titanium alloy Ti-6Al-2V,Materials Science and Engineering: A,,,,,,
10.2139/ssrn.6141445,10.1007/s11837-021-04670-6,ref12,Z Liu,2021.0,A Review on Additive Manufacturing of Titanium Alloys for Aerospace Applications: Directed Energy Deposition and Beyond Ti-6Al-4V,JOM,,,,,,
10.2139/ssrn.6141445,10.1016/j.jmrt.2023.06.214,ref13,X Tao,2023.0,Effect of heat input on the microstructure and mechanical properties of Ti-6Al-4V alloy repaired by wire-feed electron beam additive manufacturing,Journal of Materials Research and Technology,,,,,,
10.2139/ssrn.6141445,10.1016/j.matchar.2015.07.007,ref14,S L Sing,2015.0,Interfacial characterization of SLM parts in multi-material processing: Intermetallic phase formation between AlSi10Mg and C18400 copper alloy,Materials Characterization,,,,,,
10.2139/ssrn.6141445,10.3390/ma15134675,ref15,I A Sharaky,2022.0,Effect of Shear and Pure Bending Spans on the Behaviour of Steel Beams with Corrugated Webs,Materials,,,,,,
10.2139/ssrn.6141445,,ref16,H Liu,2023.0,Flexural performance of 3D-printed composite beams with ECC and recycled fine aggregate concrete: Experimental and numerical analysis,Engineering Structures,,,,,,
10.2139/ssrn.6141445,,ref17,N Korshunova,2021.0,,Bending behavior of additively manufactured lattice structures: numerical characterization and experimental validation,,,,,,
10.2139/ssrn.6141445,10.1109/ISFA.2016.7790182,ref18,W Tao,2016.0,Design of lattice structure for additive manufacturing,2016 International Symposium on Flexible Automation (ISFA),,,,,,
10.2139/ssrn.6141445,,ref19,J M Weaver,2021.0,,Interface Joint Strength between SS316L Wrought Substrate and Powder Bed Fusion Built Parts,,,,,,
10.2139/ssrn.6141445,,ref20,L M S Santos,2018.0,Fracture Toughness of Hybrid Components with Selective Laser Melting 18Ni300 Steel Parts,Applied Sciences,,,,,,
10.2139/ssrn.6141445,10.1088/1757-899X/651/1/012019,ref21,L Wagner,2019.0,Improved bendability characterization of UHSS sheets,IOP Conf. Ser.: Mater. Sci. Eng,,,,,,
10.2139/ssrn.6141445,,ref22,M A Meyers,1999.0,,Mechanical behavior of materials,,,,,,
10.2139/ssrn.6141445,,ref23,J Liu,2022.0,Understanding the effect of scanning strategies on the microstructure and crystallographic texture of Ti-6Al-4V alloy manufactured by laser powder bed fusion,Journal of Materials Processing Technology,,,,,,
10.2139/ssrn.6141445,10.1080/17452759.2025.2581153,ref24,O C Ozaner,2025.0,Enhancing mechanical performance in bimetallic WAAMed structures through strategic deposition order,Virtual and Physical Prototyping,,,,,,
10.2139/ssrn.6141445,10.3390/cryst14010044,ref25,Z Chen,2023.0,Effects of the Number of Layers and Thickness Ratio on the Impact Fracture Behavior of AA6061/AA7075 Laminated Metal Composites,Crystals,,,,,,
10.2139/ssrn.6141445,10.1016/j.msea.2016.03.036,ref26,F Geiger,2016.0,Tailoring the texture of IN738LC processed by selective laser melting (SLM) by specific scanning strategies,Materials Science and Engineering: A,,,,,,
10.2139/ssrn.6141445,10.1016/j.matdes.2020.108852,ref27,J J Marattukalam,2020.0,"The effect of laser scanning strategies on texture, mechanical properties, and site-specific grain orientation in selective laser melted 316L SS",Materials & Design,,,,,,
10.2139/ssrn.6141445,,ref28,S Papula,2019.0,,"Selective Laser Melting of Duplex Stainless Steel 2205: Effect of Post-Processing Heat Treatment on Microstructure, Mechanical Properties, and Corrosion Resistance",,,,,,
10.2139/ssrn.6141445,,ref29,Y Song,2020.0,Effect of scanning strategies on the microstructure and mechanical behavior of 316L stainless steel fabricated by selective laser melting,Materials Science and Engineering: A,,,,,,
10.2139/ssrn.6141445,,ref30,W Shi,2023.0,Investigation of the scanning strategy on the microstructure and tensile property of Ti6Al4V alloy fabricated by selective laser melting,"Proceedings of the Institution of Mechanical Engineers, Part C: Journal of Mechanical Engineering Science",,,,,,
10.2139/ssrn.6141445,10.1557/s43578-022-00735-7,ref31,W C Batalha,2023.0,Effect of scanning strategy on microstructure and mechanical properties of a biocompatible Ti-35Nb-7Zr-5Ta alloy processed by laser-powder bed fusion,Journal of Materials Research,,,,,,
10.2139/ssrn.6141445,,ref32,W Voellmecke,2025.0,,Surface Color Relation to Oxide and Alpha Case Formation in Ti-6Al-4V,,,,,,
10.2139/ssrn.6141445,,ref33,M Froend,2020.0,Microstructure by design: An approach of grain refinement and isotropy improvement in multi-layer wire-based laser metal deposition,Materials Science and Engineering: A,,,,,,
10.2139/ssrn.6141445,10.1002/0471434027,ref34,S Kou,2002.0,,"Welding Metallurgy, 1st ed",,,,,,
10.2139/ssrn.6141445,10.1016/j.commatsci.2018.06.019,ref35,X Li,2018.0,Numerical investigation of effects of nucleation mechanisms on grain structure in metal additive manufacturing,Computational Materials Science,,,,,,
10.2139/ssrn.6141445,,ref36,,2003.0,,"Titanium and Titanium Alloys: Fundamentals and Applications, 1st ed",,,,,,
10.2139/ssrn.6141445,10.1016/j.jmrt.2023.11.218,ref37,L Zhang,2023.0,Understanding the formation of equiaxed ? during dynamic precipitation in titanium alloys by elastoplastic phase field simulation,Journal of Materials Research and Technology,,,,,,
10.2139/ssrn.6141445,,ref38,S Du,2024.0,Evolution of Microstructure and Mechanical Properties of Ti-6Al-4V Alloy under Heat Treatment and Multi-Axial Forging,Materials,,,,,,
10.2139/ssrn.6141445,10.1016/j.jmapro.2020.07.025,ref39,S Cooke,2020.0,"Metal additive manufacturing: Technology, metallurgy and modelling",Journal of Manufacturing Processes,,,,,,
10.2139/ssrn.6141445,,ref40,H Altenbach,2024.0,,Advanced Structured Materials,,,,,,
10.2139/ssrn.6141445,10.1016/j.mattod.2021.03.020,ref41,D Svetlizky,2021.0,"Directed energy deposition (DED) additive manufacturing: Physical characteristics, defects, challenges and applications",Materials Today,,,,,,
10.2139/ssrn.6141445,10.1016/j.actamat.2020.05.012,ref42,A Prasad,2020.0,Towards understanding grain nucleation under Additive Manufacturing solidification conditions,Acta Materialia,,,,,,
10.2139/ssrn.6141445,10.1016/S0924-0136(02)00865-8,ref43,P A Kobryn,2003.0,Microstructure and texture evolution during solidification processing of Ti-6Al-4V,Journal of Materials Processing Technology,,,,,,
10.3390/ma16041549,,ref_1,,,,,"Guillaume, C.-E. (2023, January 11). Invar and Elinvar. Nobel Lecture, 11 December 1920. Available online: https://www.nobelprize.org/uploads/2018/06/guillaume-lecture.pdf.",,,,,
10.3390/ma16041549,10.1007/978-3-662-11973-0,ref_2,,,,,"Houdrement, E. (1956). Handbuch der Sonderstahlkunde, Springer Verlag.",,,,,
10.3390/ma16041549,,ref_3,,,,,"Berns, H., and Theisen, W. (2006). Eisenwerkstoff—Stahl und Gusseisen, Springer Verlag.",,,,,
10.3390/ma16041549,10.1007/BF03377892,ref_4,Kaufmann,1956.0,The martensitic transformation in the iron nickel system,Jom,,,,,,
10.3390/ma16041549,,ref_5,,,,,"Leslie, W.C. (1981). The Physical Metallurgy of Steels, Hemisphere Publishing Corporation.",,,,,
10.3390/ma16041549,10.31399/asm.tb.spsp2.9781627082655,ref_6,,,,,"Krauss, G. (2016). Steels-Processing, Structure and Performance, ASM International. Second Printing.",,,,,
10.3390/ma16041549,10.1533/9780857096104,ref_7,,,,,"Pereloma, E., and Edmonds, D.V. (2012). Phase Transformations in Steels, Woodhead Publishing.",,,,,
10.3390/ma16041549,10.3390/cryst12020156,ref_8,,,,,"Thome, P., Schneider, M., Yardley, V.A., Payton, E.J., and Eggeler, G. (2022). Crystallographic analysis of plate and lath martensite in Fe-Ni alloys. Crystals, 12.",,,,,
10.3390/ma16041549,10.1016/B978-008044019-4/50005-2,ref_9,,,,,"Christian, J.E. (2002). The Theory of Transformations in Metals and Alloys, Pergamon. Parts 1 and 2.",,,,,
10.3390/ma16041549,10.1007/BF02814873,ref_10,Kraus,1971.0,The morphology of martensite in iron alloys,Met. Trans.,,,,,,
10.3390/ma16041549,10.1533/9780857096104,ref_11,,,,,"Pereloma, E., and Edmonds, D.V. (2012). Phase Transformations in Steels: Diffusionless Transformations, Woodhead Publishing.",,,,,
10.3390/ma16041549,,ref_12,Kelly,1961.0,The morphology of martensite,J. Iron Steel Inst.,,,,,,
10.3390/ma16041549,,ref_13,Speich,1965.0,Yield strength and transformation substructure of quenched iron nickel alloys,J. Iron Steel Inst.,,,,,,
10.3390/ma16041549,,ref_14,,,,,"Owen, W.S., Wilson, E.A., and Bell, T. (1965). High Strength Materials, John Wiley and Sons.",,,,,
10.3390/ma16041549,10.1016/j.actamat.2006.07.009,ref_15,Morito,2006.0,The morphology and crystallography of lath martensite in alloyed steels,Acta Mater.,,,,,,
10.3390/ma16041549,10.1016/0001-6160(66)90094-0,ref_16,Patterson,1966.0,Crystallography and growth of partially-twinned martensite plates in Fe-Ni alloys,Acta Met.,,,,,,
10.3390/ma16041549,10.1016/j.matchar.2004.12.015,ref_17,Kitahara,2005.0,Crystallographic analysis of plate martensite in Fe-28.5 at.% Ni by FE-SEM/EBSD,Mater. Charact.,,,,,,
10.3390/ma16041549,10.4028/www.scientific.net/MSF.512.117,ref_18,Kitahara,2006.0,Variant selection of plate martensite in Fe-28.5 at.% Ni alloy,MSF,,,,,,
10.3390/ma16041549,10.1149/1.2428700,ref_19,,,,,"Hansen, M., and Anderko, K. (1958). Constitution of Binary Alloys, McGraw-Hill Book Company.",,,,,
10.3390/ma16041549,10.1007/BF02649918,ref_20,Swartzendruber,1991.0,The iron-nickel system,J. Phase Equilibria,,,,,,
10.3390/ma16041549,10.1016/0921-5093(90)90310-Y,ref_21,Owen,1990.0,The influence of lattice softening of the parent phase on the martensitic transformation in Fe-Ni and Fe-Pt alloys,Mat. Sci. Eng. A,,,,,,
10.3390/ma16041549,,ref_22,Wang,1987.0,The mixed morphology of martensites in a Fe-Ni alloy and their defect characteristics,Z. Metallkde.,,,,,,
10.3390/ma16041549,,ref_23,Jones,1949.0,Free-energy and metastable states in iron-nickel and iron-manganese systems,J. Iron Steel Inst.,,,,,,
10.3390/ma16041549,10.1016/0001-6160(62)90185-2,ref_24,Gilbert,1962.0,"Diffusionless transformations in iron-nickel, iron-chromium and iron silicon alloys",Acta Metall.,,,,,,
10.3390/ma16041549,,ref_25,Crangle,1963.0,The magnetization of face-centred cubic and body-centred cubic iron nickel alloys,Proc. Royal Soc. A,,,,,,
10.3390/ma16041549,10.1002/pssb.19680260239,ref_26,Bolling,1968.0,A study of Curie temperatures and the effect of carbon in face-centred cubic iron-nickel alloys,Phys. Stat. Sol.,,,,,,
10.3390/ma16041549,,ref_27,Acet,1995.0,Magnetic aspects of martensitic transformations,J. Phys. IV,,,,,,
10.3390/ma16041549,10.1016/j.actamat.2010.09.055,ref_28,Xiong,2011.0,Magnetic phase diagram of the Fe-Ni system,Acta Mater.,,,,,,
10.3390/ma16041549,,ref_29,Osmond,1895.0,Méthode générale pour l’analyse micrographique des aciers au carbone,Bull. Société D’encouragement L’indutrie Natl.,,,,,,
10.3390/ma16041549,,ref_30,Martens,1887.0,"Über das Kleingefüge des schmiedbaren Eisens, besonders des Stahles",Stahl Eisen,,,,,,
10.3390/ma16041549,,ref_31,Bain,1924.0,The nature of martensite,Trans. Amer. Inst. Min. Met. Eng.,,,,,,
10.3390/ma16041549,10.1007/BF01397346,ref_32,Kurdjumow,1930.0,Über den Mechanismus der Stahlhärtung,Z. Physik,,,,,,
10.3390/ma16041549,,ref_33,Nishiyama,1934.0,X-ray investigation of the mechanism of the transformation from face-centred cubic lattice to body-centred cubic,Science Reports of the Tohoku Imperial University,,,,,,
10.3390/ma16041549,,ref_34,,,,,"Wassermann, G. (1935). Über den Mechanismus der α/γ—Umwandlung des Eisens, Verlag Stahleisen. Mitteilungen aus dem Kaiser-Wilhelm-Institut für Eisenforschung zu Düsseldorf.",,,,,
10.3390/ma16041549,,ref_35,Wechsler,1953.0,On the theory of the formation of martensite,Trans. AIME,,,,,,
10.3390/ma16041549,10.1016/0001-6160(56)90066-9,ref_36,Knapp,1956.0,Mechanik und Kinetik der diffusionslosen Martensitbildung,Acta Metall.,,,,,,
10.3390/ma16041549,,ref_37,,,,,"Wayman, C.M. (1964). Introduction to the Crystallography of Martensitic Transformations, Macmillan Series of Materials Science.",,,,,
10.3390/ma16041549,,ref_38,,,,,"Nishiyama, Z. (1978). Martensitic Transformation, Academic Press.",,,,,
10.3390/ma16041549,10.1016/0001-6160(85)90024-0,ref_39,Hornbogen,1985.0,The effect of variables on martensitic transformation temperatures,Acta Metall.,,,,,,
10.3390/ma16041549,,ref_40,,,,,"Olson, G.B., and Owen, W.S. (1992). Martensite—A Tribute to Morris Cohen, ASM International.",,,,,
10.3390/ma16041549,,ref_41,Stevens,1996.0,Metallography of transformation cycles in solids,Advances and Applications in Metallography,,,,,,
10.3390/ma16041549,,ref_42,Cahn,1996.0,Nondiffusive phase transformations,Physical Metallurgy,,,,,,
10.3390/ma16041549,,ref_43,,,,,"Inoue, H., Mukherjee, K., Otsuka, K., and Chen, H. (1997). Displacive Phase Transformations and Their Applications in Materials Engineering—In Honour of Prof. C. M. Wayman on the Occasion of his Retirement, The Minerals, Metals & Materials Society (TMS).",,,,,
10.3390/ma16041549,10.1016/S0921-5093(99)00286-5,ref_44,Olson,1999.0,New directions in martensite theory,Mat. Sci. Eng. A,,,,,,
10.3390/ma16041549,10.1093/oso/9780198509349.001.0001,ref_45,,,,,"Bhattacharya, K. (2003). Microstructure of Martensite, Oxford Materials.",,,,,
10.3390/ma16041549,10.1002/0471749311,ref_46,,,,,"Balluffi, R.W., Allen, S.M., Craig, W., and Carter, W.C. (2005). Kinetics of Materials, Wiley Interscience.",,,,,
10.3390/ma16041549,10.1201/9781439883570,ref_47,,,,,"Porter, D.A., Easterling, K.E., and Sherif, M.Y. (2009). Phase Transformations in Metals and Alloys, CRC Press. [3rd ed.].",,,,,
10.3390/ma16041549,10.2139/ssrn.4110809,ref_48,,,,,"Galindo-Nava, E. (2022). On a Mathematical Theory for the Crystallography of Shear Transformations in Metals: Unification of Mechanism, SSRN.",,,,,
10.3390/ma16041549,10.3390/cryst10030232,ref_49,,,,,"Sun, C., Fu, P., Liu, H., Liu, H., Du, N., and Cao, Y. (2020). The Effect of Lath Martensite Microstructures on the Strength of Medium-Carbon Low-Alloy Steel. Crystals, 10.",,,,,
10.3390/ma16041549,10.2355/isijinternational.ISIJINT-2022-036,ref_50,Kawata,2022.0,Strengthening via Grain Refinement in Lath Martensite on Low Carbon Fe–18Ni Alloys,ISIJ Int.,,,,,,
10.3390/ma16041549,,ref_51,,,,,"Hiroyuki, K., Honda, Y., and Takeda, K. (2019). 148th Annual Meeting & Exhibition Supplemental Proceedings, Springer International Publishing.",,,,,
10.3390/ma16041549,10.3390/met12111884,ref_52,,,,,"Subedi, U., Poudel, S., Gyanwali, K., Coutinho, Y., Matula, G., and Kunwar, A. (2022). State-of-the-Art Review on the Aspects of Martensitic Alloys Studied via Machine Learning. Metals, 12.",,,,,
10.3390/ma16041549,10.1007/s11661-019-05170-8,ref_53,Rahaman,2019.0,Machine Learning to Predict the Martensite Start Temperature in Steels,Metall. Mater. Trans. A,,,,,,
10.3390/ma16041549,10.3390/ma16030932,ref_54,,,,,"Yang, Z., Li, Y., Wei, Y., Wang, X., and Wang, C. (2023). Martensite Start Temperature Prediction through a Deep Learning Strategy Using Both Microstructure Images and Composition Data. Materials, 16.",,,,,
10.3390/ma16041549,10.1557/jmr.2015.175,ref_55,Loewy,2015.0,Modulated martensite formation behaviour in Fe-Ni-based alloys: Athermal and thermally activated mechanisms,J. Mater. Res.,,,,,,
10.3390/ma16041549,10.1016/j.actamat.2013.11.052,ref_56,Loewy,2014.0,Unusual martensite-formation kinetics in steels: Observation of discontinuous transformation rates,Acta Mater.,,,,,,
10.3390/ma16041549,10.1179/1743284714Y.0000000572,ref_57,Yardley,2014.0,Austenite-martensite/bainite orientation relationship: Characterization parameters and their application,Mat. Sci. Techn.,,,,,,
10.3390/ma16041549,10.1016/j.actamat.2010.02.019,ref_58,Frenzel,2010.0,Influence of Ni on martensitic phase transformations in NiTi shape memory alloys,Acta Mater.,,,,,,
10.3390/ma16041549,10.1016/j.actamat.2013.02.054,ref_59,Rahim,2013.0,Impurity levels and fatigue lives of pseudoelastic NiTi shape memory alloys,Acta Mater.,,,,,,
10.3390/ma16041549,10.1007/978-3-642-58332-2,ref_60,,,,,"Benker, H. (2000). Mathematik mit MATLAB, Springer Verlag.",,,,,
10.3390/ma16041549,10.1107/S0021889808030112,ref_61,Hielscher,2008.0,A novel pole figure inversion method: Specification of the MTEX algorithm,J. Appl. Cryst.,,,,,,
10.3390/ma16041549,10.4028/www.scientific.net/SSP.160.63,ref_62,Bachmann,2010.0,Texture analysis with MTEX—Free and open-source software toolbox,Solid State Phenom.,,,,,,
10.3390/ma16041549,10.1016/j.actamat.2006.10.006,ref_63,Frenzel,2007.0,Influence of carbon on martensitic phase transformations in NiTi shape memory alloys,Acta Mater.,,,,,,
10.3390/ma16041549,10.1515/ijmr-1940-320606,ref_64,Scheil,1940.0,Untersuchung des zeitlichen Ablaufs von Umklappvorgängen in Metallen,International Journal of Materials Research,,,,,,
10.3390/ma16041549,10.1002/srin.195301444,ref_65,Scheil,1953.0,Über die Irreversibilität der Eisen-Nickel Legierungen,Arch. Eisenhüttenwesen,,,,,,
10.3390/ma16041549,,ref_66,,,,,"Petty, E.R. (1970). Martensite—Fundamentals and Technology, Longman Group Ltd.",,,,,
10.3390/ma16041549,,ref_67,Greninger,1949.0,The mechanism of martensitic transformation,J. Met. Trans.,,,,,,
10.3390/ma16041549,10.1007/BF03398922,ref_68,Fisher,1949.0,Kinetics of the austenite → martensite transformation,JOM,,,,,,
10.3390/ma16041549,,ref_69,,,,,"Olson, G.B., and Owen, W.S. (1992). Martensite—A Tribute to Morris Cohen, ASM International.",,,,,
10.3390/ma16041549,,ref_70,,,,,"Petty, E.R. (1970). Martensite—Fundamentals and Technology, Longman Group Ltd.",,,,,
10.3390/ma16041549,10.1016/0502-8205(58)90005-4,ref_71,Kaufmann,1958.0,Thermodynamics and kinetics of martensitic transformations,Prog. Met. Phys.,,,,,,
10.3390/ma16041549,10.1007/BF02654989,ref_72,Olson,1976.0,A General Mechanism of Martensitic Nucleation: Part 3. Kinetics of Martensitic Nucleation,Metall. Mater. Trans. A,,,,,,
10.3390/ma16041549,,ref_73,,,,,"Olson, G.B., and Owen, W.S. (1992). Martensite—A Tribute to Morris Cohen, ASM International.",,,,,
10.3390/ma16041549,10.1016/0001-6160(81)90052-3,ref_74,Wakasa,1981.0,The morphology and crystallography of ferrous lath martensite,Acta Metall.,,,,,,
10.3390/ma16041549,10.1007/BF02672301,ref_75,Olson,1975.0,Kinetics of strain induced martensitic nucleation,Met. Trans.,,,,,,
10.3390/ma16041549,10.1146/annurev.ms.11.080181.000245,ref_76,Olson,1981.0,A perspective on martensitic nucleation,Ann. Rev. Mater. Sci.,,,,,,
10.3390/ma16041549,10.1007/BF02817268,ref_77,Kajiwara,1986.0,Roles of Dislocations and Grain Boundaries in Martensite Nucleation,Metall. Mater. Trans. A,,,,,,
10.3390/ma16041549,10.1016/0921-5093(90)90309-Q,ref_78,Clapp,1990.0,The Critical Role of Defects in First-order Displacive Transformations,Mater. Sci. Eng. A.,,,,,,
10.3390/ma16041549,,ref_79,,,,,"Olson, G.B., and Owen, W.S. (1992). Martensite—A Tribute to Morris Cohen, ASM International.",,,,,
10.3390/ma16041549,,ref_80,,,,,"Olson, G.B., and Owen, W.S. (1992). Martensite—A Tribute to Morris Cohen, ASM International.",,,,,
10.3390/ma16041549,10.1016/S1359-6454(01)00252-X,ref_81,Ueda,2001.0,Effect of grain boundary character on the martensitic transformation in Fe-32at.% Ni bicrystals,Acta Mater.,,,,,,
10.3390/ma16041549,10.1016/0956-7151(91)90270-B,ref_82,Eggeler,1991.0,Microstructural parameters for creep damage quantification,Acta Metal. Mater.,,,,,,
10.3390/ma16041549,10.1016/j.actamat.2013.10.002,ref_83,Heyer,2014.0,Micro shear deformation of gold single crystals,Acta Mater.,,,,,,
10.3390/ma16041549,10.1007/BF02814875,ref_84,Thomas,1971.0,Electron microscopy investigations of ferrous martensites,Met. Trans.,,,,,,
10.3390/ma16041549,,ref_85,Schuhmann,1989.0,Hundred years of research on martensite,Prakt. Met.,,,,,,
10.3390/ma16041549,10.1007/BF02656393,ref_86,Maki,1976.0,Substructure of ausformed austenite in Fe-Ni and Fe-Ni-C alloys,Metall. Trans.,,,,,,
10.3390/ma16041549,10.1016/j.scriptamat.2010.01.022,ref_87,Lee,2010.0,Substructures of martensite in Fe-1C-17Cr stainless steel,Scripta Mater.,,,,,,
10.3390/ma16041549,10.1016/0026-0800(82)90021-0,ref_88,Unemoto,1982.0,Some characteristics of the substructure of lenticular martensite in Fe-Ni-C alloys,Metallography,,,,,,
10.3390/ma16041549,,ref_89,Hornbogen,1984.0,On the martensite start temperature Ms,Z. Metallkde.,,,,,,
10.3390/ma16041549,,ref_90,,,,,"Otsuka, K., and Wayman, C.M. (1999). Shape Memory Materials, Cambridge University Press.",,,,,
10.3390/ma16041549,10.1016/0375-9601(75)90130-9,ref_91,Shender,1975.0,The Curie temperature of dilute ferromagnetic alloys near the percolation threshold,Phys. Lett.,,,,,,
10.3390/ma16041549,10.1088/0305-4470/16/4/016,ref_92,Gaunt,1983.0,Series study of random percolation in three dimensions,J. Phys. A Math. Gen.,,,,,,
10.3390/ma16041549,10.1007/s11467-013-0403-z,ref_93,Xu,2014.0,Simultaneous analysis of three-dimensional percolation models,Front. Phys.,,,,,,
10.3390/ma16041549,10.1103/PhysRev.133.A310,ref_94,Sykes,1964.0,Critical percolation probabilities by series method,Phys. Rev. A,,,,,,
10.3390/ma16041549,10.1088/0370-1328/83/3/118,ref_95,Dalton,1964.0,Dependence of critical concentration of a dilute ferromagnet on the range of interaction,Proc. Phys. Soc.,,,,,,
